Gender;Age at enrollment;Scholarship holder;Admission grade;Debtor;Curricular units 1st sem (enrolled);Curricular units 1st sem (approved);Curricular units 1st sem (grade);Curricular units 2nd sem (enrolled);Curricular units 2nd sem (approved);Curricular units 2nd sem (grade)
1;20;0;127.3;0;0;0;0.0;0;0;0.0
1;19;0;142.5;0;6;6;14.0;6;6;13.666.666.666.666.600
1;19;0;124.8;0;6;0;0.0;6;0;0.0
0;20;0;119.6;0;6;6;13.428.571.428.571.400;6;5;12.4
0;45;0;141.5;0;6;5;12.333.333.333.333.300;6;6;13.0
1;50;0;114.8;1;5;5;11.857.142.857.142.800;5;5;11.5
0;18;1;128.4;0;7;7;13.3;8;8;14.345
1;22;0;113.1;0;5;0;0.0;5;0;0.0
0;21;1;129.3;0;6;6;13.875;6;6;14.142.857.142.857.100
0;18;0;123.0;1;6;5;11.4;6;2;13.5
0;18;0;130.6;0;6;6;12.333.333.333.333.300;6;5;14.2
0;18;1;119.3;0;8;7;13.214.285.714.285.700;8;7;13.214.285.714.285.700
0;19;0;130.2;0;6;0;0.0;6;0;0.0
0;21;1;111.8;0;6;6;10.571.428.571.428.500;6;5;11.0
0;18;1;137.1;0;5;4;13.25;5;5;12.0
0;20;0;120.7;0;6;5;13.2;6;0;0.0
0;18;0;137.4;0;6;1;12.0;6;2;11.0
0;18;0;127.3;0;7;7;1.330.625;8;8;14.545
0;20;0;136.3;0;5;4;12.5;5;4;12.25
0;18;0;124.6;0;7;6;11.666.666.666.666.600;7;6;13.5
0;21;1;120.3;0;0;0;0.0;0;0;0.0
0;20;0;121.8;0;7;7;114.375;8;8;11.425
0;18;0;125.5;0;8;7;12.857.142.857.142.800;8;7;12.857.142.857.142.800
0;19;1;114.9;0;6;6;13.375;6;6;12.285.714.285.714.200
0;19;0;123.9;0;7;6;13.296.666.666.666.600;8;7;14.114.285.714.285.700
0;18;1;157.0;1;6;5;11.6;6;4;11.0
0;21;0;116.4;0;6;6;11.375;6;6;13.285.714.285.714.200
0;18;0;131.0;0;5;5;12.666.666.666.666.600;5;4;13.0
0;20;0;122.1;0;5;5;12.0;5;5;12.333.333.333.333.300
1;19;0;118.8;0;7;6;12.933.333.333.333.300;7;6;13.716.666.666.666.600
1;21;0;150.0;0;6;5;11.857.142.857.142.800;6;5;10.571.428.571.428.500
1;20;0;130.0;0;6;6;12.833.333.333.333.300;6;4;13.4
1;18;0;138.8;0;5;3;11.333.333.333.333.300;5;2;13.5
0;19;0;134.5;0;6;6;12.666.666.666.666.600;6;6;14.375
1;34;0;131.4;0;5;5;12.4;5;5;13.428.571.428.571.400
1;37;0;102.5;1;7;0;0.0;7;1;10.0
1;43;0;128.8;0;5;0;0.0;5;0;0.0
0;55;0;122.9;0;5;1;10.0;5;2;12.0
0;39;0;113.9;0;5;5;11.0;5;5;11.6
0;20;0;120.0;1;6;3;11.666.666.666.666.600;6;3;12.0
0;18;0;121.1;1;6;4;12.75;5;0;0.0
0;22;0;120.4;0;5;5;14.8;5;5;15.8
0;22;0;100.6;0;7;5;13.928;8;7;14.342.857.142.857.100
0;20;0;121.4;0;6;4;13.0;6;5;13.8
0;29;0;109.7;0;5;0;0.0;5;0;0.0
0;24;0;134.1;0;5;2;11.5;5;3;14.333.333.333.333.300
0;18;0;127.6;0;6;6;11.666.666.666.666.600;6;5;13.2
0;22;1;132.4;0;7;6;13.516.666.666.666.600;8;7;13.771.428.571.428.500
0;21;1;133.4;0;6;6;11.5;6;6;13.285.714.285.714.200
0;19;1;126.1;0;6;5;12.333.333.333.333.300;6;6;12.833.333.333.333.300
0;24;1;113.5;0;6;6;13.666.666.666.666.600;6;6;14.166.666.666.666.600
0;19;1;121.3;0;8;6;11.833.333.333.333.300;8;6;11.833.333.333.333.300
0;20;1;121.8;0;6;4;14.0;6;3;11.0
0;19;0;159.3;0;5;5;14.714.285.714.285.700;5;5;15.8
0;27;0;120.0;0;5;5;10.6;5;5;11.0
0;18;0;129.1;0;7;7;13.044.444.444.444.400;8;8;13.595
0;39;0;130.0;0;6;0;0.0;6;0;0.0
0;27;0;155.3;0;6;5;13.0;11;10;12.9
0;18;0;139.8;0;8;8;14.935;8;8;14.935
0;18;0;115.2;0;0;0;0.0;0;0;0.0
0;18;0;114.9;0;7;6;13.133.333.333.333.300;8;7;12.221.428.571.428.500
0;21;1;131.9;0;6;6;12.0;6;6;12.0
1;19;1;126.0;0;0;0;0.0;0;0;0.0
1;19;0;130.2;0;6;5;11.4;6;1;10.0
1;24;0;120.9;0;6;0;0.0;6;0;0.0
1;29;0;126.0;0;7;5;11.9;8;5;11.0
1;19;1;128.2;0;0;0;0.0;0;0;0.0
1;23;0;130.0;0;6;6;12.571.428.571.428.500;6;6;12.428.571.428.571.400
1;19;0;120.1;1;5;5;11.2;5;4;10.75
1;26;0;100.0;0;6;6;12.0;6;5;10.8
1;18;0;134.0;0;5;0;0.0;5;0;0.0
1;24;0;130.8;0;7;7;11.975;8;8;13.75
1;19;0;135.8;0;0;0;0.0;0;0;0.0
1;18;0;111.7;0;6;3;11.666.666.666.666.600;6;1;12.0
1;18;0;132.9;0;6;6;12.333.333.333.333.300;6;3;12.333.333.333.333.300
1;18;0;115.5;1;5;3;10.333.333.333.333.300;5;3;10.857.142.857.142.800
1;21;1;106.0;0;6;4;10.5;6;1;11.0
1;19;1;120.3;1;6;6;13.666.666.666.666.600;6;6;13.333.333.333.333.300
1;22;1;130.8;0;7;7;14.842.857.142.857.100;8;8;15.055.555.555.555.500
1;33;0;117.0;0;6;6;12.0;6;6;11.666.666.666.666.600
1;20;0;110.2;0;6;5;12.2;6;5;12.2
1;35;0;155.7;0;1;0;0.0;5;0;0.0
1;24;0;180.4;1;12;6;12.166.666.666.666.600;12;10;13.3
1;18;0;125.5;0;5;5;12.0;5;3;11.333.333.333.333.300
0;33;0;110.0;0;6;6;11.0;6;5;11.0
0;22;1;161.0;0;8;7;13.08;8;7;13.08
0;25;1;100.0;0;5;4;10.5;5;5;11.6
1;20;0;117.6;0;6;6;10.666.666.666.666.600;6;5;11.2
1;23;0;128.7;0;5;4;14.0;5;5;13.8
1;18;0;112.2;1;5;2;10.0;5;0;0.0
1;24;0;100.8;0;7;0;0.0;7;0;0.0
0;21;0;105.0;0;6;6;14.0;6;6;13.5
0;26;0;100.0;0;6;2;12.0;6;0;0.0
0;39;0;115.5;0;6;3;12.666.666.666.666.600;6;0;0.0
0;44;0;114.0;0;8;8;11.875;6;6;12.333.333.333.333.300
1;19;0;137.0;0;5;5;14.0;5;3;13.25
0;18;0;124.9;0;6;6;13.666.666.666.666.600;6;6;13.333.333.333.333.300
0;18;1;120.3;0;7;7;13.75;8;8;1.447.777.777.777.770
0;19;0;134.3;0;5;5;14.2;5;5;13.8
0;19;0;111.5;1;7;4;11.96;7;0;0.0
0;21;0;128.8;0;10;8;12.875;9;5;13.4
0;20;0;110.0;0;0;0;0.0;0;0;0.0
0;36;0;113.5;0;6;0;0.0;6;0;0.0
0;43;0;160.0;0;18;18;1.463.157.894.736.840;13;13;1.423.076.923.076.920
0;19;0;117.4;0;6;0;0.0;6;0;0.0
0;20;0;122.2;1;10;10;13.0;11;11;12.272.727.272.727.200
0;19;0;118.2;0;6;0;0.0;6;0;0.0
0;20;0;106.7;0;6;4;14.2;6;4;13.25
0;20;0;108.2;0;7;6;13.266.666.666.666.600;7;5;12.3
0;20;0;107.0;0;7;6;11.666.666.666.666.600;7;3;13.0
0;18;0;136.1;0;6;6;13.857.142.857.142.800;6;6;15.0
0;18;1;115.3;0;5;3;13.0;5;3;11.0
0;19;0;139.8;0;5;5;13.4;5;5;12.8
0;18;0;157.0;0;6;6;12.666.666.666.666.600;6;6;12.571.428.571.428.500
0;18;0;131.0;0;7;6;12.516.666.666.666.600;7;6;12.516.666.666.666.600
0;20;0;100.0;0;7;6;11.616.666.666.666.600;7;7;13.0
0;20;1;140.4;0;6;2;10.0;6;4;10.75
0;20;0;113.4;0;5;3;10.333.333.333.333.300;5;3;10.666.666.666.666.600
0;18;0;137.0;0;5;5;13.142.857.142.857.100;5;5;11.4
0;18;0;121.8;0;5;5;12.6;5;5;14.0
0;21;0;131.0;0;6;3;11.0;6;2;11.0
0;19;0;118.6;0;5;5;10.8;5;4;11.25
0;19;0;122.3;0;0;0;0.0;0;0;0.0
0;19;1;127.9;0;5;5;12.8;5;5;14.2
0;19;0;121.3;0;6;6;14.166.666.666.666.600;6;6;12.2
0;19;0;117.1;0;7;5;12.1;7;0;0.0
0;20;0;160.0;0;6;6;14.166.666.666.666.600;6;5;1.377.777.777.777.770
0;18;1;145.3;0;6;5;12.8;6;5;13.4
0;18;0;122.6;0;6;6;13.0;6;6;13.666.666.666.666.600
0;19;0;128.0;0;7;7;13.467.142.857.142.800;8;8;15.011.111.111.111.100
0;18;1;124.9;0;7;7;132.375;8;7;13.742.857.142.857.100
0;18;0;123.7;0;6;6;12.333.333.333.333.300;6;6;13.0
0;19;0;120.1;0;5;5;12.4;5;5;14.6
0;19;0;131.7;0;7;5;14.0;7;0;0.0
0;20;0;133.2;0;9;9;11.666.666.666.666.600;7;7;11.714.285.714.285.700
0;19;1;109.3;1;6;5;12.0;6;4;12.5
0;20;0;113.0;0;5;4;12.2;5;4;11.5
0;18;1;157.9;1;6;6;14.833.333.333.333.300;6;6;14.833.333.333.333.300
0;20;1;112.1;0;7;5;13.188;8;7;12.892.857.142.857.100
0;18;0;174.7;0;7;7;17.125;8;8;175.875
0;19;0;128.8;0;7;6;12.666.666.666.666.600;7;6;12.666.666.666.666.600
0;19;1;110.1;0;6;6;12.666.666.666.666.600;6;5;12.0
0;22;0;99.7;1;5;0;0.0;5;0;0.0
0;19;1;121.0;0;6;6;11.333.333.333.333.300;6;6;11.5
0;19;1;131.7;0;7;7;13.605;8;8;1.233.125
0;19;1;119.1;0;6;5;12.0;6;5;10.8
0;19;0;124.7;0;5;0;0.0;5;0;0.0
0;20;0;117.2;0;6;5;11.2;6;3;11.666.666.666.666.600
0;18;0;128.8;0;5;5;13.375;5;5;14.166.666.666.666.600
0;20;1;131.5;0;7;6;13.863.333.333.333.300;8;7;14.178.571.428.571.400
0;18;0;121.7;0;0;0;0.0;0;0;0.0
0;19;0;123.4;0;5;5;12.4;5;5;13.4
0;18;0;124.7;0;6;3;12.333.333.333.333.300;6;5;10.833.333.333.333.300
0;18;0;132.8;0;6;6;13.333.333.333.333.300;6;5;11.8
0;21;0;108.7;0;6;3;12.666.666.666.666.600;6;3;10.0
0;19;0;138.1;0;6;6;12.0;6;4;11.5
0;18;1;126.5;0;5;5;10.6;5;5;11.8
0;18;1;127.4;0;6;6;12.25;6;6;11.857.142.857.142.800
0;20;0;123.6;0;6;4;11.0;6;6;11.833.333.333.333.300
0;24;1;122.0;0;6;5;11.0;6;5;12.6
0;19;0;118.2;0;6;6;13.166.666.666.666.600;6;6;13.0
0;18;1;123.9;0;7;7;12.855.555.555.555.500;8;7;12.761.111.111.111.100
0;18;0;125.8;0;7;7;1.491.875;8;8;15.355
0;21;0;123.3;0;6;4;11.5;6;3;11.0
0;19;0;124.4;0;5;5;14.2;5;5;14.2
0;19;1;126.0;0;6;6;12.5;6;6;13.0
0;47;0;170.0;1;1;0;0.0;6;0;0.0
0;19;0;121.5;0;6;5;11.666.666.666.666.600;6;4;11.0
0;29;0;130.0;0;8;7;14.257.142.857.142.800;8;7;14.257.142.857.142.800
0;21;0;117.0;0;6;3;12.0;6;2;11.333.333.333.333.300
0;28;0;130.0;0;5;4;11.25;5;4;10.5
0;20;0;108.0;0;7;7;12.457.142.857.142.800;8;8;135.625
0;19;0;132.3;0;7;6;11.683.333.333.333.300;7;6;11.683.333.333.333.300
0;26;0;148.0;0;6;3;11.666.666.666.666.600;6;5;12.0
0;20;0;122.6;1;6;4;11.75;6;6;13.166.666.666.666.600
0;18;1;123.0;0;5;3;11.666.666.666.666.600;5;4;13.5
0;27;0;102.5;0;6;5;13.2;6;5;12.0
0;20;0;113.3;0;7;4;11.95;7;4;11.95
0;18;0;133.0;0;6;5;12.4;6;5;10.4
0;33;0;140.0;0;7;6;14.35;8;6;14.583.333.333.333.300
0;35;0;128.3;0;21;21;1.261.904.761.904.760;19;19;12.789.473.684.210.500
0;26;1;140.0;0;6;6;12.666.666.666.666.600;6;6;13.166.666.666.666.600
0;27;0;104.0;1;6;5;12.0;6;0;0.0
0;19;0;122.3;0;6;6;12.166.666.666.666.600;6;0;0.0
0;20;0;135.0;0;6;0;0.0;6;0;0.0
0;20;0;119.1;1;5;3;10.0;5;3;10.571.428.571.428.500
0;21;0;126.6;1;10;8;11.5;6;4;10.0
0;18;1;129.0;0;7;6;13.05;7;6;13.05
0;24;0;162.3;0;6;2;11.0;6;0;0.0
0;20;0;163.4;0;6;6;11.5;6;6;12.0
0;21;1;121.5;0;6;6;12.0;6;6;12.5
0;23;0;122.8;0;6;2;10.0;5;1;10.0
0;24;0;118.0;0;5;0;0.0;5;0;0.0
0;21;0;134.0;0;6;0;0.0;6;0;0.0
0;18;0;129.8;0;8;7;12.242.857.142.857.100;8;7;12.242.857.142.857.100
0;27;0;152.0;0;5;0;0.0;5;0;0.0
0;18;0;122.8;0;8;8;1.293.375;8;8;1.293.375
0;35;0;150.0;0;5;0;0.0;5;0;0.0
0;18;0;131.8;0;7;7;12.571.428.571.428.500;7;7;14.428.571.428.571.400
0;35;0;105.9;0;3;3;11.816.666.666.666.600;3;3;11.333.333.333.333.300
0;19;0;132.1;0;5;4;13.75;5;4;14.333.333.333.333.300
0;20;0;127.4;0;6;6;11.166.666.666.666.600;6;6;11.333.333.333.333.300
0;18;0;129.5;0;8;7;12.324.285.714.285.700;8;7;12.324.285.714.285.700
0;21;0;126.7;1;6;6;12.166.666.666.666.600;6;6;11.714.285.714.285.700
0;18;1;116.5;0;6;5;11.142.857.142.857.100;6;4;11.25
0;18;0;119.1;0;6;4;11.0;6;4;10.75
0;18;0;126.5;0;8;7;12.914.285.714.285.700;8;7;12.914.285.714.285.700
0;18;1;149.8;0;6;6;13.833.333.333.333.300;6;6;14.166.666.666.666.600
0;19;0;115.1;0;6;6;13.857.142.857.142.800;6;5;13.4
0;36;1;124.5;0;6;6;13.714.285.714.285.700;6;5;12.8
0;18;1;128.3;0;8;7;12.642.857.142.857.100;8;7;12.642.857.142.857.100
0;18;1;136.0;0;7;6;12.916.666.666.666.600;7;6;12.916.666.666.666.600
0;20;1;140.0;0;6;6;15.625;6;6;15.857.142.857.142.800
0;26;1;126.3;0;5;0;0.0;5;0;0.0
0;21;0;126.9;0;6;6;11.714.285.714.285.700;6;6;12.0
0;25;0;145.0;0;7;6;12.125;8;8;133.125
0;19;1;115.8;0;5;5;11.6;5;5;11.6
0;24;0;100.0;0;6;1;10.0;6;0;0.0
0;27;1;102.5;0;6;1;10.0;6;0;0.0
0;21;0;131.5;0;5;0;0.0;5;2;13.5
0;18;1;147.0;0;5;4;13.0;5;3;12.333.333.333.333.300
0;19;1;122.5;0;6;6;13.333.333.333.333.300;6;6;14.5
0;18;0;117.5;0;6;4;11.25;6;2;12.5
0;19;1;150.0;0;7;5;13.85;8;7;1.219.285.714.285.710
0;19;1;127.5;0;7;6;13.741.666.666.666.600;8;7;149.125
0;33;0;140.0;0;6;6;15.333.333.333.333.300;5;5;15.8
0;45;0;130.0;0;5;5;11.0;5;5;13.8
0;20;1;133.3;0;6;6;12.0;6;6;12.857.142.857.142.800
0;28;0;97.0;0;5;0;0.0;5;0;0.0
0;19;1;112.0;0;8;7;11.571.428.571.428.500;8;7;11.571.428.571.428.500
0;18;0;123.6;0;6;6;12.857.142.857.142.800;6;3;12.666.666.666.666.600
0;38;0;130.5;0;6;0;0.0;6;0;0.0
0;19;0;133.3;0;5;5;13.0;5;5;13.2
0;21;1;132.1;0;6;5;11.0;6;5;12.0
0;21;0;100.0;0;5;3;12.0;5;1;15.0
0;22;1;140.4;0;6;5;12.6;6;6;13.0
0;18;1;141.7;0;6;5;13.4;6;6;13.166.666.666.666.600
0;18;1;119.7;0;6;6;11.333.333.333.333.300;6;6;11.571.428.571.428.500
0;25;0;122.5;0;5;4;13.5;5;4;14.25
0;24;0;140.0;1;6;3;11.75;6;3;10.333.333.333.333.300
0;19;0;119.4;0;7;6;12.471.428.571.428.500;7;7;114.625
0;24;0;155.0;0;17;11;12.909.090.909.090.900;13;9;13.555.555.555.555.500
0;20;1;119.1;0;5;5;11.6;5;5;13.6
0;25;0;122.7;0;5;0;0.0;5;0;0.0
0;20;1;117.9;0;10;9;12.9;10;10;12.363.636.363.636.300
0;23;0;130.0;0;8;8;13.22;8;8;13.22
0;19;1;120.0;0;8;7;13.151.428.571.428.500;8;7;13.151.428.571.428.500
0;29;0;130.0;1;6;3;12.75;6;3;11.333.333.333.333.300
0;21;0;116.8;0;6;6;11.333.333.333.333.300;6;4;12.25
0;18;1;123.4;0;6;6;13.25;6;5;14.142.857.142.857.100
0;19;0;125.4;0;6;5;12.4;6;5;12.4
0;18;1;127.2;0;6;6;15.0;6;6;12.833.333.333.333.300
0;19;0;103.4;0;5;5;14.4;5;5;13.0
0;18;0;123.2;0;6;1;11.0;6;0;0.0
0;18;0;124.1;0;5;5;12.4;5;5;10.8
0;37;1;99.5;1;7;1;16.0;7;0;0.0
0;29;0;124.9;0;5;5;13.571.428.571.428.500;5;5;12.333.333.333.333.300
0;18;0;110.8;0;6;6;11.833.333.333.333.300;6;6;12.5
0;19;1;118.9;0;6;5;11.666.666.666.666.600;6;5;12.666.666.666.666.600
0;22;0;118.8;1;10;6;11.833.333.333.333.300;7;2;13.0
0;20;1;137.0;0;6;6;11.166.666.666.666.600;6;5;10.6
0;34;0;100.0;0;6;0;0.0;6;0;0.0
0;30;0;120.0;1;12;8;11.75;12;6;12.166.666.666.666.600
0;18;0;122.8;0;6;6;14.0;6;6;14.0
0;18;0;121.6;0;6;6;12.833.333.333.333.300;6;6;12.0
0;18;0;149.2;0;6;4;12.25;6;3;11.666.666.666.666.600
0;18;0;140.0;0;8;7;14.828.571.428.571.400;8;7;14.828.571.428.571.400
0;19;1;133.4;0;6;5;11.4;6;5;12.8
0;19;1;126.2;0;6;6;13.0;6;6;12.5
0;18;1;127.8;0;8;7;13.671.428.571.428.500;8;7;13.671.428.571.428.500
0;21;1;150.0;0;6;6;12.666.666.666.666.600;6;5;12.8
0;20;0;113.7;0;5;2;10.0;5;1;13.0
0;20;0;117.8;0;5;5;13.5;5;5;12.333.333.333.333.300
0;19;0;136.7;0;7;7;12.67;8;8;13.55
0;20;0;144.7;0;6;6;14.5;6;6;15.428.571.428.571.400
0;18;0;139.8;0;7;7;13.685.714.285.714.200;8;8;153.875
0;20;0;113.7;0;6;5;11.0;6;3;10.666.666.666.666.600
0;29;0;140.0;1;9;7;11.555.555.555.555.500;7;5;13.2
0;18;1;142.3;0;7;7;1.379.714.285.714.280;8;8;13.775
0;20;1;119.6;0;7;7;1.400.375;8;7;13.812.857.142.857.100
0;22;1;123.7;0;5;4;12.0;5;4;11.4
0;47;1;143.0;0;6;5;14.166.666.666.666.600;6;6;14.166.666.666.666.600
0;31;0;100.1;0;5;5;14.0;5;5;13.8
0;21;1;119.4;0;6;5;13.8;6;6;12.833.333.333.333.300
0;21;0;122.1;0;6;5;12.8;6;6;11.857.142.857.142.800
0;24;0;100.0;0;6;6;12.166.666.666.666.600;6;6;13.833.333.333.333.300
0;18;0;113.9;0;6;6;12.5;6;6;12.333.333.333.333.300
0;32;0;101.0;0;6;4;12.0;6;4;11.5
0;19;1;111.8;0;6;6;10.833.333.333.333.300;6;6;11.5
0;24;0;140.0;0;8;8;13.385;8;8;13.385
0;19;0;124.4;0;6;6;15.666.666.666.666.600;6;6;14.5
0;19;1;150.0;1;6;6;14.333.333.333.333.300;6;6;13.833.333.333.333.300
0;24;0;140.0;0;6;6;11.428.571.428.571.400;6;5;13.0
0;18;1;116.0;0;6;6;11.666.666.666.666.600;6;6;11.666.666.666.666.600
0;19;1;135.6;0;6;5;12.0;6;2;11.333.333.333.333.300
0;19;1;121.0;0;8;7;14.725.714.285.714.200;8;7;14.725.714.285.714.200
0;18;1;118.7;0;6;6;14.166.666.666.666.600;6;6;13.666.666.666.666.600
0;18;0;125.7;0;6;6;11.571.428.571.428.500;6;6;12.333.333.333.333.300
0;20;0;107.1;0;7;7;12.5;8;8;131.375
0;18;0;125.5;0;8;8;12.86;8;8;12.86
0;18;0;127.0;0;6;6;12.25;6;6;13.714.285.714.285.700
0;21;1;113.5;0;5;4;12.0;5;5;12.2
0;18;1;154.4;0;7;7;15.116.666.666.666.600;8;8;16.168.888.888.888.800
0;18;0;122.0;1;5;2;12.5;5;4;10.25
0;19;0;128.0;0;6;0;0.0;6;0;0.0
0;19;0;115.5;0;6;4;11.0;6;4;11.0
0;18;0;117.2;0;6;6;11.875;6;4;14.6
0;34;0;150.0;0;5;1;11.0;5;0;0.0
0;19;0;155.3;0;5;5;15.2;5;5;13.2
0;19;0;120.0;1;6;5;11.6;6;2;11.0
0;26;0;116.1;1;6;6;14.833.333.333.333.300;6;6;15.142.857.142.857.100
0;21;0;118.9;0;6;3;11.333.333.333.333.300;6;3;11.333.333.333.333.300
0;18;1;127.3;0;5;5;11.2;5;5;11.8
0;20;1;113.7;0;6;5;13.4;6;5;13.666.666.666.666.600
0;25;0;118.5;0;5;2;10.5;5;0;0.0
0;18;0;146.7;0;5;5;16.2;5;5;16.4
0;18;1;124.3;0;7;7;14.542.857.142.857.100;8;8;1.488.181.818.181.810
0;19;0;137.8;0;7;7;13.694.285.714.285.700;8;8;14.355.555.555.555.500
0;18;1;130.2;0;6;6;11.285.714.285.714.200;6;6;11.857.142.857.142.800
0;20;0;147.8;0;7;6;11.757.142.857.142.800;8;6;13.083.333.333.333.300
0;26;0;150.0;1;3;0;0.0;6;0;0.0
0;19;1;100.0;0;8;7;13.058.571.428.571.400;8;7;13.058.571.428.571.400
0;19;0;155.6;0;7;7;14.3;8;8;14.055.555.555.555.500
0;19;0;117.4;0;10;5;11.8;10;8;12.0
0;19;0;128.8;0;5;3;10.333.333.333.333.300;5;3;13.0
0;18;0;117.5;0;6;6;10.571.428.571.428.500;6;3;11.666.666.666.666.600
0;19;0;120.4;0;7;6;13.333.333.333.333.300;7;6;13.333.333.333.333.300
0;18;0;130.9;1;6;6;11.857.142.857.142.800;6;5;11.0
0;18;0;125.0;0;6;5;12.6;6;5;11.4
0;18;0;136.8;0;5;5;14.0;5;5;11.6
0;18;0;121.6;0;7;5;12.0;7;6;12.666.666.666.666.600
0;26;0;151.0;1;5;0;0.0;5;0;0.0
0;20;0;103.5;0;6;6;12.0;6;6;13.0
0;19;0;119.4;0;6;6;12.666.666.666.666.600;6;6;11.666.666.666.666.600
0;18;1;134.4;0;6;6;12.166.666.666.666.600;6;6;13.666.666.666.666.600
0;19;0;143.0;0;6;6;13.333.333.333.333.300;6;6;14.666.666.666.666.600
0;40;0;110.0;1;7;7;15.0;7;7;14.571.428.571.428.500
0;18;1;132.5;0;8;8;1.339.125;8;8;1.339.125
0;19;0;114.7;0;6;5;12.166.666.666.666.600;6;6;12.428.571.428.571.400
0;18;0;166.9;0;5;4;11.25;5;4;12.5
0;19;0;125.9;0;5;4;12.0;5;3;12.0
0;18;0;178.3;0;0;0;0.0;0;0;0.0
0;33;0;117.0;0;6;6;12.833.333.333.333.300;6;6;12.857.142.857.142.800
0;35;0;150.0;0;6;6;14.0;6;6;13.1
0;26;0;130.0;0;5;4;13.0;5;2;12.0
0;18;0;135.1;0;6;6;13.5;6;6;12.5
0;36;0;110.0;0;16;13;10.692.307.692.307.600;13;9;12.307.692.307.692.300
0;39;0;136.2;0;5;5;11.0;5;5;11.666.666.666.666.600
0;44;0;116.0;0;6;6;13.0;6;6;13.833.333.333.333.300
0;20;0;100.0;0;6;5;12.0;6;4;11.25
0;24;0;116.3;0;6;4;12.6;6;4;11.5
0;20;1;134.0;0;6;6;13.666.666.666.666.600;6;6;13.333.333.333.333.300
0;19;0;124.2;0;0;0;0.0;0;0;0.0
0;18;1;134.5;1;7;6;14.2;7;6;14.2
0;22;0;120.7;1;6;5;11.0;6;0;0.0
0;18;0;127.1;0;6;6;15.0;6;6;16.428.571.428.571.400
0;24;0;133.0;0;7;6;12.585.714.285.714.200;8;7;1.344.285.714.285.710
0;33;0;128.2;0;5;0;0.0;5;0;0.0
0;30;1;130.0;1;6;0;0.0;6;0;0.0
0;26;0;172.0;0;6;0;0.0;6;0;0.0
0;18;0;128.5;0;6;6;11.666.666.666.666.600;6;6;11.833.333.333.333.300
0;19;0;128.5;1;6;3;12.666.666.666.666.600;6;2;10.0
0;20;0;112.0;0;5;3;10.333.333.333.333.300;5;4;11.0
0;22;1;142.5;0;11;8;13.5;9;7;13.714.285.714.285.700
0;19;0;133.0;0;7;5;13.98;7;5;13.98
0;21;1;106.0;0;6;6;16.153.846.153.846.100;6;6;15.75
0;21;1;125.5;0;7;6;14.033.333.333.333.300;7;6;14.033.333.333.333.300
0;19;0;131.2;0;5;1;11.0;5;5;11.2
0;19;1;112.9;0;7;7;13.857.142.857.142.800;7;6;13.666.666.666.666.600
0;18;0;124.8;0;8;7;13.414.285.714.285.700;8;7;13.414.285.714.285.700
0;50;0;140.9;0;11;11;13.545.454.545.454.500;7;7;13.571.428.571.428.500
0;31;1;148.0;0;5;4;11.25;5;4;10.833.333.333.333.300
0;19;1;148.4;0;6;6;13.833.333.333.333.300;6;6;14.428.571.428.571.400
0;35;0;129.7;0;5;5;12.0;5;5;12.857.142.857.142.800
0;31;0;128.2;0;6;0;0.0;6;0;0.0
0;42;0;104.0;1;11;10;11.9;11;10;12.8
0;34;0;119.9;0;5;0;0.0;5;0;0.0
0;18;1;141.0;0;7;7;15.135.714.285.714.200;8;8;15.287.499.999.999.900
0;18;1;116.6;0;7;7;12.285.714.285.714.200;7;6;13.333.333.333.333.300
0;21;0;140.0;0;6;5;12.666.666.666.666.600;6;2;13.5
0;26;1;140.0;0;7;5;12.74;8;6;10.978.571.428.571.400
0;20;0;100.0;0;7;6;13.25;8;8;13.75
0;19;0;121.0;0;6;3;10.333.333.333.333.300;6;3;10.333.333.333.333.300
0;19;1;117.0;0;6;6;13.428.571.428.571.400;6;6;13.166.666.666.666.600
0;20;0;140.2;0;11;9;12.555.555.555.555.500;9;8;1.111.111.111.111.110
0;19;0;129.3;0;6;6;11.5;6;6;11.166.666.666.666.600
0;18;0;145.3;0;6;6;13.666.666.666.666.600;6;6;12.333.333.333.333.300
0;28;0;146.2;0;14;11;11.272.727.272.727.200;11;10;12.0
0;22;0;122.5;0;6;5;13.166.666.666.666.600;6;5;12.4
0;21;1;156.1;0;6;6;14.666.666.666.666.600;6;6;14.166.666.666.666.600
0;21;0;140.0;0;6;4;12.75;6;1;11.0
0;26;0;140.0;0;7;5;11.2;8;5;12.14
0;18;0;128.4;1;6;5;13.0;6;5;11.4
0;20;0;115.0;0;5;2;10.5;5;2;12.333.333.333.333.300
0;18;0;158.7;0;6;6;14.857.142.857.142.800;6;6;14.0
0;19;1;124.5;0;8;7;12.86;8;7;12.86
0;20;0;111.9;0;11;11;11.727.272.727.272.700;11;11;12.0
0;22;1;150.0;0;6;6;13.142.857.142.857.100;6;3;12.0
0;18;0;114.2;1;6;5;11.8;6;4;13.714.285.714.285.700
0;19;0;96.0;0;5;3;10.666.666.666.666.600;5;0;0.0
0;18;1;128.9;0;6;5;11.6;6;4;11.2
0;20;0;121.7;0;6;3;10.333.333.333.333.300;6;3;10.333.333.333.333.300
0;19;0;114.8;0;6;4;12.25;6;3;11.0
0;19;0;127.0;0;6;6;12.0;6;4;12.75
0;19;0;131.3;0;8;7;14.731.428.571.428.500;8;7;14.731.428.571.428.500
0;18;0;137.1;0;0;0;0.0;0;0;0.0
0;21;0;120.0;0;13;13;13.615.384.615.384.600;12;12;14.25
0;27;0;139.0;0;5;5;15.8;5;5;14.8
0;19;0;129.1;0;6;6;14.666.666.666.666.600;6;6;14.571.428.571.428.500
0;25;0;128.2;0;5;0;0.0;5;0;0.0
0;18;1;120.8;0;8;7;14.654.285.714.285.700;8;7;14.654.285.714.285.700
0;24;0;135.8;0;8;7;12.401.428.571.428.500;8;7;12.401.428.571.428.500
0;20;0;118.9;0;7;7;115.875;8;7;14.071.428.571.428.500
0;26;0;140.0;0;5;5;14.0;5;5;15.6
0;20;1;127.1;0;6;6;12.333.333.333.333.300;6;6;11.833.333.333.333.300
0;18;0;137.0;0;5;5;14.0;5;5;15.4
0;19;0;127.4;0;6;6;1.523.076.923.076.920;6;6;12.375
0;23;0;97.0;0;6;5;11.6;6;3;11.0
0;18;1;126.3;0;7;6;11.6;7;6;11.6
0;18;0;127.5;0;7;0;0.0;8;0;0.0
0;19;1;126.6;0;7;7;12.901.428.571.428.500;8;8;13.094.444.444.444.400
0;30;0;120.0;0;7;7;14.142.857.142.857.100;5;5;14.8
0;29;0;140.0;0;6;0;0.0;6;0;0.0
0;19;0;131.5;0;8;8;1.325.375;8;8;1.325.375
0;20;0;112.2;0;7;7;13.785.714.285.714.200;8;8;14.1
0;20;0;150.5;0;7;6;13.916.666.666.666.600;7;6;13.916.666.666.666.600
0;19;0;121.0;0;6;6;13.5;6;6;13.571.428.571.428.500
0;20;0;112.2;0;5;3;11.333.333.333.333.300;5;2;10.666.666.666.666.600
0;21;0;129.4;0;5;0;0.0;5;0;0.0
0;19;0;114.4;0;6;5;11.5;6;4;14.6
0;18;1;120.3;0;8;7;12.082.857.142.857.100;8;7;12.082.857.142.857.100
0;27;1;120.0;0;6;6;11.833.333.333.333.300;6;5;12.8
0;19;1;114.5;0;5;5;13.4;5;5;12.4
0;19;1;127.8;0;7;0;0.0;7;0;0.0
0;19;0;124.6;0;6;5;14.2;6;6;14.571.428.571.428.500
0;18;1;130.3;0;8;7;13.814.285.714.285.700;8;7;13.814.285.714.285.700
0;20;1;118.2;0;6;4;11.25;6;6;10.5
0;18;1;118.8;0;6;6;14.5;6;6;13.666.666.666.666.600
0;19;0;133.0;0;6;0;0.0;6;0;0.0
0;36;0;129.0;0;7;6;11.3;7;6;11.3
0;18;0;100.0;0;2;0;0.0;4;1;16.0
0;18;0;120.7;1;5;1;12.0;5;3;12.0
0;19;0;132.5;0;8;7;12.3;8;7;12.3
0;18;1;120.3;0;8;7;12.694.285.714.285.700;8;7;12.694.285.714.285.700
0;18;0;114.6;0;5;4;11.0;5;4;11.0
0;19;1;116.5;0;6;6;13.0;6;6;14.166.666.666.666.600
0;19;1;127.8;0;7;7;144.125;8;8;16.05
0;18;0;129.9;0;7;7;1.292.875;8;8;140.625
0;20;0;118.9;0;6;6;13.333.333.333.333.300;6;5;12.8
0;20;1;114.3;0;6;5;12.8;6;5;12.8
0;20;0;114.8;0;8;7;14.402.857.142.857.100;8;7;14.402.857.142.857.100
0;18;1;123.0;0;8;7;13.381.428.571.428.500;8;7;13.381.428.571.428.500
0;18;0;122.1;0;7;7;1.413.125;8;8;1.398.375
0;19;0;123.7;0;5;5;11.714.285.714.285.700;5;5;12.6
0;19;0;132.4;0;5;5;11.8;5;4;11.25
0;44;0;114.8;0;6;6;11.166.666.666.666.600;6;2;11.0
0;32;0;130.0;0;6;0;0.0;6;0;0.0
0;22;0;122.3;0;6;5;13.6;6;5;12.0
0;36;0;152.4;0;12;12;13.846.153.846.153.800;12;11;14.090.909.090.909.000
0;18;1;120.1;0;6;6;12.5;6;6;13.333.333.333.333.300
0;20;0;155.1;0;5;5;16.4;5;5;14.6
0;20;1;124.5;0;11;11;13.818.181.818.181.800;11;11;13.454.545.454.545.400
0;19;0;126.9;0;6;5;10.6;6;4;10.5
0;24;0;153.2;1;5;5;10.2;5;5;12.2
0;20;0;129.8;0;6;5;10.6;6;4;10.4
0;27;0;135.0;0;10;9;11.444.444.444.444.400;11;5;10.8
0;20;0;131.3;0;6;5;14.333.333.333.333.300;8;8;12.625
0;23;1;125.2;0;16;16;13.0;13;13;13.266.666.666.666.600
0;18;1;141.3;0;8;8;13.31;8;8;13.31
0;18;1;117.1;0;6;5;10.571.428.571.428.500;6;5;12.2
0;20;1;126.5;0;8;7;13.487.142.857.142.800;8;7;13.487.142.857.142.800
0;20;1;120.1;0;6;6;12.333.333.333.333.300;6;6;11.833.333.333.333.300
0;23;0;128.4;0;6;6;11.875;6;5;12.833.333.333.333.300
0;20;0;140.0;0;7;6;13.966.666.666.666.600;7;6;13.966.666.666.666.600
0;28;0;110.0;0;5;0;0.0;5;0;0.0
0;21;0;116.8;0;5;4;11.5;5;5;12.8
0;21;0;104.5;0;2;2;12.5;7;0;0.0
0;28;0;140.0;0;7;0;0.0;8;0;0.0
0;18;0;113.2;0;7;6;11.98;8;7;13.225
0;21;1;118.6;0;6;5;13.2;6;5;11.8
0;19;0;123.8;0;7;6;11.614.285.714.285.700;8;8;140.375
0;18;1;126.7;0;8;7;14.314.285.714.285.700;8;7;14.314.285.714.285.700
0;19;0;133.8;0;7;0;0.0;8;0;0.0
0;20;0;140.0;0;6;6;12.666.666.666.666.600;6;2;13.0
0;20;1;100.6;0;7;6;12.766.666.666.666.600;8;7;12.128.571.428.571.400
0;18;1;132.7;0;6;6;12.666.666.666.666.600;6;5;12.2
0;20;0;106.6;0;6;6;11.5;6;4;10.571.428.571.428.500
0;31;0;140.4;0;6;5;11.4;6;4;11.75
0;19;1;128.3;0;7;7;1.470.625;8;8;144.775
0;19;1;118.6;0;7;6;11.814.285.714.285.700;8;7;13.542.857.142.857.100
0;23;0;123.4;0;6;6;13.0;6;6;11.875
0;19;0;124.0;0;6;6;14.857.142.857.142.800;6;6;13.333.333.333.333.300
0;20;0;121.3;0;7;6;12.6;7;6;12.6
0;22;0;101.0;1;6;5;13.333.333.333.333.300;6;4;11.4
0;18;0;116.9;0;7;6;10.666.666.666.666.600;7;6;12.833.333.333.333.300
0;27;0;130.0;1;5;2;11.5;5;1;11.0
0;29;0;120.0;0;7;1;10.0;7;0;0.0
0;18;0;130.4;0;6;5;11.8;6;5;12.2
0;18;0;118.7;0;6;5;11.8;6;6;12.666.666.666.666.600
0;18;0;131.5;0;8;8;1.277.125;8;8;1.277.125
0;20;0;120.4;0;5;3;11.333.333.333.333.300;5;5;12.6
0;18;0;129.1;0;6;6;12.666.666.666.666.600;6;5;14.6
0;18;0;132.0;0;6;5;12.2;6;4;10.833.333.333.333.300
0;28;0;130.0;0;5;1;12.0;4;0;0.0
0;18;1;132.8;0;8;7;11.721.428.571.428.500;8;7;11.721.428.571.428.500
0;27;0;143.7;0;7;4;14.0;7;3;12.525
0;26;0;152.8;0;7;7;14.75;7;5;13.8
0;18;0;133.5;0;6;6;12.666.666.666.666.600;6;6;13.666.666.666.666.600
0;18;0;146.2;0;5;4;13.0;5;5;14.0
0;21;0;115.2;0;5;0;0.0;5;0;0.0
0;18;0;120.7;0;6;4;10.75;6;0;0.0
0;32;0;101.8;0;5;0;0.0;5;0;0.0
0;28;0;100.0;0;5;4;12.5;5;4;11.75
0;40;0;121.9;0;4;0;0.0;5;0;0.0
0;39;0;120.4;1;5;0;0.0;4;0;0.0
0;39;0;120.4;1;6;0;0.0;6;0;0.0
0;50;0;148.8;0;6;6;12.5;6;5;12.4
0;23;0;123.0;0;6;5;12.8;6;3;11.666.666.666.666.600
0;48;0;100.0;0;6;1;10.0;6;1;11.0
0;23;0;112.1;0;6;4;11.25;6;5;10.2
0;18;1;126.8;0;8;7;12.61;8;7;12.61
0;18;0;115.9;0;5;2;12.0;5;5;12.6
0;20;0;132.5;0;6;5;13.0;6;6;13.5
0;18;1;132.2;0;5;4;12.0;5;5;13.0
0;18;0;183.5;0;7;4;12.0;8;0;0.0
1;31;0;136.0;0;5;1;12.0;5;1;11.0
1;24;0;100.9;0;5;1;12.0;5;3;10.5
1;24;0;114.5;0;0;0;0.0;0;0;0.0
1;26;0;110.3;1;5;0;0.0;5;0;0.0
1;18;0;137.2;1;6;5;13.625;6;4;11.75
1;19;1;116.9;0;5;3;11.666.666.666.666.600;5;3;11.666.666.666.666.600
1;22;0;121.8;0;6;0;0.0;6;0;0.0
1;18;0;127.3;0;8;7;11.69;8;7;11.69
1;20;0;120.0;1;6;0;0.0;6;0;0.0
1;25;0;150.0;0;0;0;0.0;0;0;0.0
1;24;0;100.0;0;5;4;11.5;5;5;11.285.714.285.714.200
1;27;0;150.0;0;5;1;14.0;5;0;0.0
1;21;0;116.9;0;6;5;11.0;6;5;12.4
1;21;0;140.0;0;6;6;12.857.142.857.142.800;6;6;13.166.666.666.666.600
1;19;0;122.1;0;6;4;12.5;6;6;11.333.333.333.333.300
1;28;0;160.0;0;7;7;14.528.571.428.571.400;8;8;15.018.181.818.181.800
1;20;0;118.4;0;5;5;10.0;5;2;12.0
1;21;1;150.0;0;6;6;13.0;6;6;12.625
1;18;1;144.9;0;7;7;15.957.142.857.142.800;8;8;15.188.888.888.888.800
1;18;1;121.1;0;5;5;13.2;5;5;12.6
1;20;0;121.8;0;5;4;10.2;5;3;11.0
1;25;0;146.8;0;5;5;14.2;5;2;13.5
1;22;0;138.0;1;6;6;12.625;6;2;14.5
1;18;0;138.0;0;8;6;13.496.666.666.666.600;8;6;13.496.666.666.666.600
1;19;0;116.3;0;5;5;13.25;5;5;11.0
1;19;0;122.5;0;5;3;12.0;5;3;12.0
1;25;0;115.0;1;6;4;13.0;6;4;13.75
1;21;0;115.0;1;11;9;1.177.777.777.777.770;8;3;13.666.666.666.666.600
1;19;0;119.8;0;5;2;11.0;6;0;0.0
1;20;0;95.0;0;5;0;0.0;5;0;0.0
1;25;0;150.0;0;14;14;12.428.571.428.571.400;9;6;10.857.142.857.142.800
1;20;0;117.8;0;5;3;11.0;5;3;12.0
1;18;0;144.2;0;0;0;0.0;0;0;0.0
1;23;0;130.0;1;6;3;11.5;6;3;10.666.666.666.666.600
1;23;0;128.2;0;8;8;125.075;8;8;125.075
1;21;0;135.3;0;12;11;12.090.909.090.909.000;12;11;12.0
1;20;0;143.9;0;5;2;11.0;5;3;12.666.666.666.666.600
1;25;0;140.7;0;5;1;10.0;5;2;11.333.333.333.333.300
1;18;0;130.4;0;6;6;13.5;6;5;13.2
1;22;0;123.2;0;6;6;14.166.666.666.666.600;6;6;13.625
1;27;0;118.0;0;6;6;14.0;6;6;14.714.285.714.285.700
1;25;0;120.0;0;3;0;0.0;3;0;0.0
1;18;0;118.9;0;5;3;11.666.666.666.666.600;5;3;11.333.333.333.333.300
1;20;0;117.2;0;5;5;14.6;5;5;14.2
1;27;0;120.0;0;6;5;13.0;6;5;11.5
1;20;0;118.1;0;6;6;12.166.666.666.666.600;6;6;12.0
1;22;0;124.8;0;5;0;0.0;5;1;12.0
1;19;0;106.5;0;5;3;10.5;5;3;10.8
1;20;0;116.8;0;5;3;12.4;5;5;10.833.333.333.333.300
1;19;0;109.3;0;0;0;0.0;0;0;0.0
1;29;0;120.0;0;5;0;0.0;5;0;0.0
1;19;0;137.5;0;8;7;13.828.571.428.571.400;8;7;13.828.571.428.571.400
0;28;1;150.0;0;5;5;10.6;5;5;10.2
0;20;0;120.4;0;6;6;11.5;6;6;11.666.666.666.666.600
0;20;0;136.7;0;6;4;13.5;6;6;13.625
0;31;0;118.5;0;6;0;0.0;6;0;0.0
0;18;0;133.0;0;7;7;125.375;8;7;12.614.285.714.285.700
0;19;0;128.8;0;6;6;14.833.333.333.333.300;6;6;13.285.714.285.714.200
0;18;0;133.0;0;5;4;12.0;5;4;12.8
0;19;0;102.0;0;6;5;11.8;6;5;11.6
0;18;1;133.9;0;5;5;15.0;5;5;15.2
0;19;0;127.0;0;5;3;12.0;5;5;13.2
0;18;1;120.4;0;6;6;12.833.333.333.333.300;6;6;12.285.714.285.714.200
0;19;0;124.5;0;6;6;11.666.666.666.666.600;6;3;12.0
0;19;0;123.9;0;7;7;121.625;8;8;13.825
0;18;0;117.8;0;6;6;13.833.333.333.333.300;6;6;14.555.555.555.555.500
0;19;0;126.7;0;7;4;12.45;7;5;11.7
0;20;1;110.0;0;6;6;12.125;6;6;13.571.428.571.428.500
0;20;0;134.7;0;6;5;13.4;6;4;13.0
0;20;0;113.2;1;6;6;13.333.333.333.333.300;6;5;14.0
0;29;0;141.0;0;15;11;11.454.545.454.545.400;13;11;11.545.454.545.454.500
0;20;1;111.5;0;6;4;12.0;6;3;10.0
0;31;0;140.0;1;7;6;12.666.666.666.666.600;7;5;12.6
0;20;0;134.3;0;6;6;12.666.666.666.666.600;6;6;1.377.777.777.777.770
0;21;0;125.3;0;18;18;1.188.888.888.888.880;13;13;11.461.538.461.538.400
0;23;0;140.0;0;6;0;0.0;6;0;0.0
0;21;0;119.6;1;6;4;13.0;6;4;11.6
0;24;0;170.0;0;7;7;16.885.714.285.714.200;8;8;15.744.444.444.444.400
0;27;0;150.5;0;6;6;12.5;6;6;12.333.333.333.333.300
0;18;1;128.0;0;7;7;13.055.555.555.555.500;8;8;158.125
0;21;0;108.7;0;0;0;0.0;0;0;0.0
0;19;1;121.6;1;5;0;0.0;5;0;0.0
0;19;1;125.3;0;8;7;12.355.714.285.714.200;8;7;12.355.714.285.714.200
0;18;0;117.6;0;6;0;0.0;6;0;0.0
0;18;1;124.3;0;7;5;11.98;7;5;11.98
0;20;1;106.1;1;7;7;13.857.142.857.142.800;7;7;12.571.428.571.428.500
0;24;0;139.9;0;6;5;13.0;6;6;14.166.666.666.666.600
0;20;0;110.8;0;6;6;12.833.333.333.333.300;6;6;11.166.666.666.666.600
0;20;0;118.0;0;5;4;11.0;5;5;13.2
0;19;1;117.8;0;8;7;12.357.142.857.142.800;8;7;12.357.142.857.142.800
0;18;1;127.5;0;8;7;13.857.142.857.142.800;8;7;13.857.142.857.142.800
0;20;1;129.7;0;6;6;12.333.333.333.333.300;6;6;10.666.666.666.666.600
0;20;0;130.6;0;7;7;12.847.142.857.142.800;8;8;13.788.888.888.888.800
0;19;1;126.3;0;7;6;12.339.999.999.999.900;8;8;1.301.875
0;19;0;140.0;0;6;5;12.666.666.666.666.600;6;4;11.75
0;20;0;105.0;0;6;6;13.833.333.333.333.300;6;6;12.5
0;19;0;114.6;0;5;2;10.75;5;2;10.0
0;19;0;114.6;0;6;4;13.25;6;4;10.25
0;18;1;131.0;0;8;8;1.373.125;8;8;1.373.125
0;23;1;109.0;0;6;6;13.333.333.333.333.300;6;3;12.666.666.666.666.600
0;21;0;132.0;0;6;5;12.0;6;5;10.8
0;23;0;130.0;0;9;9;1.088.888.888.888.880;8;6;11.333.333.333.333.300
0;19;0;109.5;0;7;7;13.025;8;8;13.811.111.111.111.100
0;18;0;115.9;0;6;6;13.0;6;6;14.166.666.666.666.600
0;19;0;131.6;0;6;5;11.8;6;5;12.0
0;25;1;120.0;0;8;7;12.042.857.142.857.100;8;7;12.042.857.142.857.100
0;19;0;109.7;0;6;5;12.2;6;4;13.0
0;19;1;136.4;0;7;7;128.375;8;8;15.5
0;24;1;120.0;1;7;7;11.0;8;7;11.7
0;18;1;132.6;0;6;6;13.5;6;5;14.0
0;19;1;112.9;0;6;6;12.125;6;6;12.714.285.714.285.700
0;18;1;134.3;0;8;7;1.262.857.142.857.140;8;7;1.262.857.142.857.140
0;27;0;123.2;0;5;3;10.666.666.666.666.600;5;4;11.4
0;19;0;117.2;0;6;5;11.2;6;5;11.6
0;18;1;129.8;0;6;6;12.666.666.666.666.600;6;6;11.833.333.333.333.300
0;34;0;158.0;1;6;4;13.5;6;0;0.0
0;18;0;116.5;0;5;3;11.666.666.666.666.600;5;2;11.0
0;18;0;121.0;0;5;2;10.5;5;3;12.333.333.333.333.300
0;18;0;133.8;0;8;8;1.426.875;8;8;1.426.875
0;20;0;115.0;1;6;0;0.0;6;0;0.0
0;19;1;131.8;0;5;2;10.5;5;3;13.333.333.333.333.300
0;21;0;121.0;0;6;5;11.2;6;1;10.0
0;26;0;152.4;0;5;5;12.0;5;5;14.833.333.333.333.300
0;27;0;110.2;0;7;7;12.228.571.428.571.400;8;8;132.125
0;20;0;113.5;0;5;4;11.5;5;4;10.75
0;18;0;144.4;0;6;6;15.375;6;6;16.428.571.428.571.400
0;23;0;143.3;0;12;9;13.666.666.666.666.600;9;6;13.5
0;24;0;100.0;0;8;7;12.614.285.714.285.700;8;7;12.614.285.714.285.700
0;19;1;126.3;0;6;5;12.2;6;6;11.5
0;19;0;115.9;0;6;4;11.75;6;4;11.0
0;19;1;114.9;1;6;5;11.4;6;3;10.0
0;18;0;121.0;1;6;5;10.6;6;2;10.0
0;22;0;112.3;0;16;13;10.923.076.923.076.900;13;11;11.454.545.454.545.400
0;20;0;127.0;0;6;5;12.4;6;5;12.4
0;25;0;120.0;0;6;0;0.0;6;0;0.0
0;21;0;180.0;0;6;6;15.833.333.333.333.300;6;6;15.5
0;19;0;117.4;0;7;5;11.8;7;6;11.708.333.333.333.300
0;18;0;115.8;0;6;6;12.571.428.571.428.500;6;6;13.666.666.666.666.600
0;18;0;136.5;0;5;3;12.0;5;4;13.25
1;19;0;129.0;0;7;7;133.625;8;8;14.444.444.444.444.400
0;19;1;137.6;0;5;5;15.4;5;5;16.0
0;18;0;129.5;1;6;5;12.2;6;4;11.75
0;20;1;129.1;0;11;11;12.818.181.818.181.800;11;11;13.545.454.545.454.500
0;19;0;130.2;0;7;0;0.0;8;0;0.0
0;28;0;134.3;0;17;17;13.394.736.842.105.200;17;17;13.554.736.842.105.200
0;20;1;138.4;0;6;6;14.25;6;6;11.0
0;30;0;120.0;0;11;9;13.444.444.444.444.400;7;7;14.714.285.714.285.700
0;19;1;123.5;0;7;7;12.285.714.285.714.200;8;8;117.375
0;22;0;116.1;0;6;6;11.666.666.666.666.600;6;5;13.2
0;18;0;110.8;0;6;6;12.166.666.666.666.600;6;6;13.5
0;23;0;142.8;0;6;2;10.0;6;2;11.0
0;18;0;155.5;0;6;6;14.0;6;6;15.0
0;18;0;126.7;0;6;5;11.833.333.333.333.300;6;4;12.0
1;50;0;163.5;1;6;1;15.0;5;0;0.0
0;19;1;161.9;0;0;0;0.0;0;0;0.0
0;22;0;123.3;0;6;6;10.833.333.333.333.300;6;6;10.666.666.666.666.600
0;23;1;137.5;1;6;6;13.142.857.142.857.100;6;6;14.0
0;20;1;166.6;1;5;5;14.4;5;5;14.0
0;44;0;103.5;0;6;0;0.0;6;0;0.0
1;49;0;110.0;0;12;7;12.0;12;9;1.122.222.222.222.220
1;46;0;128.2;0;10;9;12.2;10;10;12.8
1;41;0;137.7;0;3;3;12.333.333.333.333.300;2;2;11.0
1;18;0;128.8;0;7;7;118.375;8;8;1.248.125
1;43;0;170.0;0;5;5;11.8;5;5;14.0
1;70;0;116.4;1;5;0;0.0;5;0;0.0
1;48;0;100.9;0;6;0;0.0;6;0;0.0
1;41;0;136.0;0;19;19;1.268.421.052.631.570;13;13;12.384.615.384.615.300
1;21;0;130.0;0;6;6;12.571.428.571.428.500;6;4;13.0
1;35;0;100.0;1;7;3;11.25;7;0;0.0
1;44;0;157.0;0;5;4;14.0;5;4;15.5
1;18;0;152.1;1;5;4;13.333.333.333.333.300;5;2;13.5
1;45;0;162.9;0;6;6;13.666.666.666.666.600;6;6;13.666.666.666.666.600
1;20;0;137.2;0;6;3;10.0;6;5;10.8
1;22;0;140.0;0;6;5;12.6;6;6;11.714.285.714.285.700
1;39;0;146.5;0;5;3;17.333.333.333.333.300;5;1;17.0
1;20;0;130.0;0;6;5;13.2;6;3;12.0
1;49;0;128.0;0;5;3;14.0;5;3;13.666.666.666.666.600
1;43;0;190.0;0;4;4;13.875;1;1;12.5
1;32;0;133.2;0;5;0;0.0;5;0;0.0
1;47;0;124.3;0;9;9;1.311.111.111.111.110;7;7;14.857.142.857.142.800
1;37;1;138.1;0;5;5;13.0;5;4;13.333.333.333.333.300
1;41;0;144.3;0;10;10;12.5;7;7;12.142.857.142.857.100
1;60;0;140.0;0;18;18;1.411.111.111.111.110;13;13;1.423.076.923.076.920
1;47;0;148.3;0;11;11;14.727.272.727.272.700;9;9;1.577.777.777.777.770
1;50;0;96.0;1;6;0;0.0;5;0;0.0
1;45;0;121.7;0;5;0;0.0;5;0;0.0
1;45;0;160.0;1;5;0;0.0;5;0;0.0
1;33;0;110.3;0;5;4;13.5;5;5;11.6
1;18;0;129.0;0;8;7;13.105.714.285.714.200;8;7;13.105.714.285.714.200
1;43;0;150.0;0;5;5;13.5;5;5;14.4
1;44;0;100.0;0;13;13;11.846.153.846.153.800;11;11;12.0
1;29;0;107.5;0;5;0;0.0;5;0;0.0
1;53;0;170.0;1;6;3;14.333.333.333.333.300;6;0;0.0
1;37;0;123.0;0;5;5;15.8;5;5;17.6
1;18;0;138.5;0;6;5;13.8;6;5;12.4
1;35;0;140.0;1;10;6;12.666.666.666.666.600;9;3;12.0
1;23;0;113.6;0;6;6;13.0;6;6;12.0
1;22;0;170.0;0;0;0;0.0;0;0;0.0
1;33;0;115.5;0;6;1;11.0;6;0;0.0
1;41;0;130.0;0;5;0;0.0;5;0;0.0
1;51;0;140.0;0;7;7;15.2;8;8;16.575
1;19;0;126.6;0;6;6;14.428.571.428.571.400;7;7;14.375
1;35;0;143.2;0;5;0;0.0;5;0;0.0
1;20;0;131.4;0;0;0;0.0;0;0;0.0
1;18;0;133.3;0;6;4;13.75;6;5;11.2
1;18;1;118.3;1;6;5;12.166.666.666.666.600;6;3;12.0
1;21;0;140.0;0;6;5;12.142.857.142.857.100;6;5;11.666.666.666.666.600
1;21;0;124.7;0;6;6;12.0;6;5;11.6
1;34;0;140.0;0;5;3;11.666.666.666.666.600;5;4;12.75
1;34;0;150.0;0;6;0;0.0;6;0;0.0
1;21;0;115.6;0;6;6;11.875;6;5;12.0
1;32;0;116.9;0;11;7;11.285.714.285.714.200;7;6;12.333.333.333.333.300
1;30;0;123.4;0;6;2;10.0;6;3;11.333.333.333.333.300
1;19;0;146.5;1;12;11;12.0;11;10;11.181.818.181.818.100
1;20;0;117.1;0;7;6;13.833.333.333.333.300;6;5;13.0
1;18;0;113.9;0;6;0;0.0;6;0;0.0
1;19;0;128.7;0;6;6;14.428.571.428.571.400;6;6;12.5
1;18;0;132.9;0;7;5;14.2;7;6;12.4
1;27;0;123.0;0;5;4;11.5;5;3;10.333.333.333.333.300
1;52;0;129.8;0;6;5;13.0;6;6;15.0
1;29;0;156.1;0;6;0;0.0;6;0;0.0
1;22;0;120.0;1;6;3;11.333.333.333.333.300;6;2;11.0
1;28;0;117.2;0;18;18;12.5;13;12;11.428.571.428.571.400
1;30;0;107.0;0;5;0;0.0;5;0;0.0
0;18;0;128.4;0;7;7;13.471.428.571.428.500;8;8;13.944.444.444.444.400
0;21;0;123.4;0;5;4;11.75;5;3;13.333.333.333.333.300
0;20;1;126.7;1;6;6;13.333.333.333.333.300;6;6;14.666.666.666.666.600
0;21;1;123.0;0;8;8;13.105;8;8;13.105
0;32;0;137.2;1;5;0;0.0;5;0;0.0
1;20;1;125.9;0;6;6;15.5;6;6;12.166.666.666.666.600
1;19;0;138.0;1;0;0;0.0;0;0;0.0
1;18;0;128.2;1;6;4;11.25;6;3;12.333.333.333.333.300
1;23;0;126.5;0;15;12;11.0;14;11;11.363.636.363.636.300
1;20;0;112.4;0;6;6;12.333.333.333.333.300;6;4;13.0
0;46;0;109.0;0;9;8;11.375;5;5;11.8
1;27;0;100.0;0;18;18;1.222.222.222.222.220;12;12;12.384.615.384.615.300
1;20;0;144.7;0;0;0;0.0;0;0;0.0
1;41;0;120.0;0;9;9;12.0;7;6;12.0
1;40;0;100.0;1;5;1;11.0;5;1;10.0
1;37;0;154.0;0;16;16;14.125;11;10;13.0
1;20;0;111.3;0;5;5;10.2;5;5;11.2
0;20;0;150.0;0;5;4;12.0;5;4;12.4
0;26;0;100.0;0;9;9;12.333.333.333.333.300;7;7;12.571.428.571.428.500
1;54;0;162.5;0;9;9;14.333.333.333.333.300;7;7;13.857.142.857.142.800
1;21;0;134.1;0;6;6;15.166.666.666.666.600;6;6;14.0
0;20;1;133.0;0;6;6;15.142.857.142.857.100;6;6;15.142.857.142.857.100
0;18;0;119.0;0;6;0;0.0;6;0;0.0
0;19;0;131.1;0;7;6;13.411.428.571.428.500;8;7;13.294.444.444.444.400
0;18;0;129.4;0;6;6;12.333.333.333.333.300;6;6;12.166.666.666.666.600
0;19;0;123.9;0;6;4;11.8;6;4;12.2
0;22;0;140.0;1;6;6;12.0;6;3;12.0
0;19;0;162.0;0;6;6;15.0;6;6;15.625
0;21;0;131.6;0;12;8;13.875;11;9;12.7
0;20;0;110.6;0;7;6;11.833.333.333.333.300;7;6;14.333.333.333.333.300
0;18;1;117.4;0;6;6;12.5;6;6;13.833.333.333.333.300
0;18;1;137.8;0;6;6;15.0;6;6;15.5
0;20;0;106.7;1;6;2;11.666.666.666.666.600;6;4;10.5
0;18;1;156.9;0;7;7;14.668;8;8;1.463.375
0;18;0;129.0;0;8;6;13.345;8;6;13.345
0;20;1;124.8;0;6;5;12.8;6;6;12.333.333.333.333.300
0;19;0;115.1;0;6;6;10.833.333.333.333.300;6;6;12.142.857.142.857.100
0;18;0;146.7;0;6;6;13.666.666.666.666.600;6;5;14.0
0;18;0;132.8;0;8;7;14.537.142.857.142.800;8;7;14.537.142.857.142.800
0;18;1;159.1;1;5;5;14.4;5;5;14.0
0;20;1;137.6;0;0;0;0.0;0;0;0.0
0;19;1;124.0;0;6;6;13.166.666.666.666.600;6;6;13.833.333.333.333.300
1;36;0;149.0;0;6;2;11.5;7;0;0.0
0;19;1;129.6;0;6;6;11.333.333.333.333.300;6;6;12.428.571.428.571.400
0;18;0;110.0;0;6;6;12.0;6;5;13.6
0;18;1;116.1;0;6;6;13.166.666.666.666.600;6;6;12.166.666.666.666.600
0;18;1;133.3;0;6;6;14.833.333.333.333.300;6;6;14.166.666.666.666.600
0;19;0;144.3;0;7;7;13.0;9;9;1.322.222.222.222.220
0;18;0;133.6;0;7;7;13.087.142.857.142.800;8;8;12.95
0;19;1;123.2;0;6;6;13.333.333.333.333.300;6;6;13.666.666.666.666.600
0;18;0;137.2;0;6;6;12.166.666.666.666.600;6;4;12.75
0;22;1;130.0;0;6;6;11.0;6;4;12.0
0;18;0;110.0;1;6;0;0.0;6;0;0.0
0;19;0;118.0;0;5;5;13.6;5;5;12.2
0;18;0;128.4;0;6;6;15.5;6;6;14.0
0;19;0;113.6;0;7;7;13.857.142.857.142.800;7;7;14.285.714.285.714.200
0;20;0;113.5;1;5;2;11.5;5;3;10.0
0;18;1;146.9;0;6;6;13.0;6;6;12.166.666.666.666.600
0;23;0;141.3;1;6;6;14.0;6;4;13.0
0;20;0;129.7;0;4;0;0.0;6;0;0.0
0;20;0;121.3;0;6;6;11.166.666.666.666.600;6;6;11.5
0;22;1;109.1;1;6;0;0.0;6;0;0.0
0;18;1;107.1;0;7;7;12.142.857.142.857.100;7;6;13.666.666.666.666.600
0;18;1;129.2;0;7;7;14.145.714.285.714.200;8;8;13.627.777.777.777.700
0;18;0;154.1;0;7;7;14.45;8;8;14.144.444.444.444.400
0;18;0;147.2;0;7;7;15.714.285.714.285.700;7;7;15.0
0;21;0;120.0;0;5;5;12.8;5;3;12.666.666.666.666.600
0;20;0;130.8;0;6;6;12.5;6;6;11.5
0;18;0;120.8;0;6;6;14.5;6;6;12.833.333.333.333.300
0;20;1;125.4;0;7;7;13.462.857.142.857.100;8;7;13.164.285.714.285.700
0;25;0;121.3;0;6;6;12.833.333.333.333.300;6;6;12.833.333.333.333.300
0;18;1;127.0;0;5;5;12.0;5;4;11.6
0;19;0;151.6;0;0;0;0.0;0;0;0.0
0;20;0;131.6;0;7;6;14.714.285.714.285.700;7;6;13.2
0;20;1;106.0;0;6;6;12.571.428.571.428.500;6;6;13.285.714.285.714.200
0;21;1;111.6;0;6;6;12.5;6;6;11.5
0;18;0;117.3;0;6;6;14.0;6;5;14.0
0;18;0;121.4;0;7;7;11.571.428.571.428.500;7;6;13.166.666.666.666.600
0;18;1;126.1;0;6;6;15.833.333.333.333.300;6;6;15.333.333.333.333.300
0;18;0;137.0;0;8;8;14.25;8;8;14.25
0;19;0;120.8;0;6;0;0.0;6;0;0.0
0;20;0;128.7;0;6;6;11.666.666.666.666.600;6;6;11.0
0;47;0;118.0;0;6;0;0.0;5;0;0.0
0;21;0;120.0;1;5;5;13.2;5;2;12.5
1;31;0;160.0;0;6;2;12.0;6;1;10.0
1;46;0;150.0;0;5;0;0.0;5;0;0.0
1;18;0;121.8;0;5;4;12.0;5;2;11.0
1;19;0;125.4;0;5;3;13.333.333.333.333.300;5;4;10.75
1;23;0;126.6;0;7;5;12.414.285.714.285.700;7;2;13.5
1;22;0;150.0;0;5;0;0.0;5;0;0.0
1;19;0;114.5;0;5;5;13.8;5;5;12.4
0;19;0;107.0;1;5;0;0.0;5;0;0.0
1;22;0;115.7;0;5;4;11.5;5;4;14.0
1;29;0;120.0;1;5;0;0.0;5;0;0.0
0;18;0;134.8;0;7;6;14.016.666.666.666.600;7;6;14.016.666.666.666.600
0;18;0;133.6;0;6;5;11.4;6;5;10.8
0;23;1;129.0;1;0;0;0.0;0;0;0.0
0;34;0;128.4;0;5;5;10.4;5;5;12.0
0;19;0;122.2;0;5;3;10.666.666.666.666.600;5;4;10.25
0;18;0;113.3;0;5;4;14.25;5;5;12.714.285.714.285.700
0;20;1;129.9;0;7;7;13.914.285.714.285.700;8;8;1.410.625
0;19;0;126.2;0;7;7;13.761.111.111.111.100;8;7;1.282.375
0;22;0;112.6;0;6;5;12.6;6;4;11.25
0;23;1;149.0;0;6;6;13.857.142.857.142.800;6;6;14.166.666.666.666.600
1;34;1;120.0;0;8;7;13.842.857.142.857.100;8;7;13.842.857.142.857.100
1;18;0;120.4;1;5;0;0.0;5;0;0.0
1;21;0;128.1;0;6;5;11.8;6;0;0.0
1;22;0;141.7;0;6;6;12.666.666.666.666.600;6;6;13.833.333.333.333.300
1;28;0;130.0;0;6;0;0.0;6;0;0.0
1;23;0;113.3;0;5;0;0.0;5;0;0.0
1;20;0;105.9;0;6;4;10.75;6;2;10.0
1;18;0;122.7;0;5;5;12.6;5;3;13.25
1;28;0;120.0;1;5;0;0.0;5;0;0.0
1;21;0;119.8;0;7;2;12.0;9;7;12.142.857.142.857.100
1;25;0;122.9;1;6;3;14.0;6;2;14.5
1;19;0;160.0;0;6;6;14.0;6;6;13.5
1;18;1;125.2;0;7;7;14.682.857.142.857.100;8;8;15.055.555.555.555.500
1;29;0;143.4;0;3;0;0.0;5;0;0.0
1;29;1;96.7;0;5;0;0.0;5;0;0.0
1;20;0;126.9;0;6;6;13.857.142.857.142.800;6;5;12.8
1;18;0;143.1;0;0;0;0.0;0;0;0.0
1;20;0;114.5;0;6;6;13.142.857.142.857.100;6;6;12.5
1;33;0;140.0;0;5;1;18.0;5;2;13.0
1;30;0;113.7;0;15;13;11.461.538.461.538.400;11;10;11.583.333.333.333.300
1;21;1;131.5;0;7;5;11.2;8;6;11.583.333.333.333.300
1;18;0;143.5;1;6;5;15.0;6;4;14.5
1;19;1;126.8;0;7;7;14.244.444.444.444.400;8;8;12.233.333.333.333.300
1;21;1;115.2;0;6;4;11.5;6;5;11.0
1;25;1;100.0;0;7;2;10.0;7;0;0.0
1;19;0;121.4;0;5;3;12.333.333.333.333.300;5;5;11.6
1;23;0;120.0;0;7;5;12.2;9;7;12.142.857.142.857.100
1;19;1;129.9;0;6;6;13.666.666.666.666.600;6;5;13.2
1;19;0;151.1;0;0;0;0.0;0;0;0.0
1;31;0;120.0;1;6;1;11.0;6;0;0.0
1;32;0;130.0;1;6;3;13.0;10;6;11.428.571.428.571.400
0;19;1;119.0;0;8;7;12.599.999.999.999.900;8;7;12.599.999.999.999.900
0;34;0;122.0;0;10;10;12.2;10;9;12.333.333.333.333.300
0;21;0;129.7;0;6;6;13.166.666.666.666.600;6;6;13.0
0;53;1;112.5;0;7;6;11.0;7;7;11.0
0;19;1;136.0;0;7;7;14.014.285.714.285.700;8;8;15.35
0;20;1;133.1;0;6;4;13.0;6;4;11.25
0;18;0;151.3;0;6;6;14.0;6;6;14.666.666.666.666.600
0;32;0;133.3;0;0;0;0.0;0;0;0.0
0;21;1;130.8;0;8;7;14.428.571.428.571.400;8;7;14.428.571.428.571.400
0;26;0;140.0;0;5;0;0.0;5;0;0.0
0;26;0;150.0;0;18;18;11.833.333.333.333.300;13;13;12.461.538.461.538.400
0;21;0;130.0;0;5;3;11.333.333.333.333.300;5;1;13.0
0;18;0;125.3;0;6;6;12.5;6;6;13.0
0;21;1;124.0;0;12;12;13.333.333.333.333.300;12;11;12.545.454.545.454.500
0;21;0;113.8;0;6;6;10.833.333.333.333.300;6;4;11.0
0;19;1;124.4;0;6;6;13.0;6;6;14.0
0;19;0;107.7;0;5;2;10.0;5;2;14.0
0;19;1;110.0;0;6;6;11.428.571.428.571.400;6;5;11.2
0;27;0;130.0;0;8;8;128.875;8;8;128.875
0;18;1;138.8;0;7;6;12.95;7;6;12.95
0;20;0;126.3;0;5;1;10.0;5;0;0.0
0;19;1;114.5;0;7;7;13.094.285.714.285.700;8;8;12.55
0;20;0;116.5;0;6;0;0.0;6;0;0.0
0;19;1;128.6;0;6;5;11.714.285.714.285.700;6;6;11.0
0;20;0;130.0;0;6;4;11.25;6;3;10.0
0;20;0;134.6;0;0;0;0.0;0;0;0.0
0;18;0;146.8;0;6;6;13.166.666.666.666.600;6;6;13.333.333.333.333.300
0;20;0;135.7;0;5;4;12.75;5;5;13.4
0;38;0;120.0;0;5;5;10.6;5;2;11.0
0;42;0;138.0;0;6;5;11.2;6;6;12.0
0;32;0;135.5;0;7;0;0.0;8;0;0.0
0;22;0;120.0;0;6;6;13.0;6;6;13.666.666.666.666.600
0;28;0;111.7;0;5;0;0.0;5;0;0.0
0;37;0;100.0;0;6;0;0.0;6;0;0.0
0;43;0;160.0;0;6;6;14.166.666.666.666.600;6;6;15.0
0;41;1;114.8;0;6;5;12.833.333.333.333.300;6;6;12.333.333.333.333.300
0;29;1;131.0;0;6;4;11.75;6;5;10.4
0;35;1;97.0;0;6;6;10.833.333.333.333.300;6;6;11.5
0;18;0;131.7;0;6;4;11.75;6;4;12.25
0;39;1;120.0;0;7;3;11.5;7;2;10.5
0;37;0;110.0;0;5;2;10.0;5;3;11.333.333.333.333.300
0;26;1;133.0;0;7;6;13.7;7;6;13.7
0;32;0;140.0;0;5;1;14.0;5;0;0.0
0;37;0;100.0;1;8;7;11.375;7;6;12.166.666.666.666.600
0;28;0;129.3;1;6;0;0.0;6;0;0.0
0;19;0;137.0;0;6;0;0.0;6;0;0.0
0;18;0;122.2;0;5;1;11.0;5;2;12.5
0;19;1;108.0;0;7;6;13.0;7;7;13.285.714.285.714.200
0;32;0;110.0;0;11;8;13.6;8;8;1.511.111.111.111.110
0;31;0;127.7;0;5;3;11.0;5;2;11.5
0;34;0;121.3;0;8;7;11.705.714.285.714.200;8;7;11.705.714.285.714.200
0;20;0;140.1;0;12;12;13.25;11;11;14.333.333.333.333.300
0;28;0;114.8;0;7;1;10.75;7;1;10.0
0;31;0;150.0;0;6;6;12.0;7;7;13.428.571.428.571.400
0;18;0;131.7;0;6;6;12.666.666.666.666.600;6;4;12.25
0;31;0;110.0;0;6;5;11.4;6;3;11.0
0;19;0;105.5;0;6;6;13.0;6;5;12.4
0;19;1;127.3;0;6;6;14.0;6;6;12.285.714.285.714.200
0;31;0;130.0;0;6;0;0.0;5;0;0.0
0;34;0;130.0;0;6;0;0.0;6;0;0.0
0;18;1;122.7;0;7;7;15.285.714.285.714.200;8;8;16.075
0;18;0;113.9;0;6;6;13.166.666.666.666.600;6;6;12.666.666.666.666.600
1;19;0;151.1;1;5;5;13.6;5;5;12.833.333.333.333.300
1;22;1;125.8;0;4;0;0.0;4;0;0.0
1;32;0;128.2;0;10;10;11.4;9;4;11.5
1;61;0;135.1;0;5;0;0.0;5;0;0.0
1;30;0;120.2;0;5;5;11.0;5;5;11.6
1;45;0;132.8;1;5;0;0.0;5;0;0.0
1;20;0;140.0;0;6;6;13.571.428.571.428.500;6;6;12.666.666.666.666.600
0;19;0;129.3;0;7;0;0.0;8;0;0.0
1;26;0;108.2;0;10;4;11.25;11;4;12.0
1;19;0;125.4;0;5;3;13.333.333.333.333.300;5;1;11.0
1;19;1;140.2;0;6;6;12.0;6;6;11.666.666.666.666.600
1;19;0;116.1;0;6;6;12.5;6;5;13.0
1;19;1;137.8;0;5;5;13.2;5;5;12.666.666.666.666.600
1;19;0;128.4;0;5;0;0.0;4;0;0.0
1;28;0;106.0;0;5;3;11.666.666.666.666.600;5;2;11.5
1;24;0;130.2;0;15;15;13.466.666.666.666.600;14;14;13.642.857.142.857.100
1;18;0;126.0;0;5;3;13.666.666.666.666.600;5;5;13.2
1;18;0;141.0;0;5;2;11.666.666.666.666.600;5;2;12.5
1;18;1;113.0;0;6;6;11.666.666.666.666.600;6;5;10.2
1;21;0;120.0;0;6;5;13.4;6;5;12.4
1;28;0;130.9;0;5;0;0.0;5;0;0.0
1;58;0;120.0;0;6;0;0.0;6;0;0.0
1;49;0;134.1;0;5;0;0.0;5;0;0.0
1;24;0;120.0;0;5;3;10.666.666.666.666.600;5;2;10.5
1;25;0;114.8;0;5;4;13.75;5;4;14.75
1;33;0;123.0;0;5;1;10.0;5;0;0.0
1;33;0;118.0;0;5;0;0.0;5;0;0.0
1;40;0;100.0;0;2;1;16.0;4;4;15.5
1;48;0;151.1;0;5;5;12.285.714.285.714.200;5;5;11.125
1;18;0;116.9;1;5;3;12.0;5;3;10.333.333.333.333.300
1;24;0;106.0;0;7;6;12.666.666.666.666.600;7;6;12.666.666.666.666.600
1;23;1;127.1;0;5;5;11.8;5;4;13.25
1;39;0;155.5;1;5;5;10.6;5;5;14.666.666.666.666.600
1;21;0;101.0;0;11;9;11.9;9;8;12.25
1;34;0;128.2;0;6;4;11.25;5;2;10.5
1;41;1;113.0;0;5;4;11.0;5;5;11.4
1;18;0;122.8;0;6;6;12.0;6;6;12.5
1;34;0;145.6;0;5;4;11.75;5;4;10.833.333.333.333.300
1;19;0;116.5;0;5;2;10.0;5;1;16.0
1;19;0;142.0;0;8;7;13.714.285.714.285.700;8;7;13.714.285.714.285.700
1;28;0;150.0;0;6;6;14.875;6;6;15.8
1;18;0;133.3;0;6;5;10.8;6;0;0.0
1;19;0;115.8;0;6;3;12.0;6;2;10.0
1;19;0;100.0;1;6;5;12.5;6;2;13.5
0;18;0;128.6;0;7;7;14.728.571.428.571.400;8;8;16.327.272.727.272.700
0;18;0;137.1;0;6;6;12.0;6;5;14.8
0;18;0;149.0;0;6;6;11.428.571.428.571.400;6;6;11.0
0;19;0;147.0;0;6;6;14.166.666.666.666.600;6;6;13.5
0;31;0;150.0;0;6;5;12.5;6;5;14.6
0;33;1;103.5;0;6;6;14.166.666.666.666.600;6;6;14.333.333.333.333.300
0;20;1;107.8;0;7;5;14.46;7;6;13.55
0;22;0;130.0;0;6;5;12.8;6;2;11.5
0;19;0;109.4;0;6;6;12.666.666.666.666.600;6;5;13.4
0;18;0;143.6;0;6;6;12.5;6;6;13.0
0;18;0;124.3;0;6;0;0.0;6;0;0.0
0;18;0;119.5;0;6;0;0.0;6;0;0.0
0;18;0;175.6;0;0;0;0.0;0;0;0.0
0;19;1;116.1;0;5;5;11.2;5;3;11.0
0;18;0;126.6;0;6;6;16.5;6;6;17.428.571.428.571.400
0;18;0;130.8;0;5;3;13.666.666.666.666.600;5;5;12.0
0;18;1;133.5;0;8;7;15.228.571.428.571.400;8;7;15.228.571.428.571.400
0;21;0;136.9;0;9;9;1.277.777.777.777.770;9;9;1.322.222.222.222.220
0;18;1;142.3;0;8;7;14.428.571.428.571.400;8;7;14.428.571.428.571.400
0;18;0;114.3;0;6;6;13.875;6;6;13.714.285.714.285.700
0;18;0;122.9;0;7;7;13.128;8;6;13.193.333.333.333.300
0;20;0;117.2;0;7;6;11.605;8;7;124.125
0;18;1;152.0;0;5;5;14.6;5;5;12.0
0;18;0;122.2;0;6;0;0.0;6;0;0.0
0;20;1;101.7;0;5;5;11.8;5;5;11.6
0;20;0;119.9;0;6;6;12.333.333.333.333.300;6;6;12.333.333.333.333.300
0;19;1;123.7;1;5;4;11.0;5;0;0.0
0;19;1;121.8;0;11;11;13.181.818.181.818.100;11;11;12.909.090.909.090.900
0;18;1;106.1;1;6;1;11.0;6;0;0.0
0;19;1;124.3;1;6;6;11.833.333.333.333.300;6;6;12.285.714.285.714.200
0;20;1;124.3;0;8;8;1.298.125;8;8;1.298.125
0;21;0;117.4;0;7;6;11.333.333.333.333.300;5;5;11.2
0;21;0;112.7;0;8;6;11.68;8;6;11.68
0;20;0;123.7;0;6;6;14.5;6;6;13.5
0;19;0;105.8;0;7;7;13.142.857.142.857.100;7;7;12.857.142.857.142.800
0;21;0;124.2;0;5;2;11.5;5;2;10.5
0;18;0;122.3;0;5;5;14.2;5;5;11.8
0;19;1;123.7;0;6;5;11.666.666.666.666.600;6;5;12.2
0;18;0;129.8;0;7;7;13.175;8;8;14.875
0;19;1;123.8;0;8;7;13.314.285.714.285.700;8;7;13.314.285.714.285.700
0;18;1;126.4;0;5;3;10.6;5;3;10.5
0;18;1;115.1;0;6;4;12.0;6;4;10.75
0;18;0;138.4;0;6;6;13.428.571.428.571.400;6;6;14.142.857.142.857.100
0;18;1;118.2;0;5;4;13.25;5;5;15.571.428.571.428.500
0;18;0;121.7;0;6;2;13.0;6;0;0.0
0;18;1;118.0;0;6;6;14.333.333.333.333.300;6;6;14.0
0;18;0;119.8;0;6;0;0.0;6;0;0.0
0;18;0;164.9;0;6;6;14.0;6;6;13.166.666.666.666.600
0;20;1;100.0;0;2;2;12.0;6;6;12.833.333.333.333.300
0;18;0;121.6;0;6;5;12.333.333.333.333.300;6;5;10.6
0;18;0;120.4;0;6;5;11.8;6;5;10.4
0;20;1;117.8;0;8;7;12.791.428.571.428.500;8;7;12.791.428.571.428.500
0;40;0;110.0;0;8;8;11.625;7;5;11.2
0;18;1;128.8;0;7;6;11.994.444.444.444.400;8;7;1.243.142.857.142.850
0;19;0;116.6;0;6;5;11.6;6;5;12.2
0;24;0;120.0;0;5;0;0.0;5;0;0.0
0;19;0;157.5;0;6;6;13.166.666.666.666.600;6;6;13.166.666.666.666.600
0;19;0;136.3;0;8;7;14.1;8;7;14.1
0;20;1;121.5;0;7;6;12.396.666.666.666.600;8;7;1.294.285.714.285.710
0;18;0;133.9;0;7;7;15.014.285.714.285.700;8;8;160.875
0;18;1;136.8;0;0;0;0.0;0;0;0.0
0;19;0;133.5;0;7;7;14.05;8;8;15.1
0;18;0;130.0;0;7;7;14.85;8;8;15.2
0;19;0;140.0;0;6;6;13.0;6;5;13.0
0;19;1;132.7;0;7;7;147.875;8;8;158.625
0;19;1;117.8;0;7;7;13.7;8;7;14.671.428.571.428.500
0;19;1;126.1;0;7;7;12.495.714.285.714.200;8;7;12.242.857.142.857.100
0;19;0;120.0;0;7;6;14.566.666.666.666.600;7;6;14.566.666.666.666.600
0;25;0;100.0;1;5;5;11.2;5;4;11.25
0;20;0;116.8;0;8;7;12.685.714.285.714.200;8;7;12.685.714.285.714.200
0;23;0;128.3;1;9;7;13.571.428.571.428.500;9;4;13.25
0;20;0;117.0;0;6;0;0.0;6;0;0.0
0;27;0;131.5;0;6;5;11.0;6;6;11.166.666.666.666.600
0;18;0;134.8;0;8;8;14.445;8;8;14.445
0;18;0;146.6;1;6;5;13.6;6;4;11.75
0;23;0;130.0;1;12;11;14.0;10;8;14.625
0;19;1;127.5;0;7;6;13.416.666.666.666.600;7;6;13.416.666.666.666.600
0;18;0;123.0;0;5;5;12.333.333.333.333.300;5;5;11.4
0;20;0;100.0;0;7;7;13.1;8;8;148.125
0;18;0;114.2;0;6;4;13.2;6;5;12.8
0;19;1;123.5;0;8;8;14.75;8;8;14.75
0;19;1;144.3;0;6;6;13.142.857.142.857.100;6;6;14.333.333.333.333.300
0;19;0;142.2;0;6;4;12.5;6;5;12.5
0;18;0;161.9;0;5;4;13.75;5;5;14.857.142.857.142.800
0;18;0;135.9;0;6;5;12.4;6;6;13.0
0;18;0;110.1;0;6;6;13.333.333.333.333.300;6;6;12.0
0;28;0;122.5;0;11;11;11.727.272.727.272.700;8;8;12.0
0;19;0;138.1;0;6;4;12.5;6;1;14.0
0;20;0;117.3;1;0;0;0.0;0;0;0.0
0;19;1;106.8;0;7;6;13.533.333.333.333.300;8;7;13.614.285.714.285.700
0;20;1;120.1;0;6;6;13.166.666.666.666.600;6;6;12.666.666.666.666.600
0;19;1;116.5;0;6;5;13.2;6;5;11.0
0;21;0;120.0;0;6;5;12.2;6;4;12.6
0;19;1;139.7;0;7;7;13.428.571.428.571.400;7;7;14.857.142.857.142.800
0;18;1;123.7;0;6;6;12.714.285.714.285.700;6;6;12.625
0;19;0;116.5;0;6;0;0.0;6;0;0.0
0;19;1;122.2;0;6;6;13.666.666.666.666.600;6;6;13.666.666.666.666.600
0;20;0;146.0;1;6;5;11.0;6;6;13.166.666.666.666.600
0;18;0;108.8;0;7;5;11.4;7;6;13.333.333.333.333.300
0;18;0;133.0;0;0;0;0.0;0;0;0.0
0;18;0;123.8;0;5;4;12.0;5;5;12.0
0;18;0;120.0;0;6;0;0.0;6;0;0.0
0;18;0;126.9;0;6;5;11.0;6;6;11.666.666.666.666.600
0;20;0;121.3;0;6;5;12.0;6;6;11.571.428.571.428.500
0;19;1;129.0;0;7;7;13.308.571.428.571.400;8;8;12.55
0;21;0;114.9;1;6;3;13.666.666.666.666.600;6;3;10.666.666.666.666.600
0;20;0;106.5;1;6;0;0.0;6;0;0.0
0;18;0;133.9;0;6;5;12.2;6;4;11.25
0;20;1;124.9;0;6;6;12.666.666.666.666.600;6;6;12.833.333.333.333.300
0;19;1;128.5;0;8;8;1.407.125;8;8;1.407.125
0;22;0;126.2;0;5;4;14.25;5;5;13.2
0;22;0;121.7;0;6;0;0.0;2;0;0.0
0;18;0;120.0;0;6;3;12.0;6;4;10.25
0;21;0;113.2;0;10;6;11.166.666.666.666.600;10;7;10.571.428.571.428.500
0;19;0;120.3;0;6;2;13.0;6;5;11.6
0;19;0;127.8;0;0;0;0.0;0;0;0.0
0;20;1;123.3;0;8;7;14.901.428.571.428.500;8;7;14.901.428.571.428.500
0;18;1;126.3;1;7;7;12.65;8;8;12.445.555.555.555.500
0;22;0;128.2;0;12;7;11.0;5;5;10.6
0;20;0;134.9;0;5;4;12.4;5;5;12.666.666.666.666.600
0;19;0;140.0;0;6;6;12.0;6;6;12.666.666.666.666.600
0;19;1;115.5;0;7;7;12.135.714.285.714.200;8;7;13.328.571.428.571.400
0;20;1;106.7;0;7;5;12.62;7;6;12.5
0;25;0;140.0;0;5;3;10.666.666.666.666.600;5;3;11.333.333.333.333.300
0;19;1;136.6;0;7;6;13.766.666.666.666.600;8;7;14.051.428.571.428.500
0;19;0;119.3;0;8;8;1.311.625;8;8;1.311.625
0;19;0;152.0;0;5;0;0.0;6;0;0.0
0;20;0;144.3;0;7;6;12.7;8;7;13.571.428.571.428.500
0;25;0;159.0;0;7;7;11.857.142.857.142.800;8;5;11.7
0;20;1;129.5;0;7;6;12.333.333.333.333.300;7;6;12.333.333.333.333.300
0;24;0;140.0;0;6;4;15.75;6;5;16.4
0;20;0;105.4;0;5;5;13.333.333.333.333.300;5;5;13.2
0;21;0;136.0;0;7;7;14.355.555.555.555.500;8;8;1.349.375
0;19;1;160.0;1;6;6;13.0;6;5;13.0
0;19;1;139.1;0;6;6;12.833.333.333.333.300;6;6;13.5
0;21;1;126.9;0;5;5;13.2;5;4;13.0
0;28;0;184.0;0;7;7;17.005.555.555.555.500;8;8;16.582.222.222.222.200
0;19;1;125.0;1;6;5;10.6;6;5;11.0
0;18;1;138.5;0;5;5;14.0;5;5;13.6
0;18;1;133.5;0;8;7;12.114.285.714.285.700;8;7;12.114.285.714.285.700
0;18;1;141.5;0;8;8;1.305.875;8;8;1.305.875
0;22;0;130.0;0;8;7;13.285.714.285.714.200;8;7;13.285.714.285.714.200
0;19;0;131.0;0;5;4;11.0;5;3;10.666.666.666.666.600
0;18;1;145.0;0;7;7;14.071.428.571.428.500;8;8;151.625
0;20;0;114.3;0;6;0;0.0;6;0;0.0
0;26;0;108.3;0;9;4;11.25;10;3;11.0
0;18;1;125.2;0;6;6;14.0;6;6;13.625
0;21;1;131.7;0;6;6;12.166.666.666.666.600;6;3;11.666.666.666.666.600
0;18;0;126.3;0;8;7;13.297.142.857.142.800;8;7;13.297.142.857.142.800
0;20;0;147.6;0;6;6;13.923.076.923.076.900;6;6;14.25
0;18;0;125.1;0;7;7;13.37;8;7;12.833.333.333.333.300
0;19;1;123.8;0;5;5;12.4;5;3;11.0
0;20;0;130.8;0;5;4;15.0;5;4;13.75
0;18;1;154.1;1;6;6;13.333.333.333.333.300;6;6;12.571.428.571.428.500
0;20;1;122.6;0;5;3;12.0;5;4;12.625
0;22;0;103.5;0;6;5;13.4;6;5;12.2
0;18;0;132.8;0;0;0;0.0;0;0;0.0
0;21;0;100.0;0;5;4;11.5;5;5;11.4
0;18;0;115.8;0;7;6;12.0;7;6;12.166.666.666.666.600
0;18;0;133.8;0;8;7;13.485.714.285.714.200;8;7;13.485.714.285.714.200
0;18;1;118.5;0;6;6;12.0;6;6;11.285.714.285.714.200
0;19;0;150.3;0;0;0;0.0;0;0;0.0
0;19;0;107.8;0;5;3;10.333.333.333.333.300;5;3;14.428.571.428.571.400
0;19;0;127.5;0;7;5;12.94;7;5;13.76
0;19;0;120.5;0;8;7;13.258.571.428.571.400;8;7;13.258.571.428.571.400
0;19;0;117.3;0;5;4;12.25;5;4;12.0
0;19;0;120.6;0;6;3;11.666.666.666.666.600;6;1;10.0
0;21;1;118.7;0;6;6;13.571.428.571.428.500;6;6;12.5
0;20;1;130.8;0;6;5;11.8;6;5;11.833.333.333.333.300
0;20;1;112.6;0;5;5;14.2;5;5;13.285.714.285.714.200
0;41;0;117.2;0;5;5;11.0;5;5;11.8
0;32;0;130.0;0;7;4;13.625;7;7;126.375
0;18;0;131.8;0;8;7;14.652.857.142.857.100;8;7;14.652.857.142.857.100
0;35;1;97.0;0;6;6;11.333.333.333.333.300;6;6;11.333.333.333.333.300
0;32;0;130.0;1;7;4;13.7;7;0;0.0
0;37;0;148.0;0;11;11;13.727.272.727.272.700;8;8;14.75
0;30;0;103.4;0;7;7;11.75;8;7;11.142.857.142.857.100
1;23;0;127.1;0;6;6;12.333.333.333.333.300;6;5;13.0
0;20;1;124.0;0;6;6;14.0;6;6;13.857.142.857.142.800
1;21;0;121.4;0;5;4;11.5;5;4;11.75
1;19;0;118.1;0;5;5;11.2;5;5;13.2
1;18;1;121.3;0;8;7;15.07;8;7;15.07
1;18;0;119.5;0;5;1;10.0;5;1;12.0
1;24;0;115.2;0;5;4;12.0;5;5;12.666.666.666.666.600
1;22;0;130.2;0;6;4;13.0;6;4;12.6
1;18;0;130.0;0;6;4;11.0;6;3;11.25
0;18;0;126.9;0;6;6;13.571.428.571.428.500;6;5;12.166.666.666.666.600
1;21;0;168.5;0;6;5;14.6;6;5;14.2
0;38;0;130.0;1;7;3;11.833.333.333.333.300;7;2;10.0
0;19;1;122.8;0;7;7;12.625;8;8;125.125
0;36;0;110.0;0;7;4;11.5;7;3;12.333.333.333.333.300
0;18;0;127.1;0;5;4;13.25;5;4;10.5
0;19;0;108.5;0;7;7;1.260.625;8;6;11.9
0;21;0;138.2;1;10;8;13.75;9;5;13.2
0;19;0;96.0;0;7;6;13.598.333.333.333.300;8;6;11.933.333.333.333.300
0;18;1;124.5;0;6;5;11.142.857.142.857.100;6;6;12.285.714.285.714.200
0;45;0;120.0;0;11;11;12.7;10;10;1.296.818.181.818.180
0;20;0;132.3;0;5;1;10.0;5;1;11.0
0;18;0;120.7;1;6;6;11.666.666.666.666.600;6;4;11.5
0;18;1;132.6;0;6;6;14.0;6;6;13.142.857.142.857.100
0;25;0;140.0;0;5;0;0.0;5;0;0.0
0;19;0;124.5;0;8;7;1.204.142.857.142.850;8;7;1.204.142.857.142.850
0;18;1;142.0;0;0;0;0.0;0;0;0.0
0;39;0;130.0;0;13;13;1.376.923.076.923.070;12;12;14.583.333.333.333.300
0;29;0;144.0;0;18;18;15.444.444.444.444.400;13;13;15.307.692.307.692.300
0;18;0;128.5;0;7;6;11.5;7;7;12.714.285.714.285.700
0;23;0;140.0;0;3;2;10.0;6;0;0.0
0;21;0;113.9;0;6;4;12.25;6;3;10.333.333.333.333.300
0;18;0;137.2;0;6;6;14.5;6;6;15.166.666.666.666.600
0;23;0;140.0;0;6;6;15.571.428.571.428.500;6;6;16.375
0;18;0;152.3;0;6;6;15.571.428.571.428.500;6;6;14.714.285.714.285.700
0;32;0;112.5;0;6;5;13.8;6;6;12.166.666.666.666.600
0;29;0;101.0;1;5;3;10.666.666.666.666.600;5;2;14.8
0;20;1;112.3;1;6;5;11.6;6;4;11.75
0;28;0;114.0;0;6;1;13.0;6;0;0.0
0;27;0;130.0;0;5;3;12.0;5;4;13.625
0;22;0;121.5;1;14;12;12.333.333.333.333.300;14;12;12.333.333.333.333.300
0;37;0;120.0;1;6;6;12.875;6;6;12.9
0;28;0;130.0;0;6;1;11.0;6;0;0.0
0;43;0;125.7;1;6;4;12.25;6;4;10.5
0;32;0;128.0;0;7;0;0.0;8;0;0.0
0;20;1;113.2;0;6;4;10.75;6;5;11.5
0;35;1;120.0;0;8;8;13.63;8;8;13.63
0;21;0;117.8;0;5;3;13.0;5;4;11.5
0;18;1;121.3;0;7;6;13.533.333.333.333.300;7;7;12.228.571.428.571.400
0;18;1;169.7;0;7;7;16.9;8;8;1.637.777.777.777.770
0;18;0;117.7;0;6;5;12.0;6;4;12.0
0;22;0;121.8;0;6;6;12.5;6;6;13.285.714.285.714.200
0;19;0;128.3;0;8;7;12.764.285.714.285.700;8;7;12.764.285.714.285.700
0;18;1;132.2;0;5;5;13.75;5;5;12.166.666.666.666.600
0;19;0;134.3;1;0;0;0.0;0;0;0.0
0;18;1;123.4;0;7;7;14.604.285.714.285.700;8;8;1.568.333.333.333.330
0;31;0;121.7;1;5;0;0.0;5;0;0.0
0;33;1;130.0;1;6;5;13.833.333.333.333.300;6;6;12.5
0;19;1;126.5;0;8;8;1.357.625;8;8;1.357.625
0;18;1;159.7;0;6;6;15.142.857.142.857.100;6;6;15.833.333.333.333.300
0;23;0;151.3;0;5;3;10.666.666.666.666.600;5;5;11.6
0;20;0;138.0;0;6;5;11.2;6;6;12.0
0;18;0;126.5;0;8;8;1.376.375;8;8;1.376.375
0;21;0;140.0;1;9;8;13.25;9;5;12.2
0;22;1;112.3;0;6;5;10.714.285.714.285.700;6;5;12.2
0;20;0;127.3;1;6;6;12.166.666.666.666.600;6;6;11.666.666.666.666.600
0;23;0;130.0;0;7;6;14.357.142.857.142.800;7;6;14.357.142.857.142.800
0;19;0;115.0;0;6;6;12.833.333.333.333.300;6;6;12.666.666.666.666.600
0;19;0;131.5;0;8;7;13.925.714.285.714.200;8;7;13.925.714.285.714.200
0;26;0;125.7;0;5;2;12.0;5;3;11.0
0;18;0;126.8;0;7;7;1.344.285.714.285.710;8;8;13.744.444.444.444.400
1;18;0;132.4;0;5;1;16.0;5;0;0.0
1;20;0;150.0;0;6;6;13.125;6;6;13.2
1;19;0;95.0;0;6;0;0.0;6;0;0.0
1;32;0;128.2;0;9;5;11.4;4;4;11.0
1;31;0;130.0;0;4;2;11.0;5;3;11.666.666.666.666.600
1;25;0;100.0;0;5;1;11.0;5;1;10.0
0;21;0;159.9;0;6;5;13.666.666.666.666.600;6;5;13.0
0;31;0;100.0;0;6;4;11.75;5;1;10.0
0;34;0;116.5;0;7;1;10.0;7;1;13.0
0;18;1;120.0;0;6;6;13.5;6;6;12.833.333.333.333.300
0;19;0;117.0;1;6;0;0.0;6;0;0.0
0;21;0;140.0;1;6;1;12.0;6;1;11.0
0;18;0;118.1;0;6;3;13.0;6;5;11.8
0;20;0;153.5;0;6;6;14.833.333.333.333.300;6;6;16.0
0;20;0;127.9;0;6;6;11.833.333.333.333.300;6;6;12.857.142.857.142.800
0;18;1;118.8;0;6;5;12.0;6;5;12.333.333.333.333.300
0;19;0;126.7;0;6;4;12.75;6;6;11.333.333.333.333.300
0;19;0;170.0;0;5;0;0.0;5;4;14.75
0;30;1;110.0;0;6;0;0.0;6;1;10.0
0;19;0;115.0;0;6;6;12.0;6;6;12.857.142.857.142.800
0;19;0;119.0;0;7;7;11.677.777.777.777.700;8;8;13.8
0;19;1;121.8;0;8;7;13.6;8;7;13.6
0;19;0;133.4;0;6;6;16.0;6;6;15.875
0;20;0;131.4;0;6;5;11.8;6;6;11.5
1;25;0;135.0;1;5;0;0.0;6;2;14.0
1;19;0;122.8;0;6;0;0.0;6;0;0.0
0;34;1;140.0;1;6;6;16.142.857.142.857.100;6;6;16.2
0;18;1;125.3;0;8;7;11.785.714.285.714.200;8;7;11.785.714.285.714.200
0;18;1;126.3;0;8;8;1.342.375;8;8;1.342.375
0;20;0;100.0;0;6;6;12.5;6;5;14.166.666.666.666.600
0;20;1;121.3;0;8;7;12.464.285.714.285.700;8;7;12.464.285.714.285.700
0;23;0;135.0;1;11;8;12.375;9;5;12.6
0;28;0;120.0;0;6;1;10.0;6;0;0.0
0;18;0;113.7;0;6;5;12.6;6;6;12.428.571.428.571.400
0;19;0;129.7;0;5;5;12.6;5;4;12.4
0;34;0;132.1;0;5;2;10.0;5;4;12.0
0;35;0;120.3;0;7;0;0.0;6;0;0.0
0;32;0;120.0;0;5;5;11.6;5;5;12.333.333.333.333.300
0;19;0;123.1;0;6;6;12.166.666.666.666.600;6;6;13.5
0;18;0;119.4;0;6;4;13.6;6;5;12.666.666.666.666.600
0;35;0;140.0;0;5;4;12.5;5;5;11.8
1;24;1;116.5;0;6;4;12.25;6;4;11.5
0;20;1;113.0;0;6;6;11.714.285.714.285.700;6;6;12.625
1;18;1;133.9;0;6;6;13.5;6;6;13.0
1;20;1;115.5;0;8;7;13.024.285.714.285.700;8;7;13.024.285.714.285.700
1;18;0;116.5;0;6;0;0.0;6;0;0.0
1;18;1;171.2;0;5;5;17.333.333.333.333.300;5;5;18.571.428.571.428.500
1;20;1;119.1;0;5;4;11.0;5;4;11.5
1;19;0;121.1;0;7;6;13.666.666.666.666.600;7;6;12.5
1;20;1;132.9;0;6;6;11.375;6;5;13.8
1;19;0;132.8;0;6;6;12.833.333.333.333.300;6;6;11.833.333.333.333.300
1;20;0;126.7;0;6;5;12.6;6;4;11.5
1;22;0;105.8;0;7;6;14.333.333.333.333.300;8;7;13.771.428.571.428.500
1;18;1;117.2;0;5;4;13.5;6;6;13.625
1;19;0;140.0;0;8;7;14.285.714.285.714.200;8;7;14.285.714.285.714.200
1;22;0;120.0;0;6;3;11.75;6;2;10.0
1;20;0;119.5;0;5;5;14.8;5;5;17.6
1;34;0;153.9;1;6;0;0.0;6;0;0.0
1;24;0;130.0;0;6;1;10.0;5;0;0.0
1;26;0;107.0;0;5;0;0.0;5;0;0.0
1;35;0;132.8;0;7;4;12.6;7;5;12.38
1;22;0;127.5;0;5;5;12.428.571.428.571.400;5;5;11.8
1;26;0;123.3;0;6;4;10.0;6;3;12.0
1;19;0;122.0;0;5;3;12.333.333.333.333.300;5;0;0.0
1;19;0;114.8;0;6;0;0.0;6;0;0.0
1;20;0;140.0;1;0;0;0.0;0;0;0.0
1;21;0;111.0;1;11;10;12.1;8;8;13.333.333.333.333.300
0;19;1;133.2;0;6;6;14.714.285.714.285.700;6;6;15.0
0;18;0;123.0;0;6;6;12.666.666.666.666.600;6;6;12.833.333.333.333.300
0;23;1;150.0;0;12;12;14.384.615.384.615.300;10;10;13.3
0;18;1;132.3;0;5;5;13.4;5;5;12.2
0;18;0;126.0;0;8;7;13.314.285.714.285.700;8;7;13.314.285.714.285.700
0;19;0;119.3;0;8;7;1.198.857.142.857.140;8;7;1.198.857.142.857.140
0;21;0;133.8;0;11;11;11.545.454.545.454.500;9;8;1.288.888.888.888.880
0;18;1;126.5;0;6;6;1.646.153.846.153.840;6;6;13.875
0;24;1;138.4;0;6;6;13.666.666.666.666.600;6;6;12.833.333.333.333.300
0;18;0;129.0;0;7;7;12.65;8;8;13.411.111.111.111.100
0;18;0;118.3;0;6;6;12.333.333.333.333.300;6;3;12.0
0;20;0;129.8;0;7;6;14.37;8;7;14.65
0;19;0;113.6;0;5;3;12.0;5;4;11.75
0;18;1;128.3;0;6;3;12.0;6;3;10.666.666.666.666.600
0;19;1;130.0;0;6;4;12.0;6;3;11.0
0;19;0;121.9;0;6;5;12.6;6;5;11.2
0;18;0;129.4;1;6;6;12.166.666.666.666.600;6;6;12.333.333.333.333.300
0;20;0;115.3;0;7;6;13.5;7;6;14.0
0;18;1;125.5;0;8;8;1.376.375;8;8;1.376.375
0;19;1;117.8;0;7;6;12.4;7;6;12.8
0;18;0;118.7;0;5;4;10.666.666.666.666.600;5;2;12.0
0;18;0;139.0;0;7;6;14.333.333.333.333.300;7;6;14.333.333.333.333.300
0;21;0;98.9;0;6;4;12.5;6;2;12.666.666.666.666.600
0;19;0;137.7;1;6;1;10.0;6;0;0.0
0;21;0;113.6;0;7;7;1.469.625;8;8;14.622.222.222.222.200
0;18;0;113.4;0;6;4;11.5;6;3;13.75
0;18;1;128.5;0;7;7;12.855.555.555.555.500;8;8;139.125
0;18;0;142.8;0;7;7;13.7;8;8;13.994.444.444.444.400
0;23;0;137.7;0;5;0;0.0;5;1;12.0
0;20;0;103.5;0;6;3;11.2;6;4;12.0
0;18;0;123.2;0;7;7;13.285.714.285.714.200;8;8;13.333.333.333.333.300
0;19;0;126.0;0;6;5;13.0;6;5;10.4
0;27;1;121.7;0;7;6;12.6;7;6;11.685.714.285.714.200
0;19;1;142.8;1;5;5;12.8;5;4;12.0
0;21;0;120.0;0;6;5;11.5;6;5;11.0
0;19;1;119.3;0;8;7;11.4;8;7;11.4
0;21;1;121.0;0;6;6;12.333.333.333.333.300;6;6;11.333.333.333.333.300
0;18;0;139.4;0;6;5;12.8;6;4;12.2
0;20;1;113.9;0;5;5;12.0;5;4;15.0
0;18;1;124.6;0;6;5;13.0;6;5;13.5
0;18;1;123.8;1;6;6;11.833.333.333.333.300;6;6;11.0
0;18;0;126.3;0;6;6;14.0;6;6;13.333.333.333.333.300
0;18;1;120.4;0;6;6;12.333.333.333.333.300;6;6;13.5
0;19;1;120.5;0;7;5;13.04;7;7;12.5
0;23;0;144.9;1;11;11;13.166.666.666.666.600;9;8;13.333.333.333.333.300
0;24;1;139.9;0;6;6;12.5;6;6;12.833.333.333.333.300
0;19;0;133.3;0;0;0;0.0;0;0;0.0
0;18;0;126.0;0;8;7;15.657.142.857.142.800;8;7;15.657.142.857.142.800
0;19;0;133.5;0;6;6;12.166.666.666.666.600;6;6;11.333.333.333.333.300
0;19;0;127.9;0;6;0;0.0;6;0;0.0
0;20;1;105.9;0;6;5;10.6;6;5;11.166.666.666.666.600
0;20;0;124.3;0;6;6;13.428.571.428.571.400;6;5;12.666.666.666.666.600
0;26;0;102.5;0;6;4;11.75;6;0;0.0
1;36;0;97.0;1;5;0;0.0;5;0;0.0
1;19;0;134.7;0;0;0;0.0;0;0;0.0
1;27;0;113.8;0;5;0;0.0;5;0;0.0
1;18;0;116.9;0;5;1;13.0;5;0;0.0
1;18;1;124.0;0;8;7;13.331.428.571.428.500;8;7;13.331.428.571.428.500
1;28;0;117.5;0;6;0;0.0;6;0;0.0
1;21;0;154.8;0;0;0;0.0;0;0;0.0
1;19;0;141.0;0;7;6;13.7;7;6;13.7
1;26;0;120.0;1;5;0;0.0;5;0;0.0
1;20;0;133.6;0;9;9;13.454.545.454.545.400;7;6;13.875
1;19;0;122.0;0;8;7;12.2;8;7;12.2
1;21;0;120.0;0;5;3;10.0;5;4;11.0
1;23;1;114.2;0;6;5;13.0;6;6;12.857.142.857.142.800
1;29;0;95.5;0;6;6;12.0;6;6;14.0
1;20;0;120.0;0;8;7;15.028.571.428.571.400;8;7;15.028.571.428.571.400
1;18;0;111.1;0;6;6;12.0;6;6;11.714.285.714.285.700
1;19;0;128.6;0;6;5;12.0;6;5;12.4
1;23;0;130.0;0;7;3;13.666.666.666.666.600;8;3;11.333.333.333.333.300
1;21;0;111.1;0;0;0;0.0;0;0;0.0
1;18;0;122.7;0;5;5;12.0;5;4;12.5
1;18;1;134.4;0;0;0;0.0;0;0;0.0
1;21;0;131.0;1;6;1;14.0;6;0;0.0
1;22;0;125.0;0;6;0;0.0;6;0;0.0
1;21;0;106.0;0;7;7;12.375;7;5;12.583.333.333.333.300
1;32;0;128.0;0;7;0;0.0;8;0;0.0
1;27;0;120.0;0;18;18;11.421.052.631.578.900;13;13;11.076.923.076.923.000
1;18;0;134.8;0;7;6;13.35;7;6;13.35
1;24;1;112.0;0;6;6;15.0;6;2;16.0
1;22;0;116.1;0;5;2;10.5;5;0;0.0
1;22;0;120.0;0;6;0;0.0;4;0;0.0
1;19;0;119.7;0;5;5;13.25;5;5;11.833.333.333.333.300
1;19;0;117.1;0;5;0;0.0;5;0;0.0
1;21;0;112.4;0;5;4;11.5;5;3;10.6
0;18;1;131.0;0;8;8;1.388.125;8;8;1.388.125
0;18;0;130.9;0;6;6;11.333.333.333.333.300;6;5;12.6
0;20;0;134.9;1;0;0;0.0;0;0;0.0
0;19;0;127.1;0;6;6;12.857.142.857.142.800;6;6;13.666.666.666.666.600
0;19;0;110.2;1;6;5;11.6;6;6;12.5
0;18;1;108.7;0;6;5;11.4;6;6;11.333.333.333.333.300
0;20;0;138.0;0;6;6;13.333.333.333.333.300;6;6;13.0
0;22;1;147.7;1;7;7;13.571.428.571.428.500;9;9;1.377.777.777.777.770
0;31;0;123.0;0;7;6;11.833.333.333.333.300;7;7;12.228.571.428.571.400
0;19;1;142.8;0;7;7;14.428.571.428.571.400;7;7;14.142.857.142.857.100
0;18;0;138.3;0;0;0;0.0;0;0;0.0
0;18;1;125.2;0;6;6;12.285.714.285.714.200;6;5;12.4
0;21;0;141.8;0;5;5;14.4;5;5;13.8
0;18;1;130.6;0;7;7;13.15;8;8;1.506.875
1;25;0;130.0;1;5;0;0.0;5;0;0.0
1;21;0;100.0;1;5;0;0.0;6;0;0.0
0;19;1;119.0;0;8;7;12.342.857.142.857.100;8;7;12.342.857.142.857.100
0;19;0;124.3;0;6;5;12.2;6;5;10.8
0;22;0;122.2;0;6;4;10.5;6;1;11.0
1;19;0;150.0;0;5;5;10.6;5;5;11.6
0;58;0;135.5;0;6;0;0.0;6;0;0.0
0;19;1;127.3;0;6;4;11.25;6;6;12.0
1;23;0;127.0;0;9;6;10.5;10;10;11.7
0;19;1;126.9;0;6;4;11.0;6;3;11.666.666.666.666.600
0;18;0;127.5;0;7;7;13.457.142.857.142.800;8;8;145.125
0;20;0;122.0;0;5;5;12.6;5;4;12.333.333.333.333.300
0;18;0;115.8;0;6;0;0.0;6;0;0.0
0;18;0;121.6;0;6;6;13.666.666.666.666.600;6;5;13.6
0;18;1;116.4;1;5;5;11.6;5;5;11.8
0;24;0;120.0;0;6;6;12.571.428.571.428.500;6;5;12.833.333.333.333.300
0;18;0;127.3;0;6;5;11.8;6;5;11.4
0;19;1;123.5;0;5;5;11.6;5;3;12.666.666.666.666.600
0;19;1;125.6;0;6;6;11.333.333.333.333.300;6;6;11.833.333.333.333.300
0;18;0;118.5;0;6;6;10.666.666.666.666.600;6;6;11.5
0;18;0;129.5;0;5;4;13.5;5;5;13.4
0;19;1;134.6;0;0;0;0.0;0;0;0.0
0;22;0;140.0;0;6;6;13.333.333.333.333.300;6;4;11.5
0;19;0;133.2;0;6;5;13.4;6;2;13.5
0;21;1;133.5;0;6;3;10.2;6;4;12.25
0;21;1;117.9;0;6;5;13.0;6;6;12.833.333.333.333.300
0;18;1;128.0;0;8;7;1.290.857.142.857.140;8;7;1.290.857.142.857.140
0;20;0;113.2;0;6;4;12.0;6;1;10.0
0;18;1;122.0;0;6;6;10.833.333.333.333.300;6;5;11.0
0;19;0;156.9;0;6;6;15.333.333.333.333.300;6;6;15.833.333.333.333.300
0;18;1;125.1;0;7;6;12.816.666.666.666.600;8;6;12.875
1;26;0;100.0;1;7;6;13.0;6;2;14.0
0;19;0;160.0;1;6;2;13.5;5;2;11.0
0;35;0;101.0;0;6;6;12.5;6;6;12.166.666.666.666.600
0;19;1;121.5;0;6;6;13.0;6;6;14.333.333.333.333.300
1;18;0;126.8;0;5;4;11.75;5;5;12.571.428.571.428.500
1;19;0;132.9;0;5;4;12.5;5;4;14.25
1;25;0;134.3;0;17;17;1.161.111.111.111.110;17;17;12.055.555.555.555.500
1;18;0;120.5;0;6;6;14.0;6;6;14.666.666.666.666.600
1;26;0;144.1;1;6;0;0.0;6;0;0.0
1;34;0;100.0;0;5;5;13.8;5;5;13.833.333.333.333.300
1;18;0;114.8;0;5;0;0.0;5;0;0.0
1;18;0;111.9;0;0;0;0.0;0;0;0.0
1;18;1;125.4;0;5;4;12.25;5;3;12.333.333.333.333.300
1;20;0;140.0;0;6;3;11.5;6;3;13.666.666.666.666.600
1;25;0;140.0;0;7;6;12.571.428.571.428.500;9;9;12.555.555.555.555.500
1;18;0;127.8;0;6;6;12.0;6;5;12.166.666.666.666.600
1;19;0;131.6;0;12;11;12.0;12;12;12.307.692.307.692.300
1;20;0;119.4;0;0;0;0.0;0;0;0.0
1;20;1;129.9;0;7;6;12.0;6;6;11.166.666.666.666.600
1;20;0;114.0;0;5;4;11.6;5;4;12.25
1;19;1;113.4;0;5;0;0.0;5;0;0.0
1;20;0;117.8;0;5;5;12.0;5;4;13.0
1;18;0;114.3;0;7;6;13.976.666.666.666.600;8;6;12.041.666.666.666.600
1;19;0;129.7;0;6;4;12.5;6;1;10.0
1;20;0;112.0;0;5;0;0.0;5;0;0.0
1;24;0;140.0;0;6;4;10.5;6;4;12.5
1;20;0;150.0;0;6;5;12.857.142.857.142.800;6;6;12.3
1;19;0;122.4;0;5;3;11.666.666.666.666.600;5;4;12.0
1;23;0;150.0;0;5;2;13.0;5;1;10.0
1;20;0;135.0;0;6;6;11.833.333.333.333.300;6;5;10.4
1;21;0;116.2;0;11;11;12.454.545.454.545.400;11;8;12.75
1;20;0;120.4;0;5;3;11.0;5;0;0.0
1;21;0;122.9;0;5;4;13.2;5;4;14.25
1;18;1;155.0;0;6;6;15.5;6;6;14.166.666.666.666.600
1;18;0;123.4;0;6;6;12.333.333.333.333.300;6;6;13.666.666.666.666.600
1;18;0;124.2;0;5;5;12.0;5;4;11.4
1;20;0;130.0;0;6;4;11.6;6;5;11.5
1;18;1;126.2;0;6;6;11.333.333.333.333.300;6;6;12.285.714.285.714.200
1;19;0;120.5;0;6;0;0.0;6;0;0.0
1;20;0;123.7;0;5;4;12.0;5;2;12.5
1;19;0;122.5;0;5;4;12.0;5;5;12.6
1;33;0;139.2;1;5;2;12.5;5;2;11.5
1;21;0;131.2;0;12;12;13.666.666.666.666.600;11;11;13.0
1;25;0;120.0;1;6;2;14.5;6;0;0.0
1;20;1;116.7;0;6;4;13.2;6;0;0.0
1;22;1;150.0;0;7;5;12.166.666.666.666.600;8;5;14.8
0;39;0;117.5;0;6;4;11.25;6;6;11.333.333.333.333.300
1;21;1;137.6;0;6;6;15.166.666.666.666.600;6;6;14.428.571.428.571.400
0;19;1;124.3;0;6;6;11.166.666.666.666.600;6;4;13.4
0;26;1;116.0;0;7;6;10.983.333.333.333.300;7;6;10.983.333.333.333.300
0;19;1;121.4;0;6;4;10.75;6;5;11.5
0;20;1;142.8;0;12;11;13.384.615.384.615.300;9;7;14.285.714.285.714.200
0;25;1;96.0;0;6;6;11.285.714.285.714.200;6;5;12.2
1;24;0;125.0;0;6;0;0.0;6;0;0.0
1;20;0;126.1;0;5;4;13.0;5;5;14.833.333.333.333.300
1;29;0;155.8;0;6;6;1.611.111.111.111.110;6;6;13.5
1;20;0;116.0;0;6;6;11.5;6;6;11.0
1;20;0;110.0;0;6;4;10.75;6;2;10.5
1;24;1;97.2;0;6;4;11.6;6;5;13.0
1;24;0;100.0;1;7;0;0.0;7;0;0.0
1;23;0;140.0;0;5;5;13.8;5;5;14.142.857.142.857.100
1;20;0;128.0;0;7;7;13.585.714.285.714.200;8;8;146.875
1;19;0;115.3;0;6;6;13.857.142.857.142.800;6;5;13.0
1;28;0;150.0;0;6;5;12.0;6;6;12.333.333.333.333.300
1;20;1;160.0;0;6;6;13.444.444.444.444.400;6;5;12.6
1;18;0;133.1;0;6;6;14.0;6;6;13.857.142.857.142.800
1;20;0;119.0;1;6;1;12.0;6;0;0.0
1;33;0;156.0;0;5;5;14.2;5;5;13.833.333.333.333.300
0;35;0;163.7;0;7;5;13.34;7;5;10.84
0;27;0;130.0;0;8;7;12.457.142.857.142.800;8;7;12.457.142.857.142.800
0;19;0;123.1;0;6;3;11.0;6;3;12.0
0;31;1;160.0;0;5;4;10.5;5;4;10.5
1;19;0;136.1;0;0;0;0.0;0;0;0.0
1;22;0;132.7;0;13;13;14.0;12;12;13.0
0;39;0;128.2;0;7;0;0.0;8;0;0.0
1;22;0;126.7;0;1;0;0.0;6;0;0.0
1;47;0;150.0;0;5;4;10.0;5;4;12.5
1;19;1;156.3;0;0;0;0.0;0;0;0.0
0;19;0;116.1;0;6;6;13.5;6;6;14.333.333.333.333.300
0;19;0;123.8;0;7;0;0.0;8;0;0.0
0;21;1;153.0;0;17;17;1.338.888.888.888.880;17;17;1.488.888.888.888.880
0;39;0;140.0;0;7;0;0.0;8;0;0.0
1;19;0;131.9;0;12;12;13.583.333.333.333.300;11;11;13.583.333.333.333.300
1;20;1;141.4;0;0;0;0.0;0;0;0.0
1;24;0;140.0;1;5;0;0.0;5;0;0.0
1;27;0;115.0;0;5;1;10.0;5;0;0.0
1;29;0;168.0;0;5;5;15.2;5;5;15.2
1;20;0;101.3;0;6;4;12.8;6;0;0.0
1;21;0;122.6;0;5;5;11.166.666.666.666.600;5;4;11.0
1;18;0;141.7;0;0;0;0.0;0;0;0.0
1;19;0;132.3;0;8;7;12.828.571.428.571.400;8;7;12.828.571.428.571.400
1;19;0;111.7;1;6;6;12.5;6;4;12.6
1;28;1;98.7;0;5;3;10.0;5;3;12.4
0;21;0;140.0;0;6;6;11.5;6;4;13.25
0;23;0;140.0;1;8;7;11.328.571.428.571.400;8;7;11.328.571.428.571.400
0;39;0;100.7;0;6;2;13.0;6;3;13.0
0;18;0;133.8;0;7;6;13.033.333.333.333.300;7;6;13.033.333.333.333.300
0;59;0;100.0;0;6;6;12.166.666.666.666.600;6;4;11.75
1;30;0;180.0;1;5;4;14.5;5;3;16.2
0;18;0;130.8;0;5;5;14.4;5;5;13.6
0;41;0;140.0;0;6;4;12.25;7;6;12.5
0;27;0;106.2;0;7;0;0.0;7;0;0.0
0;18;1;125.6;0;6;6;12.666.666.666.666.600;6;6;12.0
0;20;0;117.5;1;6;2;12.0;6;3;11.666.666.666.666.600
0;32;0;122.5;0;5;0;0.0;5;0;0.0
0;19;0;132.9;0;5;3;11.666.666.666.666.600;5;4;10.8
0;41;0;103.0;0;6;0;0.0;6;0;0.0
0;38;0;107.0;0;5;1;10.0;5;0;0.0
1;35;0;100.0;0;7;0;0.0;6;0;0.0
0;27;0;100.0;0;6;4;12.25;6;3;12.0
0;19;0;131.3;0;6;4;12.0;6;6;12.5
0;18;0;122.2;0;6;5;12.6;6;5;11.8
0;39;0;118.4;0;5;0;0.0;5;0;0.0
0;37;0;100.0;0;5;0;0.0;5;0;0.0
0;37;0;110.0;0;8;0;0.0;8;0;0.0
0;35;1;100.0;0;16;16;126.875;13;13;12.0
0;49;0;106.2;0;13;10;10.4;9;6;10.666.666.666.666.600
0;52;0;110.0;0;15;14;10.466.666.666.666.600;12;12;10.923.076.923.076.900
0;18;0;122.3;0;5;5;14.333.333.333.333.300;5;5;13.0
0;30;1;112.5;0;7;6;14.666.666.666.666.600;6;6;14.333.333.333.333.300
0;21;0;98.1;0;7;7;12.835.714.285.714.200;8;8;1.423.125
1;20;0;140.2;0;5;0;0.0;5;0;0.0
1;18;0;143.6;1;5;0;0.0;5;0;0.0
1;19;0;134.6;0;0;0;0.0;0;0;0.0
1;18;0;126.8;0;8;8;1.324.875;8;8;1.324.875
1;20;0;100.0;0;7;7;12.857.142.857.142.800;7;4;12.75
0;21;0;130.0;0;6;5;13.6;6;4;14.25
0;22;1;113.6;0;5;3;14.0;5;5;12.4
0;20;0;140.0;1;6;3;12.0;6;2;11.0
0;20;0;106.0;0;6;6;13.166.666.666.666.600;6;4;14.0
0;19;1;126.6;0;6;6;13.625;6;6;12.166.666.666.666.600
0;18;1;130.7;0;7;7;14.85;8;8;1.561.111.111.111.110
1;21;0;105.9;0;5;4;10.75;5;5;11.4
0;19;0;137.0;1;7;0;0.0;7;2;11.666.666.666.666.600
0;37;0;100.0;0;6;0;0.0;6;0;0.0
0;45;0;114.4;0;12;12;14.0;7;7;13.857.142.857.142.800
1;38;0;120.0;1;6;0;0.0;6;0;0.0
1;55;0;119.0;0;5;0;0.0;5;0;0.0
0;28;0;110.0;1;6;5;13.0;6;4;11.75
0;46;0;120.0;0;8;8;12.375;9;5;12.4
0;22;0;119.8;0;0;0;0.0;0;0;0.0
0;46;0;135.6;0;6;5;11.4;6;4;13.75
0;28;0;120.7;0;5;4;11.25;5;4;13.0
0;18;0;136.3;1;5;3;13.0;5;3;12.0
1;18;1;164.3;0;0;0;0.0;0;0;0.0
1;21;1;149.2;0;6;6;13.5;6;6;14.166.666.666.666.600
0;18;0;122.5;0;6;1;11.0;6;4;11.0
0;34;0;100.0;0;5;0;0.0;5;1;11.0
0;21;1;125.0;0;6;5;12.0;6;5;11.2
0;18;1;131.0;0;6;5;13.0;6;6;13.0
1;20;0;122.0;0;0;0;0.0;0;0;0.0
0;18;0;131.3;0;5;4;12.0;5;4;12.25
1;21;0;117.0;0;5;5;11.166.666.666.666.600;5;3;10.8
1;19;0;118.0;0;6;2;10.5;6;1;12.0
1;22;0;126.0;0;6;6;12.666.666.666.666.600;6;6;12.166.666.666.666.600
1;23;0;120.0;0;6;1;11.0;6;0;0.0
1;19;0;155.6;0;0;0;0.0;0;0;0.0
1;18;0;122.8;0;5;4;11.5;5;2;10.333.333.333.333.300
1;19;1;127.3;1;0;0;0.0;0;0;0.0
1;19;0;118.4;0;5;2;10.5;5;4;11.75
1;19;0;128.1;0;5;4;12.5;5;4;11.0
1;22;0;99.0;0;7;6;12.833.333.333.333.300;8;6;12.5
1;18;1;161.2;0;6;6;15.571.428.571.428.500;6;6;16.142.857.142.857.100
1;18;0;140.9;0;6;4;12.0;6;5;11.8
1;19;0;111.1;1;6;4;11.25;6;3;11.333.333.333.333.300
1;18;0;149.9;0;0;0;0.0;0;0;0.0
1;21;0;111.3;0;6;6;12.285.714.285.714.200;6;4;14.25
1;18;0;121.5;0;6;5;11.0;6;3;10.333.333.333.333.300
1;19;0;120.0;0;6;6;12.142.857.142.857.100;6;5;13.6
1;27;0;120.0;1;6;2;11.5;6;0;0.0
1;20;0;130.0;1;12;11;12.545.454.545.454.500;10;8;11.625
1;20;0;98.9;0;6;4;13.0;6;6;13.0
1;18;0;136.3;0;8;8;128.875;8;8;128.875
1;18;0;125.2;0;6;6;12.666.666.666.666.600;6;5;13.6
1;18;0;130.0;0;6;6;12.833.333.333.333.300;6;6;12.571.428.571.428.500
1;18;0;141.5;0;5;3;10.666.666.666.666.600;5;2;12.5
1;18;0;123.9;0;5;5;13.0;5;5;12.4
0;18;0;114.5;0;7;6;11.983.333.333.333.300;8;8;1.228.125
0;37;0;100.0;0;5;0;0.0;5;0;0.0
0;36;1;110.5;0;6;6;11.833.333.333.333.300;6;6;11.5
0;26;0;101.0;0;6;3;12.666.666.666.666.600;6;2;11.0
0;19;0;121.0;0;5;4;13.75;5;4;14.5
0;24;0;95.0;0;6;5;11.4;6;5;11.8
0;19;1;126.9;0;6;6;13.166.666.666.666.600;6;6;13.0
0;20;1;116.3;0;7;6;12.833.333.333.333.300;8;5;11.8
0;19;0;120.0;0;6;6;14.125;6;5;14.5
0;21;0;123.6;0;5;3;11.666.666.666.666.600;5;5;13.0
0;50;0;150.0;0;7;6;10.25;7;4;11.25
0;47;0;120.0;0;7;6;12.514.285.714.285.700;7;4;11.75
0;24;0;111.3;0;13;10;11.5;13;9;10.444.444.444.444.400
0;48;0;150.0;0;5;1;10.0;5;0;0.0
0;18;1;123.2;0;6;6;15.714.285.714.285.700;6;5;1.277.777.777.777.770
1;32;0;130.0;0;6;4;12.5;7;4;11.0
1;20;0;137.9;0;5;3;12.0;5;4;12.75
1;24;0;100.0;1;5;0;0.0;5;0;0.0
1;53;0;120.0;0;5;4;12.25;5;4;11.75
1;42;0;131.0;1;4;0;0.0;4;0;0.0
1;52;0;133.8;0;5;5;13.6;5;5;14.2
1;54;0;100.0;0;13;13;13.307.692.307.692.300;11;11;12.818.181.818.181.800
1;49;0;150.0;0;5;5;12.2;5;5;11.8
1;18;1;126.4;0;6;6;12.285.714.285.714.200;6;6;13.333.333.333.333.300
1;37;0;154.0;0;5;3;12.0;5;4;13.0
1;21;1;114.9;0;7;6;13.342.857.142.857.100;8;7;11.65
1;26;0;110.0;1;5;0;0.0;5;0;0.0
1;20;0;149.8;0;12;11;14.272.727.272.727.200;12;11;14.818.181.818.181.800
0;19;1;117.9;0;7;7;121.375;8;8;1.291.111.111.111.110
0;18;0;165.8;0;6;6;14.166.666.666.666.600;6;6;14.857.142.857.142.800
0;18;0;127.6;0;7;7;13.528.571.428.571.400;8;8;14.655.555.555.555.500
0;20;0;123.8;0;6;5;12.0;6;6;11.0
0;20;0;126.1;0;5;5;11.4;6;1;11.0
0;21;0;119.7;0;0;0;0.0;0;0;0.0
0;22;0;121.6;0;12;12;12.916.666.666.666.600;11;11;14.5
0;18;1;100.0;0;7;7;136.375;8;8;143.875
0;18;0;127.6;0;7;7;12.9;8;7;12.142.857.142.857.100
0;19;1;132.5;0;8;7;14.36;8;7;14.36
0;19;0;124.3;0;8;7;14.514.285.714.285.700;8;7;14.514.285.714.285.700
0;18;0;131.0;0;8;7;14.7;8;7;14.7
0;27;0;120.0;0;5;5;15.2;5;5;14.0
0;20;1;113.3;0;7;7;13.0;8;8;150.625
0;20;0;121.9;0;6;6;13.5;6;0;0.0
0;20;0;118.3;0;5;5;12.333.333.333.333.300;5;5;12.6
0;19;0;118.8;0;5;5;13.4;5;5;13.0
0;20;0;129.0;0;5;4;11.75;5;2;10.5
0;20;1;143.3;0;0;0;0.0;0;0;0.0
0;20;0;152.5;0;0;0;0.0;0;0;0.0
0;27;0;155.7;0;12;11;14.727.272.727.272.700;9;7;14.142.857.142.857.100
0;18;0;153.9;0;6;6;16.571.428.571.428.500;6;6;15.666.666.666.666.600
0;18;0;137.8;0;7;7;15.145;8;8;157.425
0;18;1;143.3;0;7;7;1.344.285.714.285.710;8;8;15.075
0;20;0;123.2;0;5;5;14.166.666.666.666.600;5;4;11.75
0;19;0;138.1;0;6;6;14.0;6;5;15.0
0;20;1;140.5;0;6;6;11.333.333.333.333.300;6;6;12.333.333.333.333.300
0;18;0;130.0;0;8;8;1.376.125;8;8;1.376.125
0;22;0;104.8;1;7;5;11.6;9;5;10.0
0;22;1;132.5;1;6;4;12.75;6;5;13.0
0;25;0;127.7;0;5;4;12.5;5;4;11.0
0;19;0;136.5;0;6;6;15.307.692.307.692.300;6;6;14.0
0;21;0;130.0;0;6;5;13.285.714.285.714.200;6;4;12.0
0;27;0;190.0;0;7;7;14.757.142.857.142.800;8;8;14.077.777.777.777.700
0;18;0;128.5;0;7;6;12.766.666.666.666.600;7;6;12.766.666.666.666.600
0;18;0;126.6;0;5;5;10.4;6;0;0.0
1;19;0;131.6;0;7;0;0.0;7;0;0.0
1;35;1;119.0;0;5;4;10.5;5;5;12.6
1;23;0;127.6;0;5;4;14.25;5;5;13.4
1;28;0;100.0;0;7;3;11.916.666.666.666.600;7;0;0.0
1;19;0;124.5;0;5;3;10.666.666.666.666.600;5;2;14.0
1;19;0;109.3;0;6;4;12.25;6;3;12.666.666.666.666.600
1;20;0;117.7;1;5;4;12.0;5;5;11.6
1;21;0;124.7;0;5;3;11.0;5;4;12.75
1;18;0;124.5;0;6;6;14.166.666.666.666.600;6;5;13.0
1;22;0;140.8;0;6;6;14.666.666.666.666.600;6;6;15.0
1;21;0;111.9;0;5;0;0.0;5;5;12.285.714.285.714.200
1;38;0;140.0;1;7;3;12.666.666.666.666.600;5;0;0.0
1;20;0;121.2;0;0;0;0.0;0;0;0.0
1;19;0;123.8;0;0;0;0.0;0;0;0.0
1;24;0;134.0;0;5;0;0.0;5;0;0.0
1;19;0;130.8;0;6;0;0.0;6;0;0.0
1;19;1;130.2;0;7;7;13.7;8;8;14.022.222.222.222.200
1;19;0;123.3;0;5;5;11.8;5;4;12.4
1;31;0;147.6;0;5;0;0.0;5;0;0.0
1;19;1;113.4;0;6;6;13.333.333.333.333.300;6;6;13.285.714.285.714.200
1;22;0;133.7;0;6;5;11.4;6;6;12.166.666.666.666.600
1;25;0;128.2;0;5;0;0.0;5;0;0.0
1;18;0;161.0;0;7;7;16.142.857.142.857.100;8;0;0.0
1;30;0;130.0;0;8;0;0.0;8;0;0.0
1;18;1;156.3;0;8;8;1.563.375;8;8;1.563.375
1;18;0;129.3;0;6;6;13.666.666.666.666.600;6;6;14.5
1;18;0;129.3;0;6;0;0.0;6;0;0.0
1;18;0;136.3;0;6;6;12.5;6;6;11.5
1;25;1;140.0;0;6;6;12.285.714.285.714.200;6;6;13.0
1;18;0;135.9;0;5;2;14.0;5;3;11.0
1;18;0;139.7;0;0;0;0.0;0;0;0.0
1;19;0;117.0;0;5;4;10.75;5;4;12.25
1;25;0;105.0;0;7;4;12.95;7;4;13.125
0;19;0;130.5;0;7;6;12.45;7;6;12.45
0;31;0;130.0;0;6;4;12.25;7;7;12.0
0;20;1;131.5;0;8;8;1.338.125;8;8;1.338.125
0;33;0;100.0;0;7;5;12.16;6;5;11.34
0;24;0;140.0;1;6;4;12.5;6;2;11.5
0;18;1;130.2;0;6;6;12.75;6;6;12.166.666.666.666.600
0;19;0;133.5;0;8;8;133.425;8;8;133.425
0;20;1;133.2;0;7;7;14.175;8;6;1.303.125
1;33;1;130.0;0;8;1;10.0;8;1;10.0
1;24;0;129.0;0;5;0;0.0;5;2;14.5
1;24;0;100.0;0;5;0;0.0;5;0;0.0
1;18;0;116.5;0;5;5;12.0;5;5;12.142.857.142.857.100
0;18;1;124.2;0;6;6;10.571.428.571.428.500;6;5;11.4
0;22;0;138.8;0;12;11;14.153.846.153.846.100;12;12;15.428.571.428.571.400
0;18;1;126.4;0;6;6;11.166.666.666.666.600;6;5;12.4
0;21;0;151.9;0;17;17;12.0;17;17;12.666.666.666.666.600
0;38;0;120.0;0;5;3;11.333.333.333.333.300;5;4;12.0
0;29;1;131.9;0;16;16;12.588.235.294.117.600;13;13;13.357.142.857.142.800
0;20;1;130.0;0;6;4;12.0;6;4;10.75
0;18;0;131.7;0;6;0;0.0;6;0;0.0
1;37;0;132.5;0;12;12;12.25;13;13;12.846.153.846.153.800
1;20;0;116.5;0;5;5;11.6;5;5;12.8
1;20;0;133.9;0;5;4;13.0;5;3;12.0
1;40;0;145.4;1;5;3;10.666.666.666.666.600;5;2;12.5
1;44;0;172.0;0;11;9;12.333.333.333.333.300;11;9;11.0
1;21;0;111.0;0;5;2;11.0;5;3;11.428.571.428.571.400
1;21;0;120.0;0;7;6;13.428.571.428.571.400;9;8;13.125
1;18;0;129.8;0;8;8;1.305.375;8;8;1.305.375
1;18;0;118.1;0;7;6;12.035.714.285.714.200;8;7;13.75
1;27;0;130.0;0;6;6;14.166.666.666.666.600;6;6;13.833.333.333.333.300
1;38;0;126.3;0;6;0;0.0;6;0;0.0
1;18;0;137.8;0;6;5;13.6;6;3;12.666.666.666.666.600
1;19;0;116.1;0;6;5;12.2;6;2;12.0
1;18;0;115.4;0;6;6;13.714.285.714.285.700;6;5;13.333.333.333.333.300
1;19;0;110.0;1;6;3;11.666.666.666.666.600;6;2;10.0
1;44;0;97.4;1;6;1;14.0;6;0;0.0
1;26;0;130.0;0;6;4;12.5;6;3;10.0
1;24;0;156.0;1;6;5;11.833.333.333.333.300;6;4;11.5
1;27;0;126.1;0;6;0;0.0;6;0;0.0
1;27;0;120.0;1;6;0;0.0;6;0;0.0
1;25;0;105.2;0;17;13;11.538.461.538.461.500;15;10;12.4
1;21;0;120.0;0;9;7;11.285.714.285.714.200;8;4;12.25
1;19;1;137.8;0;0;0;0.0;0;0;0.0
1;20;0;134.2;0;6;5;11.8;6;4;12.0
1;20;0;150.0;0;5;0;0.0;5;2;10.5
1;20;0;116.0;1;5;0;0.0;5;0;0.0
1;18;1;143.4;0;5;5;14.2;5;5;14.2
1;19;0;143.6;1;12;10;12.7;11;10;12.272.727.272.727.200
0;22;0;150.0;0;6;3;12.666.666.666.666.600;6;0;0.0
0;19;0;118.0;0;6;6;14.428.571.428.571.400;6;6;15.0
0;18;1;109.3;0;7;7;13.117.142.857.142.800;8;7;12.6
0;20;0;119.3;1;6;6;12.666.666.666.666.600;6;6;11.833.333.333.333.300
0;18;1;146.3;0;0;0;0.0;0;0;0.0
1;36;0;161.5;0;6;6;15.285.714.285.714.200;6;6;16.5
1;19;0;140.0;1;5;3;10.5;5;4;11.25
1;21;1;142.2;0;11;11;12.636.363.636.363.600;9;9;12.6
0;26;0;129.2;0;5;0;0.0;5;0;0.0
0;29;0;100.0;1;9;3;14.333.333.333.333.300;7;1;14.0
1;26;0;170.0;0;8;8;15.125;6;6;13.666.666.666.666.600
1;27;0;140.0;0;7;0;0.0;8;0;0.0
1;32;0;115.2;1;7;3;12.0;8;3;10.333.333.333.333.300
0;23;1;121.4;0;6;4;14.25;6;5;12.0
0;24;0;134.8;0;5;2;10.5;5;4;10.0
0;19;1;136.9;0;6;6;13.5;6;6;14.428.571.428.571.400
1;25;0;140.0;0;6;5;11.666.666.666.666.600;6;4;12.0
1;19;0;112.2;0;6;5;10.8;6;3;10.0
1;20;0;148.7;0;4;0;0.0;4;0;0.0
1;33;0;133.0;0;9;9;12.8;7;7;11.428.571.428.571.400
1;35;0;150.0;1;5;5;10.8;5;5;12.0
1;23;0;98.0;0;5;4;11.4;5;4;11.0
1;19;0;122.4;0;7;7;13.725.714.285.714.200;8;8;14.5
1;21;0;139.0;0;6;5;12.8;6;5;12.25
1;21;1;112.0;0;6;6;13.5;6;6;11.166.666.666.666.600
1;27;0;143.8;0;8;7;15.57;8;7;15.57
1;19;0;116.1;1;5;4;11.0;5;2;12.0
1;28;0;138.0;0;7;7;14.114.285.714.285.700;8;8;1.591.111.111.111.110
1;25;0;110.0;0;5;3;11.0;5;4;11.5
1;42;0;103.5;0;6;0;0.0;6;0;0.0
1;27;0;140.0;0;5;4;13.5;5;4;13.75
1;23;0;108.7;0;6;4;11.25;6;0;0.0
1;18;1;115.9;0;6;6;12.142.857.142.857.100;6;6;11.333.333.333.333.300
1;26;0;127.3;0;8;7;13.075.714.285.714.200;8;7;13.075.714.285.714.200
1;18;0;138.7;0;5;0;0.0;5;0;0.0
1;29;0;135.8;1;5;3;11.0;5;2;13.5
1;22;0;134.6;0;6;0;0.0;6;0;0.0
0;21;0;118.4;0;7;4;13.125;7;6;12.333.333.333.333.300
0;19;1;132.8;0;8;7;13.512.857.142.857.100;8;7;13.512.857.142.857.100
0;18;1;155.5;0;6;6;12.833.333.333.333.300;6;6;12.166.666.666.666.600
0;18;1;132.0;0;5;3;15.0;5;3;11.666.666.666.666.600
0;40;0;110.0;1;6;5;12.8;6;3;13.333.333.333.333.300
0;20;0;127.3;1;6;3;12.333.333.333.333.300;6;0;0.0
1;18;0;126.0;0;8;5;12.288;8;5;12.288
1;31;0;130.0;0;12;12;12.333.333.333.333.300;10;7;13.285.714.285.714.200
1;18;1;118.8;0;5;4;11.5;5;5;12.8
1;22;0;127.6;0;6;6;11.833.333.333.333.300;6;4;11.142.857.142.857.100
1;38;0;112.1;1;5;0;0.0;5;0;0.0
1;33;0;130.0;0;5;0;0.0;5;0;0.0
1;19;1;111.1;0;5;5;11.8;5;3;11.5
1;18;0;121.4;0;6;0;0.0;6;0;0.0
1;18;1;126.8;0;5;5;12.2;5;4;12.0
1;27;0;120.6;0;6;6;12.333.333.333.333.300;5;5;13.0
1;26;0;126.5;0;6;6;12.428.571.428.571.400;6;6;12.833.333.333.333.300
0;19;1;120.2;0;7;7;12.765.714.285.714.200;8;8;13.544.444.444.444.400
1;44;0;120.0;0;7;5;12.1;7;5;12.6
1;19;0;137.5;0;5;5;12.0;5;5;11.5
1;20;0;127.9;0;6;0;0.0;6;0;0.0
1;24;0;140.0;1;6;6;1.488.888.888.888.880;6;6;13.727.272.727.272.700
0;31;0;131.8;0;14;13;11.357.142.857.142.800;14;13;12.0
0;25;0;129.0;0;6;6;13.5;6;6;12.5
0;19;0;115.8;1;6;0;0.0;6;0;0.0
0;18;0;126.4;0;7;7;13.884.285.714.285.700;8;8;14.75
0;19;0;130.0;0;6;5;13.0;6;3;11.666.666.666.666.600
0;19;1;114.8;0;7;4;12.65;7;5;11.1
0;19;0;138.6;0;5;1;11.0;5;0;0.0
0;24;0;112.9;0;6;2;11.666.666.666.666.600;6;2;10.5
0;20;0;111.6;0;6;6;14.5;6;6;12.666.666.666.666.600
0;18;0;152.0;0;6;6;14.714.285.714.285.700;6;6;14.166.666.666.666.600
0;18;1;132.6;0;6;6;13.285.714.285.714.200;6;6;14.333.333.333.333.300
0;21;0;118.4;0;5;3;11.333.333.333.333.300;5;2;10.5
0;28;0;120.0;1;7;0;0.0;7;0;0.0
0;18;1;122.1;0;5;4;11.571.428.571.428.500;5;5;12.0
0;18;0;142.8;1;6;5;13.0;6;4;11.5
0;18;1;124.8;0;6;6;11.5;6;5;14.0
0;18;1;126.3;0;5;5;11.8;5;5;11.6
0;19;1;119.0;0;5;3;10.666.666.666.666.600;5;3;12.285.714.285.714.200
0;19;1;124.9;0;7;6;138.875;8;8;14.864.444.444.444.400
0;20;1;118.0;1;6;5;11.4;6;6;11.5
0;34;0;100.0;0;11;9;12.333.333.333.333.300;7;7;12.142.857.142.857.100
0;39;0;109.0;0;7;5;12.16;7;5;12.16
0;19;0;130.8;0;8;8;13.427.499.999.999.900;8;8;13.427.499.999.999.900
0;24;0;110.0;0;6;6;15.166.666.666.666.600;6;2;15.5
0;18;0;151.0;0;6;0;0.0;6;0;0.0
1;19;0;131.0;0;5;2;10.5;5;0;0.0
1;18;1;155.2;0;5;5;11.8;5;3;11.0
1;20;0;121.0;1;5;5;13.2;5;5;11.4
1;19;0;119.7;1;7;7;13.075;8;8;1.236.111.111.111.110
1;19;0;131.0;0;6;4;11.6;6;2;13.0
1;19;0;116.9;0;6;6;13.666.666.666.666.600;6;4;12.25
1;41;0;130.0;0;5;4;10.75;5;2;10.0
1;19;0;137.8;0;7;6;13.492.857.142.857.100;8;8;1.268.888.888.888.880
1;19;0;122.1;0;6;3;12.5;6;4;11.0
1;23;0;120.0;0;7;0;0.0;8;0;0.0
1;18;0;133.0;0;5;5;13.285.714.285.714.200;5;5;14.8
1;19;0;115.2;0;5;5;12.6;5;5;11.8
1;20;0;160.0;0;6;6;14.0;6;6;14.666.666.666.666.600
1;35;0;106.3;1;5;2;11.5;5;2;10.5
1;34;0;103.0;0;6;0;0.0;6;0;0.0
0;19;1;136.0;1;6;6;11.833.333.333.333.300;6;6;12.875
1;22;0;146.5;1;6;5;11.5;6;5;12.4
1;20;0;131.4;0;6;6;14.166.666.666.666.600;6;6;12.333.333.333.333.300
1;27;0;130.0;0;2;2;12.5;5;2;12.5
1;30;0;137.0;1;5;0;0.0;5;0;0.0
1;34;0;125.9;0;5;0;0.0;5;1;11.0
1;20;0;111.9;0;6;2;10.5;6;0;0.0
1;18;0;131.2;0;6;6;11.833.333.333.333.300;6;6;13.166.666.666.666.600
1;26;1;131.2;0;5;0;0.0;5;0;0.0
1;26;0;140.0;0;5;5;12.4;5;5;12.4
1;26;0;121.5;0;5;2;10.5;5;0;0.0
1;31;0;153.5;1;5;0;0.0;5;0;0.0
1;20;1;142.2;0;12;12;14.583.333.333.333.300;11;11;14.333.333.333.333.300
1;19;0;131.1;0;6;6;11.666.666.666.666.600;6;3;12.666.666.666.666.600
1;23;0;130.6;1;5;0;0.0;5;0;0.0
1;20;1;115.0;0;7;1;13.0;7;0;0.0
1;20;0;125.0;0;7;7;15.66;10;9;15.011.111.111.111.100
1;29;0;97.5;0;6;0;0.0;5;0;0.0
1;20;1;134.4;0;6;6;12.166.666.666.666.600;6;4;12.75
1;24;0;118.8;0;7;6;13.3;7;6;13.3
1;37;0;110.5;0;7;0;0.0;7;0;0.0
1;18;0;123.3;0;7;0;0.0;8;0;0.0
1;18;1;139.6;1;0;0;0.0;0;0;0.0
1;18;0;138.8;0;8;7;1.355.714.285.714.280;8;7;1.355.714.285.714.280
1;41;0;160.0;1;7;5;14.333.333.333.333.300;6;6;14.636.363.636.363.600
1;35;0;140.0;0;6;4;12.0;6;3;10.333.333.333.333.300
0;19;0;118.2;0;5;0;0.0;6;0;0.0
1;18;0;150.6;0;0;0;0.0;0;0;0.0
0;48;0;115.2;0;7;4;11.75;7;3;11.725
0;19;0;126.0;0;7;6;12.183.333.333.333.300;7;6;12.183.333.333.333.300
1;30;0;160.0;0;9;6;11.833.333.333.333.300;8;4;11.0
1;51;0;160.0;1;4;0;0.0;4;0;0.0
0;18;0;184.4;0;6;6;15.0;6;5;14.333.333.333.333.300
0;18;0;156.0;0;0;0;0.0;0;0;0.0
0;18;0;150.2;0;0;0;0.0;0;0;0.0
0;18;1;126.3;0;8;8;13.435;8;8;13.435
0;18;0;146.1;0;5;4;13.5;5;0;0.0
0;18;0;145.3;0;0;0;0.0;0;0;0.0
0;23;0;116.8;0;17;17;11.5;17;17;12.176.470.588.235.200
0;19;0;132.1;0;6;2;10.5;6;3;11.0
0;21;0;102.6;0;6;4;12.0;6;2;11.5
0;18;0;112.3;1;6;5;12.2;6;4;11.5
0;18;0;155.3;0;0;0;0.0;0;0;0.0
0;21;0;153.8;0;11;10;14.5;9;8;14.0
0;20;0;110.0;1;6;6;13.333.333.333.333.300;6;6;12.666.666.666.666.600
0;24;0;128.2;0;11;9;12.0;10;9;12.555.555.555.555.500
0;18;0;120.4;0;6;6;15.125;6;6;14.0
0;18;0;153.0;0;7;6;13.116.666.666.666.600;7;6;13.116.666.666.666.600
0;19;0;117.9;0;6;6;12.833.333.333.333.300;6;6;11.666.666.666.666.600
0;20;1;145.6;0;6;6;13.333.333.333.333.300;6;6;14.166.666.666.666.600
0;18;0;119.8;0;7;7;13.877.142.857.142.800;8;8;156.625
0;18;0;126.8;0;8;7;12.944.285.714.285.700;8;7;12.944.285.714.285.700
0;19;0;106.1;0;6;5;12.333.333.333.333.300;6;5;11.0
0;19;0;137.3;0;7;6;14.266.666.666.666.600;7;6;14.266.666.666.666.600
0;18;0;115.5;0;6;5;13.0;6;5;14.0
0;20;0;127.5;0;8;8;1.248.375;8;8;1.248.375
0;18;0;116.3;0;7;7;13.428.571.428.571.400;8;8;153.125
0;18;0;113.2;1;6;3;10.666.666.666.666.600;6;0;0.0
0;18;0;132.6;0;6;5;15.4;6;5;12.2
0;18;0;132.0;0;7;6;13.45;7;6;13.45
0;18;1;130.3;0;7;6;12.6;7;6;12.6
0;20;0;116.7;0;7;7;12.485.714.285.714.200;8;8;129.375
0;22;1;134.0;0;6;5;10.8;6;5;12.8
0;20;0;100.0;1;6;5;12.2;6;5;14.6
0;20;0;140.0;0;6;5;14.2;6;2;13.5
0;18;0;139.2;0;6;6;13.833.333.333.333.300;6;6;14.0
0;18;0;132.6;0;6;5;12.8;6;3;10.0
0;18;0;129.4;0;5;5;13.2;5;4;12.5
0;18;1;125.6;1;6;1;14.0;6;0;0.0
0;19;0;129.3;0;8;8;13.875;6;5;14.0
0;19;1;128.4;0;5;5;12.5;5;5;12.714.285.714.285.700
0;18;1;139.9;0;6;6;13.428.571.428.571.400;6;6;12.5
0;18;1;124.8;0;6;5;11.8;6;5;13.0
0;18;1;128.5;0;7;7;14.868.571.428.571.400;8;8;1.511.111.111.111.110
0;18;0;117.8;0;7;7;13.03;8;8;1.321.875
0;19;0;115.1;0;6;6;14.571.428.571.428.500;6;6;12.333.333.333.333.300
0;18;0;118.0;0;6;5;11.0;6;4;11.25
0;25;1;120.0;0;8;8;133.675;8;8;133.675
0;19;1;119.6;0;7;6;12.808.333.333.333.300;8;7;12.825.714.285.714.200
0;18;0;133.2;0;7;7;13.918.571.428.571.400;8;8;138.875
0;19;0;141.8;0;6;6;13.0;6;4;12.8
0;18;0;130.3;0;7;6;13.683.333.333.333.300;7;6;13.683.333.333.333.300
0;24;0;100.0;0;6;5;13.0;6;1;12.0
0;21;0;114.6;0;6;5;12.8;6;5;11.2
0;18;1;123.4;0;6;6;13.571.428.571.428.500;6;6;12.166.666.666.666.600
0;18;0;116.4;0;6;6;13.166.666.666.666.600;6;6;13.166.666.666.666.600
0;20;1;123.2;0;6;6;15.0;6;6;14.5
0;19;0;123.7;0;6;6;12.666.666.666.666.600;6;5;11.4
0;19;1;127.6;0;6;6;13.857.142.857.142.800;6;6;13.142.857.142.857.100
0;30;0;117.1;0;7;7;14.692.857.142.857.100;8;8;149.625
0;18;0;149.3;0;8;8;14.035;8;8;14.035
0;18;0;125.6;0;5;4;11.0;5;3;14.0
0;18;1;145.0;0;6;6;13.333.333.333.333.300;6;6;13.333.333.333.333.300
0;20;0;115.0;0;7;6;117.725;8;7;12.33
0;19;0;114.3;0;6;0;0.0;6;0;0.0
0;19;0;126.0;0;6;0;0.0;6;0;0.0
0;19;0;124.0;0;0;0;0.0;0;0;0.0
0;18;1;122.6;0;6;6;12.285.714.285.714.200;6;6;12.0
0;17;0;133.8;0;8;5;12.46;8;5;12.46
0;19;0;113.5;0;7;6;12.166.666.666.666.600;7;6;13.166.666.666.666.600
0;18;0;122.6;0;6;5;11.833.333.333.333.300;6;2;11.5
0;25;0;140.0;0;8;7;14.805.714.285.714.200;8;7;14.805.714.285.714.200
0;19;0;107.0;0;6;5;10.6;6;6;11.714.285.714.285.700
0;24;0;130.0;1;9;8;13.125;9;6;13.0
0;19;1;124.2;1;6;6;12.833.333.333.333.300;6;6;12.666.666.666.666.600
0;20;1;125.8;0;8;0;0.0;8;0;0.0
0;20;1;108.0;0;6;5;13.0;6;5;13.8
0;20;1;115.2;0;7;7;12.725;8;8;137.125
0;19;0;129.3;0;5;4;11.25;5;3;10.333.333.333.333.300
0;31;0;120.0;0;12;11;13.818.181.818.181.800;12;12;13.461.538.461.538.400
0;20;0;116.7;0;5;3;12.333.333.333.333.300;5;3;13.0
0;18;0;121.0;0;5;3;12.333.333.333.333.300;5;5;11.6
0;18;0;128.2;1;6;4;13.25;6;3;10.666.666.666.666.600
0;18;0;121.1;0;6;6;13.666.666.666.666.600;6;5;15.4
0;20;0;112.6;1;11;8;12.625;10;3;11.0
0;20;1;123.3;0;6;6;14.833.333.333.333.300;6;6;12.142.857.142.857.100
0;19;1;129.4;0;6;5;11.2;6;5;13.125
0;21;1;119.9;0;5;5;11.4;5;5;12.2
0;18;0;131.6;0;7;7;13.135;8;8;13.244.444.444.444.400
0;21;0;120.0;0;10;10;13.0;11;10;11.4
0;19;0;110.0;0;7;4;12.85;7;7;1.262.142.857.142.850
0;20;0;143.0;0;6;6;13.5;6;5;12.5
0;20;0;140.0;0;6;6;14.285.714.285.714.200;6;3;13.0
0;18;1;119.2;0;6;5;13.5;6;6;14.5
0;18;1;124.3;0;5;4;10.75;5;5;13.0
0;18;1;111.1;0;6;6;11.333.333.333.333.300;6;6;11.833.333.333.333.300
0;21;1;150.0;0;7;3;13.0;5;5;13.285.714.285.714.200
0;18;0;147.3;0;7;6;13.966.666.666.666.600;7;6;13.966.666.666.666.600
0;18;1;147.5;0;8;8;1.414.125;8;8;1.414.125
0;20;1;108.0;0;6;4;11.6;6;4;11.75
0;32;1;130.0;0;8;8;146.625;8;8;146.625
0;34;0;130.0;0;5;0;0.0;5;0;0.0
0;23;1;109.0;0;7;6;12.993.333.333.333.300;8;8;1.266.875
0;18;0;112.0;0;6;4;11.25;6;5;12.2
0;18;0;121.2;0;6;5;12.2;6;5;12.8
0;34;0;140.0;0;0;0;0.0;0;0;0.0
0;25;0;119.5;1;6;6;11.333.333.333.333.300;6;4;11.75
0;21;0;125.9;0;5;5;12.2;5;5;11.8
0;20;1;121.5;0;6;0;0.0;6;0;0.0
0;18;0;121.5;0;6;6;11.333.333.333.333.300;6;6;11.666.666.666.666.600
0;18;0;132.4;0;6;6;13.857.142.857.142.800;6;6;13.1
0;18;0;122.4;0;6;6;12.857.142.857.142.800;6;6;13.333.333.333.333.300
0;24;0;110.0;0;6;1;10.0;6;0;0.0
0;32;0;120.4;1;15;14;10.214.285.714.285.700;13;13;11.384.615.384.615.300
0;24;0;105.0;1;6;6;11.285.714.285.714.200;6;3;10.333.333.333.333.300
0;18;1;137.8;0;6;6;13.833.333.333.333.300;6;0;0.0
0;28;0;118.0;0;6;6;12.857.142.857.142.800;6;5;12.6
0;18;1;122.1;0;6;6;11.666.666.666.666.600;6;4;12.0
0;24;0;140.0;0;6;0;0.0;5;0;0.0
0;19;0;143.2;0;5;5;14.4;5;5;13.2
0;44;0;120.5;0;6;6;14.833.333.333.333.300;6;6;14.166.666.666.666.600
0;18;1;119.5;0;6;6;14.333.333.333.333.300;6;6;12.0
0;18;0;147.5;0;0;0;0.0;0;0;0.0
0;22;0;129.6;0;6;0;0.0;6;0;0.0
0;18;1;126.1;0;7;6;12.333.333.333.333.300;7;6;12.666.666.666.666.600
0;44;0;160.0;0;5;5;11.8;5;5;12.4
0;33;0;105.5;1;6;5;13.2;6;5;10.6
0;32;0;95.5;1;6;0;0.0;5;0;0.0
0;35;0;107.5;0;6;0;0.0;6;0;0.0
0;20;0;106.1;0;6;6;11.5;6;6;13.285.714.285.714.200
0;24;0;116.3;0;6;5;12.6;6;5;12.2
0;19;0;137.4;0;7;7;13.542.857.142.857.100;8;8;1.422.222.222.222.220
0;21;0;101.8;0;6;5;11.6;6;5;13.0
1;19;1;144.1;0;6;6;13.666.666.666.666.600;6;6;13.833.333.333.333.300
1;27;0;107.8;0;6;0;0.0;6;0;0.0
0;30;0;128.2;0;6;0;0.0;6;0;0.0
1;21;0;117.0;0;0;0;0.0;0;0;0.0
1;19;0;110.4;0;6;6;11.5;6;6;12.285.714.285.714.200
0;34;0;170.0;0;5;2;11.5;5;4;11.75
1;18;0;100.0;0;7;7;11.828.571.428.571.400;8;7;129.125
1;21;0;117.0;0;0;0;0.0;0;0;0.0
1;17;0;133.5;0;0;0;0.0;0;0;0.0
0;19;1;128.0;0;7;6;12.966.666.666.666.600;7;6;12.966.666.666.666.600
1;18;0;122.1;0;6;6;13.833.333.333.333.300;6;6;13.666.666.666.666.600
0;19;0;133.4;0;7;7;14.125.714.285.714.200;8;8;1.436.875
0;45;0;112.0;1;10;5;12.166.666.666.666.600;8;0;0.0
0;26;0;130.0;0;6;6;12.666.666.666.666.600;6;4;12.25
1;51;0;100.0;0;4;0;0.0;5;0;0.0
1;49;1;162.0;1;6;6;12.285.714.285.714.200;6;6;14.166.666.666.666.600
1;22;0;153.0;0;6;3;14.5;7;4;14.375
1;22;0;131.4;0;5;2;10.0;5;1;10.0
0;33;0;128.2;0;5;2;11.5;5;2;12.0
0;20;0;148.9;0;5;5;11.6;5;4;11.5
0;18;1;128.4;0;6;6;12.5;6;6;11.666.666.666.666.600
0;20;0;120.3;1;6;3;11.666.666.666.666.600;6;2;11.0
0;37;0;100.0;0;10;7;13.428.571.428.571.400;10;10;11.6
1;18;0;126.1;0;6;6;13.666.666.666.666.600;6;6;13.5
0;19;0;111.7;0;6;6;12.5;6;6;12.166.666.666.666.600
0;21;0;140.0;0;6;6;13.0;6;4;12.8
0;20;0;122.2;0;7;6;12.783.333.333.333.300;8;7;12.842.857.142.857.100
0;19;0;118.7;0;7;0;0.0;8;0;0.0
0;20;0;121.5;0;7;4;13.5;7;4;11.225
0;18;0;134.5;0;7;7;13.457.142.857.142.800;8;8;15.125
0;19;0;127.0;0;8;7;1.344.285.714.285.710;8;7;1.344.285.714.285.710
0;18;0;114.2;0;6;4;11.0;6;5;10.833.333.333.333.300
0;18;1;125.3;0;6;6;11.333.333.333.333.300;6;6;12.285.714.285.714.200
0;18;0;120.4;0;5;2;10.0;1;0;0.0
0;19;0;123.0;0;7;5;13.44;7;6;13.066.666.666.666.600
0;18;1;130.5;0;7;7;12.214.285.714.285.700;8;8;140.625
0;19;1;125.5;0;6;6;14.166.666.666.666.600;6;6;13.5
0;24;1;133.8;1;12;12;12.846.153.846.153.800;11;11;12.636.363.636.363.600
0;20;0;150.0;0;6;6;13.0;6;2;12.0
0;21;1;130.5;0;5;5;12.8;5;4;11.25
0;20;0;140.0;1;6;4;13.0;6;5;12.0
0;19;1;119.4;0;7;7;13.371.428.571.428.500;8;8;13.666.666.666.666.600
0;19;1;121.3;0;7;7;13.385.714.285.714.200;8;8;133.875
0;18;0;126.3;0;8;7;13.328.571.428.571.400;8;7;13.328.571.428.571.400
0;19;0;111.6;0;6;5;14.0;6;5;11.0
0;21;0;111.3;0;5;5;12.6;5;5;13.2
0;19;1;122.5;0;6;6;14.0;6;6;15.0
0;18;1;116.5;0;6;6;13.428.571.428.571.400;6;6;12.666.666.666.666.600
0;17;1;132.0;0;6;6;13.0;6;6;12.5
0;19;0;123.7;0;6;5;12.666.666.666.666.600;6;5;11.0
1;23;0;117.0;0;5;3;10.0;5;3;12.333.333.333.333.300
0;19;0;116.5;0;6;6;12.833.333.333.333.300;6;6;1.177.777.777.777.770
0;18;0;121.5;0;7;6;12.916.666.666.666.600;7;6;12.916.666.666.666.600
0;20;0;105.0;0;6;6;13.285.714.285.714.200;6;5;13.8
0;19;1;121.3;0;5;5;14.6;5;5;13.8
0;18;1;136.1;0;6;6;14.0;6;6;13.666.666.666.666.600
0;19;1;123.6;0;6;6;14.142.857.142.857.100;6;6;15.0
0;19;0;129.0;0;6;6;11.666.666.666.666.600;6;6;12.333.333.333.333.300
0;18;0;136.8;0;8;8;143.775;8;8;143.775
0;18;0;133.4;0;7;7;12.5;8;7;13.042.857.142.857.100
0;19;1;136.0;0;7;6;14.15;7;6;14.15
0;19;1;125.8;0;8;7;12.471.428.571.428.500;8;7;12.471.428.571.428.500
0;19;0;120.5;0;7;6;14.15;7;6;14.15
0;21;0;130.2;0;7;7;14.072.222.222.222.200;8;8;140.475
0;18;0;135.9;0;6;6;14.857.142.857.142.800;6;6;14.666.666.666.666.600
0;19;1;116.5;0;6;6;14.285.714.285.714.200;6;6;13.166.666.666.666.600
0;18;0;124.0;0;4;0;0.0;4;0;0.0
0;30;0;140.0;0;6;0;0.0;6;0;0.0
0;18;0;150.9;0;6;6;15.0;6;5;15.166.666.666.666.600
0;20;1;127.3;0;7;6;12.633.333.333.333.300;7;6;12.633.333.333.333.300
0;25;0;100.0;1;5;5;11.2;5;5;12.6
0;18;0;128.8;0;7;6;14.233.333.333.333.300;7;6;14.233.333.333.333.300
0;21;0;119.7;0;5;5;12.2;5;3;11.333.333.333.333.300
0;18;0;140.8;0;8;7;15.7;8;7;15.7
0;18;0;138.0;0;7;6;15.2;7;6;15.2
0;29;0;132.9;0;6;6;16.333.333.333.333.300;6;5;15.6
0;20;0;140.0;0;17;14;125.625;12;12;12.857.142.857.142.800
0;26;0;140.0;0;7;0;0.0;8;0;0.0
0;21;0;99.3;0;6;5;12.4;6;6;12.0
0;19;1;119.3;0;8;8;1.378.125;8;8;1.378.125
0;19;0;113.2;1;6;6;12.166.666.666.666.600;6;5;11.666.666.666.666.600
0;21;0;117.0;0;6;5;11.8;6;5;11.833.333.333.333.300
0;20;0;123.0;1;6;4;10.8;6;4;12.0
0;18;1;127.2;0;7;7;13.26;8;8;1.428.625
0;20;0;141.0;0;6;4;12.0;6;3;10.666.666.666.666.600
0;20;1;121.7;0;6;6;11.875;6;6;14.428.571.428.571.400
0;18;1;121.1;0;7;5;12.16;7;2;13.4
0;18;0;146.1;0;6;1;15.0;6;4;12.5
0;18;0;142.5;0;6;6;13.333.333.333.333.300;6;5;13.2
0;18;0;126.8;0;5;2;11.5;5;3;11.8
0;22;0;150.0;0;6;6;14.428.571.428.571.400;6;5;13.0
0;19;0;150.0;0;5;1;13.0;5;3;15.333.333.333.333.300
0;19;1;134.5;0;6;6;15.0;6;6;14.333.333.333.333.300
0;18;0;129.5;0;7;7;15.155.555.555.555.500;8;8;16.8
0;20;0;113.2;1;6;6;10.666.666.666.666.600;6;6;11.857.142.857.142.800
0;18;0;140.2;0;6;5;11.0;6;4;11.25
0;21;0;119.2;0;6;0;0.0;6;0;0.0
0;19;0;140.7;0;6;6;12.285.714.285.714.200;6;6;12.0
0;18;0;142.3;0;8;8;1.282.875;8;8;1.282.875
0;18;0;129.9;0;6;6;12.666.666.666.666.600;6;5;14.4
0;18;0;134.8;0;0;0;0.0;0;0;0.0
0;21;1;104.1;1;6;2;13.0;6;0;0.0
0;19;0;122.4;1;5;5;10.875;5;4;12.4
0;19;1;120.6;0;5;5;12.8;5;5;11.6
0;19;0;112.4;0;6;5;11.285.714.285.714.200;6;0;0.0
0;18;0;157.9;0;0;0;0.0;0;0;0.0
0;19;1;125.9;0;6;0;0.0;6;1;10.0
0;20;1;118.4;0;7;6;13.766.666.666.666.600;8;8;13.744.444.444.444.400
0;18;0;130.8;0;8;6;12.758.333.333.333.300;8;6;12.758.333.333.333.300
0;19;1;176.7;0;0;0;0.0;0;0;0.0
0;18;0;156.8;0;6;6;12.666.666.666.666.600;6;6;13.25
0;18;0;126.8;0;6;6;12.0;6;4;12.75
0;19;1;128.0;0;6;6;12.25;6;6;12.0
0;20;0;113.8;0;5;3;11.333.333.333.333.300;5;5;12.2
0;19;1;120.8;0;7;7;13.507.142.857.142.800;8;8;13.05
0;18;0;130.8;0;8;7;13.614.285.714.285.700;8;7;13.614.285.714.285.700
0;25;0;101.0;1;6;0;0.0;6;0;0.0
0;18;0;126.1;0;6;4;11.5;6;6;12.166.666.666.666.600
0;19;0;113.8;0;6;6;12.333.333.333.333.300;6;6;12.5
0;19;1;118.3;0;7;7;11.971.428.571.428.500;8;8;144.375
0;20;1;127.9;1;5;2;13.0;5;2;11.5
0;18;0;131.1;0;7;7;12.385.714.285.714.200;8;7;12.728.571.428.571.400
0;20;0;117.9;0;5;2;13.5;5;5;11.285.714.285.714.200
0;21;0;115.7;0;6;6;12.166.666.666.666.600;6;6;13.285.714.285.714.200
0;19;0;141.0;0;0;0;0.0;0;0;0.0
0;42;0;120.0;0;6;6;11.666.666.666.666.600;6;6;13.666.666.666.666.600
0;18;0;131.8;1;6;5;12.4;6;5;14.166.666.666.666.600
0;19;1;131.1;0;6;5;13.4;6;6;12.833.333.333.333.300
0;18;0;117.8;0;6;6;12.0;6;4;12.5
0;21;0;140.0;0;5;5;14.2;5;5;14.8
0;20;1;108.0;0;6;6;12.125;6;6;14.428.571.428.571.400
0;20;0;122.9;0;7;7;13.857.142.857.142.800;7;7;13.285.714.285.714.200
0;21;0;130.0;0;6;3;11.75;6;5;12.333.333.333.333.300
0;19;0;126.0;0;7;7;14.283.333.333.333.300;8;8;13.125.555.555.555.500
0;21;0;134.0;0;13;11;13.272.727.272.727.200;11;9;13.0
0;19;0;134.3;0;6;6;14.666.666.666.666.600;6;6;15.142.857.142.857.100
0;19;1;138.7;0;7;7;15.114.999.999.999.900;8;8;15.092
0;18;0;143.3;0;0;0;0.0;0;0;0.0
0;22;0;160.0;0;6;6;15.0;6;6;13.142.857.142.857.100
0;21;0;111.0;0;6;5;13.2;6;5;14.333.333.333.333.300
0;18;1;128.5;0;6;2;11.0;6;3;10.333.333.333.333.300
0;20;1;133.0;0;8;7;14.565.714.285.714.200;8;7;14.565.714.285.714.200
0;18;0;114.6;1;5;3;12.0;5;4;10.75
0;20;0;104.1;0;6;0;0.0;5;0;0.0
0;23;0;127.6;0;7;6;13.796.666.666.666.600;8;7;13.775
0;18;0;151.0;0;6;6;14.833.333.333.333.300;6;6;15.333.333.333.333.300
0;20;0;135.7;0;6;6;12.833.333.333.333.300;6;6;13.833.333.333.333.300
0;18;1;137.8;0;8;7;14.962.857.142.857.100;8;7;14.962.857.142.857.100
0;20;0;117.3;0;5;4;12.0;5;5;11.2
0;18;0;121.2;0;7;7;12.4;8;8;12.8
0;20;0;129.3;0;6;6;15.571.428.571.428.500;6;6;17.166.666.666.666.600
0;19;0;123.0;0;8;7;13.714.285.714.285.700;8;7;13.714.285.714.285.700
0;21;0;140.0;0;6;6;13.142.857.142.857.100;6;6;12.166.666.666.666.600
0;33;0;140.0;0;6;6;15.0;6;3;11.0
0;24;0;144.6;1;5;1;13.0;5;0;0.0
0;20;1;118.3;0;11;11;12.0;11;11;12.75
0;18;0;153.6;0;0;0;0.0;0;0;0.0
0;18;0;158.3;0;6;6;15.166.666.666.666.600;6;6;14.166.666.666.666.600
0;29;0;100.0;1;6;4;12.0;6;2;10.5
0;18;0;134.9;0;7;7;13.642.857.142.857.100;8;8;14.772.727.272.727.200
0;19;0;142.0;0;6;6;12.666.666.666.666.600;6;6;12.714.285.714.285.700
0;19;0;127.3;0;0;0;0.0;0;0;0.0
0;18;1;116.5;0;6;5;10.8;6;6;10.5
0;19;1;138.6;0;7;6;14.25;8;8;13.063.636.363.636.300
0;20;0;133.0;0;14;12;12.153.846.153.846.100;12;10;12.9
0;19;0;136.2;0;6;1;11.5;6;2;10.5
0;19;1;118.0;0;6;4;12.25;6;3;12.333.333.333.333.300
0;18;1;126.8;0;6;6;12.0;6;5;11.142.857.142.857.100
0;18;1;128.5;0;8;8;1.340.375;8;8;1.340.375
0;19;1;129.9;0;6;6;11.333.333.333.333.300;6;3;12.666.666.666.666.600
1;20;0;125.8;1;6;5;12.2;6;6;12.333.333.333.333.300
1;18;1;129.3;0;0;0;0.0;0;0;0.0
1;18;0;124.7;0;7;0;0.0;8;0;0.0
1;35;0;154.9;1;6;5;16.166.666.666.666.600;6;4;16.0
1;18;0;127.3;0;5;3;11.0;5;3;11.0
1;19;1;129.0;0;0;0;0.0;0;0;0.0
1;19;1;98.0;0;6;4;12.0;6;6;12.285.714.285.714.200
1;20;0;122.0;0;5;2;10.5;5;4;12.25
1;19;0;112.5;0;6;3;11.666.666.666.666.600;6;4;10.333.333.333.333.300
1;19;0;127.3;0;5;3;11.0;5;2;10.0
1;24;0;100.5;0;7;0;0.0;7;0;0.0
1;29;0;122.0;1;6;4;12.5;6;0;0.0
1;24;0;140.0;0;7;7;11.294.444.444.444.400;8;2;12.6
1;19;0;116.1;0;6;5;11.2;6;4;12.5
1;37;0;130.0;0;0;0;0.0;0;0;0.0
1;18;0;146.2;0;6;5;13.2;6;5;11.8
1;20;1;180.0;0;7;6;14.142.857.142.857.100;6;6;14.125
1;18;0;127.8;0;5;0;0.0;5;0;0.0
1;22;0;130.8;0;5;0;0.0;5;3;13.333.333.333.333.300
1;22;1;109.0;0;5;3;12.333.333.333.333.300;5;3;10.571.428.571.428.500
1;18;0;132.4;1;6;0;0.0;6;0;0.0
1;18;0;129.3;0;8;7;13.1;8;7;13.1
1;19;0;125.4;0;6;6;13.5;6;6;13.166.666.666.666.600
1;19;0;130.2;0;5;5;10.2;5;3;12.0
1;19;0;132.0;0;6;5;11.571.428.571.428.500;6;3;13.0
1;21;0;170.0;1;6;6;15.285.714.285.714.200;6;6;15.166.666.666.666.600
1;19;0;130.2;0;6;5;12.6;10;8;11.0
1;18;0;115.5;0;7;6;13.433.333.333.333.300;7;4;13.6
1;19;0;127.6;0;5;5;11.6;5;3;11.0
1;25;0;140.0;0;6;6;14.666.666.666.666.600;6;6;13.5
1;22;0;120.2;0;6;6;14.666.666.666.666.600;6;6;14.666.666.666.666.600
1;24;0;150.0;0;8;7;12.742.857.142.857.100;8;7;12.742.857.142.857.100
1;19;0;100.0;0;7;7;11.975;8;7;1.312.857.142.857.140
1;18;0;100.0;0;5;4;12.25;5;3;11.666.666.666.666.600
1;20;0;128.0;0;0;0;0.0;0;0;0.0
1;19;1;128.0;0;8;7;14.935.714.285.714.200;8;7;14.935.714.285.714.200
1;19;0;107.2;0;6;2;10.5;6;4;10.0
1;19;0;110.1;0;6;5;13.333.333.333.333.300;6;5;13.0
1;23;0;119.0;1;6;0;0.0;6;0;0.0
1;47;0;155.5;0;6;5;13.8;6;4;14.0
1;19;0;118.4;0;6;6;11.833.333.333.333.300;6;4;10.75
1;19;0;141.2;0;0;0;0.0;0;0;0.0
1;18;0;119.1;0;0;0;0.0;0;0;0.0
1;28;0;111.0;0;5;2;10.0;5;0;0.0
1;20;0;138.6;0;6;4;11.5;6;3;11.666.666.666.666.600
1;18;1;121.2;0;6;3;10.666.666.666.666.600;6;4;12.0
1;21;1;150.4;0;0;0;0.0;0;0;0.0
1;19;0;117.8;0;6;4;12.75;6;2;13.0
1;24;0;102.5;1;6;0;0.0;6;0;0.0
1;24;0;110.0;0;6;6;11.333.333.333.333.300;6;3;11.333.333.333.333.300
1;25;0;138.3;1;6;0;0.0;6;0;0.0
1;28;0;122.3;0;6;6;13.0;6;5;12.2
1;37;0;127.8;0;5;4;10.75;5;3;11.333.333.333.333.300
1;19;0;100.0;0;5;5;12.0;5;2;10.5
1;18;1;126.4;0;7;7;13.462.857.142.857.100;8;8;1.390.625
1;48;0;100.0;0;6;3;10.0;6;1;10.0
1;21;0;117.1;0;6;6;12.333.333.333.333.300;6;6;13.666.666.666.666.600
1;19;1;124.7;0;7;6;12.528.571.428.571.400;7;6;12.416.666.666.666.600
1;21;1;124.1;0;8;0;0.0;8;0;0.0
1;23;0;129.4;1;5;0;0.0;5;0;0.0
1;18;0;138.9;0;5;5;13.6;5;4;13.25
1;22;0;138.6;0;6;6;12.333.333.333.333.300;6;2;14.0
1;25;0;133.9;0;13;10;11.454.545.454.545.400;11;7;12.25
1;27;0;140.0;1;13;8;13.5;11;5;14.4
1;49;0;95.1;0;5;0;0.0;5;0;0.0
1;31;0;128.2;0;5;2;11.0;5;0;0.0
1;54;0;121.5;0;6;6;13.714.285.714.285.700;6;5;14.333.333.333.333.300
1;25;0;120.0;1;21;21;12.363.636.363.636.300;16;12;12.25
1;20;0;130.0;0;7;3;10.666.666.666.666.600;6;2;11.5
1;28;0;120.0;0;6;2;12.0;6;3;12.666.666.666.666.600
1;41;0;107.0;0;7;7;12.857.142.857.142.800;6;6;13.166.666.666.666.600
1;19;1;116.1;0;6;6;13.125;6;6;12.714.285.714.285.700
1;22;0;114.4;0;5;0;0.0;5;2;11.5
1;34;0;157.7;0;6;2;13.5;6;0;0.0
1;28;0;150.0;1;11;11;15.090.909.090.909.000;10;10;15.0
1;42;0;114.3;0;6;5;12.4;6;5;11.8
1;21;0;104.6;0;6;5;14.0;6;4;14.8
1;50;0;140.0;0;6;2;13.5;6;1;13.0
1;19;0;109.1;0;5;0;0.0;5;0;0.0
1;18;0;120.6;0;7;4;12.65;7;3;10.666.666.666.666.600
1;59;0;161.9;0;5;0;0.0;5;0;0.0
1;33;0;140.0;0;5;0;0.0;5;0;0.0
1;23;1;178.0;0;6;6;13.333.333.333.333.300;6;5;12.8
1;44;0;138.3;0;5;3;11.333.333.333.333.300;5;5;11.142.857.142.857.100
1;37;0;128.0;0;6;0;0.0;6;0;0.0
1;36;0;139.0;0;0;0;0.0;0;0;0.0
1;22;0;113.2;0;5;3;11.666.666.666.666.600;5;2;10.5
1;49;0;139.0;0;6;6;12.166.666.666.666.600;6;6;14.428.571.428.571.400
1;23;0;110.0;0;6;6;13.333.333.333.333.300;6;4;12.75
1;19;0;136.6;0;6;5;11.4;6;3;11.0
1;47;0;161.1;0;6;6;12.142.857.142.857.100;6;0;0.0
1;28;0;130.0;0;18;17;13.058.823.529.411.700;12;12;12.307.692.307.692.300
1;21;0;140.0;0;6;4;11.75;6;4;10.5
1;21;0;121.0;1;6;5;11.833.333.333.333.300;6;5;10.0
1;21;0;118.6;0;11;10;12.4;10;10;11.8
1;20;0;138.3;0;6;6;13.428.571.428.571.400;6;4;11.5
1;49;0;115.8;0;5;0;0.0;5;0;0.0
1;40;0;160.0;0;5;5;11.0;5;5;13.4
1;22;1;114.5;0;6;6;13.625;6;6;14.428.571.428.571.400
1;19;0;117.5;0;5;4;11.8;5;2;11.5
1;31;0;121.7;0;5;0;0.0;5;0;0.0
1;30;0;115.0;0;6;2;15.0;6;2;13.5
1;19;0;125.3;0;6;5;10.8;6;5;11.0
1;22;0;131.0;0;5;3;13.666.666.666.666.600;5;3;11.333.333.333.333.300
1;19;0;126.3;0;6;6;12.833.333.333.333.300;6;6;13.333.333.333.333.300
1;21;0;127.1;0;0;0;0.0;0;0;0.0
1;19;0;138.4;0;6;6;15.125;6;6;13.428.571.428.571.400
1;22;0;100.0;0;5;0;0.0;5;1;10.0
1;22;0;126.2;0;6;5;11.4;6;5;11.0
1;19;0;118.8;0;6;4;12.25;6;6;11.0
1;26;0;124.5;0;6;0;0.0;6;0;0.0
1;23;0;140.0;0;7;3;14.0;6;1;14.0
1;18;0;125.1;0;6;6;12.333.333.333.333.300;6;5;10.8
1;22;1;118.8;1;5;5;10.666.666.666.666.600;5;2;11.0
1;19;0;125.2;0;5;5;11.833.333.333.333.300;5;5;14.714.285.714.285.700
1;20;0;95.0;0;5;0;0.0;5;0;0.0
1;22;1;107.6;0;6;6;11.666.666.666.666.600;6;6;12.166.666.666.666.600
1;18;0;140.0;0;5;2;13.0;5;0;0.0
1;39;0;125.4;0;2;0;0.0;4;0;0.0
1;18;0;128.0;0;8;0;0.0;8;0;0.0
1;18;1;129.3;0;5;5;13.0;5;5;14.2
1;19;1;152.0;0;6;6;13.857.142.857.142.800;6;6;14.0
1;18;0;128.8;0;7;6;13.391.666.666.666.600;8;8;124.875
1;18;1;152.8;0;5;4;12.75;5;0;0.0
1;22;0;150.0;0;5;4;14.5;5;5;14.6
1;19;0;112.0;0;6;6;12.166.666.666.666.600;6;6;12.166.666.666.666.600
1;18;0;135.6;0;5;5;15.4;5;5;15.6
1;31;0;134.4;1;5;2;13.333.333.333.333.300;5;2;16.0
1;28;0;120.5;0;5;0;0.0;5;0;0.0
1;19;0;141.4;0;6;0;0.0;6;0;0.0
1;20;0;145.2;0;6;6;13.714.285.714.285.700;6;6;14.714.285.714.285.700
1;50;0;140.0;0;6;4;12.25;6;0;0.0
1;38;0;100.0;0;6;5;16.0;6;4;16.5
1;31;0;140.0;0;5;1;11.0;5;1;13.0
1;27;0;126.0;0;7;7;14.085.714.285.714.200;7;7;14.085.714.285.714.200
1;21;0;112.6;0;6;6;10.166.666.666.666.600;6;6;10.5
1;34;0;106.8;0;5;1;10.0;5;0;0.0
1;19;0;121.6;0;5;0;0.0;5;1;10.0
1;40;0;120.0;0;5;2;10.5;5;3;10.666.666.666.666.600
1;18;1;160.6;0;0;0;0.0;0;0;0.0
1;46;1;130.0;1;6;0;0.0;6;0;0.0
1;37;0;110.0;0;6;0;0.0;5;0;0.0
1;31;0;110.0;0;6;0;0.0;6;0;0.0
1;34;0;145.8;0;6;5;13.333.333.333.333.300;6;5;12.4
1;18;1;130.2;0;0;0;0.0;0;0;0.0
1;18;1;122.3;0;6;6;13.571.428.571.428.500;6;6;14.333.333.333.333.300
1;19;1;125.4;0;6;6;12.833.333.333.333.300;6;6;11.166.666.666.666.600
1;40;0;130.0;0;5;4;10.25;8;5;11.2
1;25;0;150.0;0;6;0;0.0;6;0;0.0
1;20;0;116.9;1;5;4;14.5;6;3;13.333.333.333.333.300
1;20;0;114.7;0;5;5;15.8;5;5;13.714.285.714.285.700
1;43;0;95.8;0;6;0;0.0;6;0;0.0
1;18;0;133.1;0;5;4;12.5;5;3;14.666.666.666.666.600
1;35;0;150.0;0;18;18;11.666.666.666.666.600;13;12;11.5
1;23;0;118.5;0;5;4;13.0;5;5;13.0
1;19;0;131.1;0;7;7;1.212.142.857.142.850;9;8;1.150.625
1;21;1;150.3;0;11;9;1.422.222.222.222.220;9;7;13.75
1;19;0;120.5;0;6;4;12.5;6;4;13.25
1;20;0;105.6;0;5;5;12.166.666.666.666.600;5;5;15.285.714.285.714.200
1;30;1;125.3;0;6;0;0.0;6;0;0.0
1;44;0;131.0;0;6;6;12.666.666.666.666.600;6;6;11.5
1;19;0;127.0;0;8;7;13.614.285.714.285.700;8;7;13.614.285.714.285.700
1;22;0;150.0;0;18;12;12.857.142.857.142.800;12;10;14.3
1;18;0;149.2;0;5;4;14.0;5;5;14.2
1;21;1;121.5;0;6;4;14.75;6;5;11.8
1;18;0;137.3;0;6;0;0.0;6;0;0.0
1;18;0;119.6;0;6;6;13.625;6;6;14.285.714.285.714.200
1;19;0;141.5;0;0;0;0.0;0;0;0.0
1;21;0;150.0;0;6;4;11.8;6;4;11.875
1;31;0;110.0;0;6;6;15.125;6;6;14.6
1;21;0;110.2;0;6;4;11.5;6;2;10.5
1;24;0;110.3;1;5;1;10.0;5;1;11.0
1;27;0;120.0;0;4;0;0.0;5;0;0.0
1;20;0;114.2;0;5;3;10.333.333.333.333.300;5;5;12.8
1;22;0;140.0;0;5;0;0.0;5;2;11.666.666.666.666.600
1;19;1;132.8;0;6;4;12.0;6;4;12.5
1;19;0;121.5;0;6;6;13.833.333.333.333.300;6;6;14.5
1;23;0;127.2;1;17;13;12.153.846.153.846.100;17;11;11.909.090.909.090.900
1;18;0;128.2;0;6;6;14.0;6;6;13.666.666.666.666.600
1;29;0;133.4;0;6;6;16.5;6;5;13.8
1;29;0;120.0;0;5;1;18.0;5;3;13.333.333.333.333.300
1;20;0;140.0;0;6;6;11.285.714.285.714.200;6;5;1.177.777.777.777.770
1;19;1;136.9;0;0;0;0.0;0;0;0.0
1;22;0;117.0;0;0;0;0.0;0;0;0.0
1;20;0;110.7;0;6;5;14.0;6;6;12.0
1;24;0;160.0;0;5;4;13.75;5;3;12.0
1;21;0;95.0;0;6;4;13.25;6;5;11.0
1;25;1;148.8;0;5;4;14.25;5;4;14.75
1;32;0;110.0;0;5;0;0.0;5;0;0.0
1;26;0;133.9;0;12;8;11.25;8;3;11.333.333.333.333.300
1;18;1;125.7;0;6;6;13.5;6;6;12.5
1;19;1;116.6;0;6;5;12.666.666.666.666.600;6;6;12.857.142.857.142.800
1;19;1;141.0;0;6;6;15.166.666.666.666.600;6;6;12.333.333.333.333.300
1;27;0;130.0;0;6;6;13.166.666.666.666.600;5;5;15.142.857.142.857.100
1;21;0;130.0;1;12;10;11.8;12;9;11.444.444.444.444.400
1;20;0;115.8;0;5;4;11.5;5;0;0.0
1;21;0;140.0;0;6;6;14.5;6;6;11.333.333.333.333.300
1;22;0;126.1;0;6;5;13.4;6;3;10.666.666.666.666.600
1;19;0;137.5;1;0;0;0.0;0;0;0.0
1;18;1;120.8;0;5;4;10.8;5;2;12.5
1;28;0;136.5;0;5;0;0.0;5;0;0.0
1;25;0;122.0;1;10;6;11.428.571.428.571.400;7;4;12.0
1;25;0;130.0;0;14;8;12.5;13;10;11.6
1;18;0;126.3;0;5;2;13.5;5;3;12.333.333.333.333.300
1;26;0;98.0;0;6;0;0.0;6;0;0.0
1;18;1;121.0;0;5;5;12.75;5;5;11.5
1;22;0;124.2;0;6;3;11.333.333.333.333.300;6;3;12.333.333.333.333.300
1;25;0;130.0;0;6;0;0.0;6;0;0.0
1;19;0;136.1;0;6;5;11.4;6;5;12.4
1;19;0;132.8;0;6;6;14.428.571.428.571.400;6;6;14.571.428.571.428.500
1;19;0;126.3;0;7;7;12.492.857.142.857.100;8;8;117.125
1;45;0;111.5;0;8;4;11.5;8;4;11.0
1;52;0;118.2;0;5;5;11.2;5;5;12.8
1;20;0;115.6;0;5;3;12.0;5;3;11.0
1;19;0;117.8;0;8;7;15.885.714.285.714.200;8;7;15.885.714.285.714.200
1;21;0;127.0;1;7;4;12.94;7;4;11.58
1;35;0;140.0;0;6;6;14.0;6;6;14.166.666.666.666.600
1;36;0;106.0;0;0;0;0.0;0;0;0.0
1;47;0;151.0;1;7;0;0.0;8;0;0.0
1;22;0;106.4;0;5;0;0.0;5;0;0.0
1;41;0;125.3;0;5;4;11.25;5;3;11.0
1;26;0;130.0;0;5;0;0.0;5;0;0.0
0;51;0;116.0;0;6;4;11.25;6;0;0.0
0;43;0;120.0;0;5;3;10.666.666.666.666.600;5;4;12.5
0;41;0;100.0;0;6;5;11.8;6;3;10.666.666.666.666.600
1;23;0;118.5;0;10;8;11.625;10;10;11.181.818.181.818.100
1;22;0;118.9;0;6;0;0.0;5;0;0.0
1;25;1;119.3;0;6;4;10.25;6;4;11.25
1;25;0;135.8;0;15;15;10.8;14;14;11.357.142.857.142.800
1;22;1;130.0;0;12;11;12.545.454.545.454.500;11;11;12.666.666.666.666.600
1;24;0;129.8;0;7;7;13.571.428.571.428.500;6;5;13.4
1;47;0;150.0;0;6;0;0.0;6;0;0.0
1;41;0;111.9;0;5;0;0.0;5;0;0.0
1;43;0;150.1;0;6;6;1.477.777.777.777.770;6;5;12.2
1;29;0;130.0;0;3;0;0.0;4;0;0.0
1;30;0;128.0;0;2;0;0.0;2;0;0.0
1;26;0;102.5;0;4;0;0.0;5;0;0.0
1;27;0;102.5;0;5;0;0.0;5;0;0.0
1;36;1;110.0;0;5;5;11.4;5;5;11.6
1;29;0;114.0;0;9;6;11.666.666.666.666.600;7;6;10.857.142.857.142.800
1;35;0;128.2;0;10;7;11.285.714.285.714.200;8;5;13.0
1;18;1;116.5;0;6;4;11.5;6;5;12.6
1;24;1;149.3;0;5;5;16.0;5;5;16.0
1;18;1;134.1;0;6;6;12.5;6;6;12.666.666.666.666.600
1;18;0;126.6;0;5;4;12.0;5;3;13.0
1;21;0;120.0;0;5;0;0.0;5;3;11.666.666.666.666.600
1;21;0;133.5;0;5;5;13.0;5;5;12.6
1;32;0;110.0;0;18;13;13.714.285.714.285.700;12;12;12.083.333.333.333.300
1;22;1;107.5;0;5;3;12.333.333.333.333.300;6;3;12.5
1;32;0;130.0;0;17;11;12.727.272.727.272.700;12;10;12.7
1;35;0;111.6;0;5;1;14.0;5;0;0.0
1;23;0;101.0;0;5;0;0.0;5;0;0.0
1;39;0;108.3;0;6;5;11.4;6;3;11.0
1;35;0;128.2;0;5;0;0.0;5;1;10.0
1;32;0;150.0;0;6;6;18.875;12;12;17.692.307.692.307.600
1;20;0;142.8;0;6;0;0.0;6;0;0.0
1;34;0;100.0;0;7;6;11.333.333.333.333.300;7;4;12.6
1;44;0;150.0;0;7;7;13.5;5;5;16.2
1;53;0;156.5;0;11;2;15.0;9;3;10.0
1;28;0;98.6;1;5;0;0.0;5;0;0.0
1;31;0;130.0;0;9;9;1.422.222.222.222.220;5;5;12.8
1;18;0;118.1;1;0;0;0.0;0;0;0.0
1;44;0;120.0;1;7;4;12.0;6;0;0.0
1;19;0;127.7;0;5;5;12.6;5;4;12.0
1;21;0;130.0;0;12;12;15.083.333.333.333.300;11;11;13.083.333.333.333.300
1;18;1;147.7;0;5;0;0.0;5;0;0.0
1;20;0;170.0;0;6;6;14.5;6;6;15.3
1;55;0;110.2;0;6;6;14.5;6;6;13.5
1;27;0;146.4;0;5;3;10.0;5;1;13.0
1;19;0;121.0;0;5;0;0.0;5;0;0.0
1;18;0;129.9;0;5;5;11.6;5;5;13.2
1;43;0;132.0;0;6;4;11.75;6;0;0.0
1;18;0;125.9;0;6;0;0.0;6;0;0.0
1;18;0;165.7;0;0;0;0.0;0;0;0.0
1;20;1;122.7;1;6;0;0.0;6;0;0.0
1;29;0;141.4;1;5;4;11.25;5;4;11.8
1;44;0;156.4;1;6;5;11.571.428.571.428.500;6;0;0.0
1;18;0;148.5;0;5;4;10.0;5;1;16.0
1;20;1;140.0;0;6;5;13.833.333.333.333.300;6;6;12.3
1;20;0;131.7;0;6;4;12.75;9;3;12.666.666.666.666.600
1;36;0;104.7;0;4;0;0.0;5;0;0.0
1;19;0;150.0;0;6;5;11.6;6;2;11.0
1;29;0;110.0;0;5;0;0.0;5;0;0.0
1;18;0;129.1;0;6;4;11.25;6;3;10.333.333.333.333.300
1;24;0;120.0;0;6;0;0.0;6;0;0.0
1;20;0;127.0;0;6;6;14.333.333.333.333.300;6;6;15.0
1;45;0;151.5;1;6;0;0.0;5;0;0.0
1;28;1;126.8;0;23;20;13.5;23;20;13.5
1;23;0;140.8;0;6;6;12.666.666.666.666.600;6;5;12.2
1;18;0;125.6;0;7;7;12.444.285.714.285.700;8;7;11.347.142.857.142.800
1;23;0;127.8;0;5;3;10.666.666.666.666.600;5;3;11.333.333.333.333.300
1;22;0;120.0;0;0;0;0.0;0;0;0.0
1;22;1;131.3;0;6;6;12.666.666.666.666.600;6;5;12.4
1;33;0;155.7;0;5;5;13.2;5;5;14.833.333.333.333.300
1;21;0;128.5;0;12;10;12.7;12;11;12.181.818.181.818.100
1;45;0;170.0;0;5;5;14.833.333.333.333.300;5;5;14.8
1;44;0;100.0;0;10;4;11.5;7;1;12.0
1;42;0;107.2;0;6;0;0.0;6;0;0.0
1;20;0;139.3;0;5;0;0.0;5;0;0.0
1;20;0;123.2;0;5;3;12.666.666.666.666.600;5;2;12.5
1;20;1;122.3;0;6;6;14.714.285.714.285.700;6;6;12.5
1;20;0;127.9;0;6;3;13.666.666.666.666.600;6;4;10.25
1;19;0;120.3;0;5;5;10.8;5;2;13.5
1;26;0;128.5;1;8;4;10.5;10;7;10.428.571.428.571.400
1;31;0;150.0;0;6;6;15.0;6;5;12.5
1;19;1;136.1;1;6;6;12.666.666.666.666.600;6;6;14.0
1;28;0;128.0;0;6;6;13.166.666.666.666.600;6;6;13.666.666.666.666.600
1;20;1;158.1;0;0;0;0.0;0;0;0.0
0;43;0;108.7;0;6;6;13.0;6;6;12.5
1;25;1;110.0;0;0;0;0.0;0;0;0.0
0;40;0;120.0;1;6;2;10.0;6;1;15.0
0;20;0;150.0;0;6;6;13.333.333.333.333.300;6;5;13.375
0;46;0;113.0;0;6;3;12.333.333.333.333.300;6;6;13.333.333.333.333.300
0;26;0;118.6;0;21;20;13.181.818.181.818.100;14;14;11.642.857.142.857.100
0;34;1;148.8;0;7;6;12.513.333.333.333.300;8;7;13.071.428.571.428.500
0;19;0;120.3;0;6;0;0.0;6;0;0.0
0;18;1;127.0;0;8;7;13.585.714.285.714.200;8;7;13.585.714.285.714.200
0;18;0;113.8;0;7;7;11.155.555.555.555.500;8;8;11.425
1;37;1;108.0;0;7;6;11.857.142.857.142.800;6;5;12.0
1;23;1;129.1;0;0;0;0.0;0;0;0.0
1;26;0;135.9;0;14;14;14.0;13;13;13.615.384.615.384.600
0;18;0;154.4;0;6;5;12.0;6;0;0.0
0;18;0;190.0;0;7;4;11.575;7;5;12.419.999.999.999.900
0;19;0;132.5;0;7;7;13.198.571.428.571.400;8;8;130.625
0;18;0;163.3;0;6;6;13.5;6;6;12.0
0;19;0;122.5;0;6;6;13.333.333.333.333.300;6;5;12.8
1;20;0;121.0;0;5;4;14.25;5;1;10.0
0;22;1;131.8;0;6;6;12.166.666.666.666.600;6;4;12.0
0;18;1;135.0;0;8;7;12.214.285.714.285.700;8;7;12.214.285.714.285.700
0;18;1;141.7;0;6;6;12.666.666.666.666.600;6;6;13.0
0;18;1;131.3;0;6;6;12.285.714.285.714.200;6;6;13.5
0;18;1;123.9;0;6;6;13.0;6;6;13.0
0;18;0;126.1;0;6;6;12.142.857.142.857.100;6;6;11.166.666.666.666.600
0;19;1;126.5;0;7;7;13.875.714.285.714.200;8;7;13.085.714.285.714.200
0;20;0;107.3;0;6;0;0.0;6;0;0.0
0;19;1;95.0;0;6;6;11.666.666.666.666.600;6;0;0.0
0;18;0;116.1;0;6;6;13.153.846.153.846.100;6;3;11.0
0;18;1;134.6;0;6;6;14.5;6;6;12.833.333.333.333.300
0;18;1;128.0;0;7;7;1.444.142.857.142.850;8;8;1.365.625
0;18;0;144.2;0;6;6;15.166.666.666.666.600;6;6;14.285.714.285.714.200
0;18;1;129.5;0;5;5;11.6;5;4;12.625
0;18;0;116.8;1;6;6;11.666.666.666.666.600;6;6;12.333.333.333.333.300
0;20;1;160.0;0;6;6;12.625;6;6;13.2
0;19;1;127.1;0;6;3;12.666.666.666.666.600;6;6;11.0
0;18;1;126.3;0;6;6;12.833.333.333.333.300;6;6;13.0
0;19;1;112.9;0;6;6;11.857.142.857.142.800;6;6;13.142.857.142.857.100
0;19;0;130.2;0;6;5;11.4;6;4;10.75
0;19;0;100.0;0;5;5;14.857.142.857.142.800;5;5;15.142.857.142.857.100
0;19;0;121.6;0;6;6;14.714.285.714.285.700;6;6;15.833.333.333.333.300
0;20;0;130.0;1;6;6;13.5;6;5;13.0
0;18;1;121.7;0;5;4;11.5;5;5;12.4
0;33;0;120.0;0;5;2;14.0;5;0;0.0
0;19;1;143.5;0;7;6;12.833.333.333.333.300;6;0;0.0
0;18;1;128.3;0;7;7;13.428.571.428.571.400;8;8;14.75
0;19;0;111.9;0;6;0;0.0;6;0;0.0
0;19;0;140.0;0;6;3;11.666.666.666.666.600;6;4;11.5
0;18;0;137.6;0;6;6;16.0;6;6;14.333.333.333.333.300
0;20;0;135.0;0;6;6;13.833.333.333.333.300;6;6;11.833.333.333.333.300
0;19;0;133.8;0;8;8;132.325;8;8;132.325
1;18;1;126.9;0;6;6;14.0;6;6;14.166.666.666.666.600
1;19;1;106.7;1;6;2;10.0;6;0;0.0
0;25;0;145.7;0;16;15;13.333.333.333.333.300;13;11;12.272.727.272.727.200
0;20;1;153.1;0;6;6;12.5;6;6;14.333.333.333.333.300
0;19;0;118.7;0;6;6;12.5;6;6;11.5
1;33;0;161.8;1;5;2;10.5;5;0;0.0
1;18;0;124.9;1;5;3;10.666.666.666.666.600;5;3;11.333.333.333.333.300
1;18;0;150.8;0;5;4;10.5;5;2;10.5
0;19;0;130.0;0;5;4;12.0;5;5;11.4
0;18;0;163.6;0;0;0;0.0;0;0;0.0
0;19;0;115.0;0;5;5;11.5;5;2;10.666.666.666.666.600
0;18;0;136.8;0;6;6;14.0;6;6;13.5
0;18;0;130.9;0;6;6;13.5;6;5;12.6
0;18;0;127.0;0;8;8;1.307.375;8;8;1.307.375
0;37;0;120.0;0;7;2;10.75;7;0;0.0
0;20;0;126.0;0;6;1;12.0;5;0;0.0
0;20;1;153.8;0;6;6;14.0;6;6;13.333.333.333.333.300
1;21;0;140.0;0;6;6;12.333.333.333.333.300;6;6;13.428.571.428.571.400
0;18;1;136.6;0;7;7;13.464.285.714.285.700;8;8;14.788.888.888.888.800
0;26;0;105.0;0;6;3;10.666.666.666.666.600;6;5;11.2
0;41;0;139.4;1;5;5;11.6;5;5;12.2
0;18;1;140.0;0;6;6;13.666.666.666.666.600;6;6;14.666.666.666.666.600
0;18;0;130.8;1;8;8;144.025;8;8;144.025
0;31;0;138.8;0;7;7;1.546.875;8;8;163.875
0;23;0;110.0;1;6;6;12.625;6;6;14.166.666.666.666.600
0;19;0;127.8;0;7;6;14.983.333.333.333.300;7;6;14.983.333.333.333.300
0;20;1;134.2;0;6;6;15.0;6;6;13.0
0;40;0;143.0;0;9;9;1.588.888.888.888.880;7;7;14.142.857.142.857.100
0;32;0;120.0;1;6;4;11.5;6;3;11.0
0;24;0;113.2;0;6;2;10.5;6;1;10.0
0;18;0;135.8;0;7;6;13.983.333.333.333.300;7;6;13.983.333.333.333.300
0;18;0;143.5;0;6;6;13.0;6;6;12.833.333.333.333.300
0;18;1;148.9;0;6;6;13.666.666.666.666.600;6;6;13.0
0;27;0;115.6;0;6;0;0.0;6;0;0.0
0;18;0;159.3;0;5;5;14.4;5;5;15.4
0;26;0;138.5;0;5;4;12.0;5;4;11.25
0;19;0;133.2;0;6;6;14.166.666.666.666.600;6;6;13.666.666.666.666.600
0;19;0;117.6;0;6;5;12.2;6;6;12.0
0;21;0;108.7;0;5;3;12.0;5;3;12.666.666.666.666.600
0;24;0;106.0;0;5;2;10.5;5;1;11.0
0;20;0;122.6;0;6;3;12.333.333.333.333.300;6;2;10.5
0;18;0;127.4;0;6;5;12.2;6;5;12.2
0;30;0;100.0;0;6;0;0.0;6;0;0.0
0;22;0;95.0;1;7;6;11.5;7;6;13.166.666.666.666.600
0;21;0;130.0;0;9;9;1.088.888.888.888.880;10;10;11.615.384.615.384.600
0;26;0;122.8;0;7;6;12.166.666.666.666.600;8;8;11.675
0;23;0;115.0;0;5;2;10.0;5;1;12.0
0;18;1;145.9;0;6;6;12.666.666.666.666.600;6;6;12.166.666.666.666.600
0;21;0;143.0;1;6;5;11.4;6;5;12.2
0;18;1;100.0;0;0;0;0.0;0;0;0.0
0;21;0;121.3;0;5;2;13.0;5;4;12.0
0;18;0;121.2;0;6;5;13.4;6;5;12.0
0;19;1;125.1;0;6;6;13.5;6;5;12.8
0;22;0;112.9;0;6;4;12.25;6;3;11.333.333.333.333.300
0;19;0;120.8;0;6;6;12.285.714.285.714.200;6;6;12.833.333.333.333.300
0;19;0;114.0;0;5;0;0.0;5;0;0.0
0;19;0;132.1;0;6;2;10.5;6;1;13.0
0;27;0;160.0;0;5;3;14.0;5;5;12.0
0;22;0;134.0;0;5;5;14.2;5;5;12.2
0;18;0;124.2;0;6;5;13.0;6;6;13.142.857.142.857.100
0;20;0;115.6;0;6;6;11.0;6;4;12.75
0;34;0;128.2;0;8;3;11.0;7;2;10.0
0;18;0;132.8;0;7;6;12.385.714.285.714.200;8;8;13.755.555.555.555.500
1;20;0;123.1;0;6;4;14.75;6;4;12.25
0;20;0;125.6;0;5;5;16.166.666.666.666.600;5;5;15.833.333.333.333.300
1;25;0;115.0;0;5;0;0.0;5;0;0.0
1;18;0;123.6;0;5;5;12.4;5;3;13.0
1;18;0;141.7;0;6;5;11.6;6;4;13.0
0;18;1;139.0;0;6;5;12.2;6;0;0.0
0;19;1;118.0;0;6;5;11.0;6;5;12.8
0;19;1;142.0;0;6;6;12.333.333.333.333.300;6;5;12.4
0;21;1;143.4;0;6;6;14.833.333.333.333.300;6;6;12.571.428.571.428.500
0;29;0;115.9;0;10;9;11.555.555.555.555.500;11;10;11.9
0;20;1;105.1;0;6;6;12.0;6;6;11.833.333.333.333.300
0;21;1;138.0;1;13;11;12.727.272.727.272.700;11;10;12.6
0;34;0;114.7;0;2;2;10.5;1;1;11.0
0;20;0;130.5;0;6;6;12.333.333.333.333.300;6;6;12.0
1;24;0;134.3;0;5;0;0.0;5;1;12.0
1;18;0;137.5;0;7;7;14.842.857.142.857.100;8;8;1.438.888.888.888.880
1;19;0;125.3;0;7;7;12.2;7;7;12.2
1;18;1;111.3;0;5;4;10.8;5;4;11.75
1;28;0;144.8;0;5;4;12.75;5;5;14.333.333.333.333.300
1;28;0;152.1;0;5;2;11.0;5;1;12.0
1;20;0;126.1;0;6;4;10.75;6;0;0.0
1;22;0;136.0;0;8;8;1.255.375;8;8;1.255.375
1;19;0;124.3;0;8;7;12.665.714.285.714.200;8;7;12.665.714.285.714.200
1;20;0;129.9;0;6;6;12.714.285.714.285.700;6;4;13.0
1;26;0;136.1;0;7;2;11.75;5;0;0.0
1;21;0;115.1;0;6;3;11.0;6;0;0.0
1;18;0;143.6;0;0;0;0.0;0;0;0.0
1;18;0;115.8;0;5;5;13.4;5;5;12.2
1;22;0;149.0;0;17;17;12.578.947.368.421.000;17;17;12.117.647.058.823.500
1;36;0;100.0;0;5;0;0.0;5;0;0.0
1;20;1;133.4;0;6;6;12.0;6;6;11.5
1;20;0;122.8;0;6;3;12.333.333.333.333.300;6;0;0.0
1;25;0;151.2;0;5;4;11.5;5;3;13.5
1;35;0;137.0;0;6;5;12.8;6;5;13.833.333.333.333.300
1;22;0;118.0;0;0;0;0.0;0;0;0.0
1;26;0;126.4;0;7;7;13.285.714.285.714.200;8;7;12.142.857.142.857.100
1;20;0;130.0;1;6;4;11.8;6;2;12.0
1;50;0;112.5;0;13;6;11.333.333.333.333.300;11;2;13.5
1;20;0;118.3;0;8;5;12.002;8;5;12.002
1;20;0;121.4;0;7;5;13.976.666.666.666.600;8;8;1.322.222.222.222.220
1;35;0;140.0;0;6;5;15.2;6;1;11.0
1;19;1;109.0;0;6;6;13.142.857.142.857.100;6;6;14.166.666.666.666.600
1;43;0;110.0;0;5;0;0.0;5;0;0.0
1;19;0;119.8;0;8;7;13.867.142.857.142.800;8;7;13.867.142.857.142.800
1;25;0;130.0;0;8;6;12.675;8;6;12.675
1;19;0;167.3;0;0;0;0.0;0;0;0.0
1;20;1;111.9;0;6;6;12.0;6;6;12.5
1;22;0;136.0;0;0;0;0.0;0;0;0.0
1;19;1;124.0;0;6;6;11.0;6;5;12.2
1;32;0;132.9;0;5;4;10.75;5;4;11.333.333.333.333.300
1;57;0;154.0;0;6;5;14.2;6;6;14.166.666.666.666.600
1;20;0;115.0;0;7;4;12.6;7;4;11.575
1;38;0;96.0;0;5;0;0.0;5;0;0.0
1;45;0;168.2;0;5;5;14.0;5;5;14.166.666.666.666.600
1;43;0;140.0;1;6;2;10.0;6;4;12.25
1;19;0;137.4;0;6;6;13.833.333.333.333.300;6;6;13.125
1;49;0;150.0;0;5;2;11.0;5;1;11.0
1;43;0;100.5;0;8;7;11.635.714.285.714.200;8;7;11.635.714.285.714.200
1;34;0;148.5;0;6;4;12.25;5;0;0.0
1;18;0;123.3;1;5;4;12.5;5;5;11.285.714.285.714.200
1;43;0;138.7;0;5;5;13.8;5;5;13.666.666.666.666.600
1;21;0;117.2;0;6;3;12.0;6;1;11.0
1;40;0;114.3;0;5;3;11.0;5;4;12.5
1;19;1;125.3;0;6;4;13.75;6;6;11.555.555.555.555.500
1;27;0;97.0;0;6;6;10.666.666.666.666.600;6;4;11.25
1;43;0;140.0;0;7;0;0.0;8;2;13.15
1;31;0;124.0;0;5;5;13.833.333.333.333.300;5;5;15.4
1;26;0;140.0;1;6;0;0.0;6;0;0.0
1;34;0;127.0;0;5;5;15.8;5;5;16.8
1;30;0;110.0;0;14;12;1.252.608.695.652.170;14;12;1.252.608.695.652.170
1;36;0;170.0;0;7;6;12.783.333.333.333.300;8;0;0.0
1;46;0;120.0;1;5;0;0.0;5;1;10.0
1;22;0;130.0;0;5;3;13.0;5;3;10.666.666.666.666.600
1;27;0;130.0;0;6;0;0.0;6;0;0.0
1;20;0;122.5;0;5;5;10.8;5;3;12.0
1;20;0;115.7;0;5;5;11.0;5;3;10.0
1;31;0;120.0;1;4;0;0.0;5;0;0.0
1;20;0;166.0;1;5;0;0.0;5;0;0.0
1;21;0;132.8;0;6;2;12.0;6;0;0.0
1;21;0;100.0;0;5;4;10.75;5;2;11.0
1;19;0;121.8;0;5;5;11.6;5;4;13.5
1;20;1;109.5;0;5;5;11.8;5;4;11.6
1;18;0;138.3;0;6;6;16.0;6;6;15.166.666.666.666.600
1;18;1;131.6;0;6;6;12.666.666.666.666.600;6;6;11.5
1;30;0;125.3;1;7;4;14.4;7;6;13.5
1;34;0;101.5;1;6;0;0.0;6;0;0.0
1;21;0;109.1;1;6;4;12.25;6;4;13.4
1;20;0;123.9;0;7;5;12.6;9;8;12.75
1;18;0;143.0;0;8;7;13.4;8;7;13.4
1;21;0;126.3;1;0;0;0.0;0;0;0.0
1;26;0;113.3;0;6;1;10.0;6;0;0.0
1;20;0;119.9;1;5;0;0.0;5;0;0.0
1;25;0;140.0;0;6;3;11.25;6;4;11.2
1;19;0;108.0;0;5;0;0.0;5;0;0.0
1;24;0;100.0;0;5;3;10.666.666.666.666.600;5;1;14.0
1;20;0;132.4;0;5;4;11.75;5;5;13.4
1;20;0;137.1;0;5;0;0.0;5;0;0.0
0;18;0;138.1;0;6;6;12.666.666.666.666.600;6;6;14.125
0;25;0;130.0;0;7;7;11.95;8;7;12.042.857.142.857.100
0;22;0;109.7;0;6;5;14.0;6;6;15.666.666.666.666.600
0;41;0;128.2;0;6;0;0.0;6;0;0.0
0;19;1;117.8;1;5;2;11.5;5;0;0.0
0;21;0;150.0;0;6;6;12.0;6;5;12.8
0;30;0;160.0;1;6;6;16.428.571.428.571.400;6;6;16.666.666.666.666.600
0;21;1;104.5;0;7;5;13.336.000.000.000.000;8;7;13.207.142.857.142.800
0;26;1;112.8;0;7;0;0.0;8;0;0.0
0;21;0;100.0;0;7;7;14.666.666.666.666.600;6;6;14.0
0;18;0;132.5;0;8;7;14.115.714.285.714.200;8;7;14.115.714.285.714.200
0;19;1;123.3;0;6;6;14.857.142.857.142.800;6;6;1.311.111.111.111.110
0;18;1;128.9;0;6;6;13.833.333.333.333.300;6;6;13.714.285.714.285.700
0;19;0;128.3;0;5;3;11.0;5;4;11.75
0;21;0;100.0;0;6;4;11.75;6;3;13.666.666.666.666.600
0;18;1;120.1;0;5;2;10.0;5;2;12.0
0;24;1;160.0;0;8;6;12.415;8;6;12.415
0;21;0;123.0;0;5;1;11.0;5;2;10.5
0;23;0;150.0;0;6;5;14.428.571.428.571.400;6;6;13.428.571.428.571.400
0;18;1;124.0;0;8;7;14.312.857.142.857.100;8;7;14.312.857.142.857.100
0;26;0;120.0;0;6;6;15.428.571.428.571.400;6;5;14.5
0;20;0;120.4;0;5;4;12.0;5;5;13.4
0;18;0;131.6;0;6;6;13.833.333.333.333.300;6;6;13.714.285.714.285.700
0;20;0;104.2;0;6;6;12.166.666.666.666.600;6;6;12.142.857.142.857.100
0;20;0;122.0;0;8;7;14.014.285.714.285.700;8;7;14.014.285.714.285.700
0;18;0;110.7;0;6;2;10.333.333.333.333.300;6;3;13.333.333.333.333.300
0;22;1;121.7;0;6;5;13.2;6;5;13.6
0;20;0;126.0;1;7;6;15.4;7;6;15.4
0;19;1;128.4;0;7;7;13.385.714.285.714.200;8;8;15.925
0;18;0;134.9;1;6;6;10.857.142.857.142.800;6;4;11.0
0;18;0;143.9;0;5;5;11.333.333.333.333.300;5;5;12.0
0;19;1;145.0;0;5;4;14.5;5;5;13.6
0;19;1;132.0;0;6;6;14.166.666.666.666.600;6;6;12.375
0;24;0;136.1;0;6;6;12.833.333.333.333.300;6;6;12.0
0;21;0;138.9;0;6;6;13.333.333.333.333.300;6;6;14.5
0;20;1;102.0;0;6;6;13.666.666.666.666.600;6;6;14.571.428.571.428.500
0;28;1;123.0;1;6;6;10.833.333.333.333.300;6;5;11.0
0;21;0;137.5;0;6;6;13.428.571.428.571.400;6;6;13.142.857.142.857.100
1;20;0;102.2;1;7;7;12.401.428.571.428.500;8;6;11.808.333.333.333.300
1;36;0;105.3;0;6;0;0.0;6;0;0.0
1;42;0;130.0;0;4;0;0.0;5;0;0.0
1;47;0;122.5;0;5;4;11.5;5;5;11.6
1;25;0;112.0;0;5;0;0.0;5;0;0.0
1;25;1;110.0;0;6;6;14.142.857.142.857.100;6;6;13.5
1;48;0;149.5;0;6;0;0.0;5;0;0.0
1;32;1;141.0;0;10;10;13.8;10;10;12.8
1;38;0;130.0;0;10;10;13.6;10;5;13.6
1;37;0;130.0;0;16;15;11.733.333.333.333.300;11;9;1.188.888.888.888.880
1;26;0;104.0;0;5;1;10.0;5;1;10.0
1;23;0;110.0;0;6;0;0.0;6;0;0.0
1;23;0;120.0;0;6;0;0.0;6;0;0.0
1;20;0;130.0;0;6;4;10.8;6;4;12.0
1;26;0;127.0;0;7;6;13.046.666.666.666.600;8;7;1.330.625
0;45;0;100.0;0;9;8;11.0;7;6;10.833.333.333.333.300
0;26;1;111.0;0;6;3;12.333.333.333.333.300;6;3;11.666.666.666.666.600
0;26;0;130.0;0;11;10;11.8;7;7;13.285.714.285.714.200
0;25;0;130.1;0;5;3;11.0;5;3;11.25
0;18;0;127.5;0;8;8;13.11;8;8;13.11
0;27;0;130.0;0;8;7;14.414.285.714.285.700;8;7;14.414.285.714.285.700
0;24;0;115.0;0;5;0;0.0;5;0;0.0
0;20;0;126.8;0;5;5;12.333.333.333.333.300;5;5;12.2
0;18;1;116.7;0;7;0;0.0;7;1;10.0
0;18;1;128.5;0;7;7;14.1;8;8;133.125
0;18;0;127.5;0;8;8;13.045;8;8;13.045
1;19;0;117.5;0;8;5;12.858;8;5;12.858
0;19;1;148.8;0;8;8;142.525;8;8;142.525
0;19;1;120.2;0;7;5;14.06;7;7;11.242.857.142.857.100
0;18;0;127.3;0;8;7;15.075.714.285.714.200;8;7;15.075.714.285.714.200
0;18;1;136.1;0;0;0;0.0;0;0;0.0
0;19;0;122.4;0;5;4;13.75;6;5;12.6
0;23;0;130.0;0;17;17;13.15;12;12;13.214.285.714.285.700
0;21;1;121.7;0;6;5;12.333.333.333.333.300;6;5;11.8
0;18;1;122.7;0;7;7;13.778.571.428.571.400;8;8;13.122.222.222.222.200
0;20;0;129.2;1;6;3;10.333.333.333.333.300;6;1;11.0
0;23;0;105.0;0;6;3;11.333.333.333.333.300;6;2;11.0
0;20;0;129.9;0;6;5;13.2;6;6;12.666.666.666.666.600
0;18;1;136.3;0;6;6;13.571.428.571.428.500;6;6;12.375
0;29;0;114.9;0;11;11;12.75;7;7;13.428.571.428.571.400
1;28;0;102.0;0;6;3;13.0;6;1;12.0
1;19;0;111.3;0;5;3;11.333.333.333.333.300;5;4;11.0
1;24;0;130.9;1;6;0;0.0;6;0;0.0
1;33;1;100.0;1;0;0;0.0;0;0;0.0
1;19;0;112.9;0;5;2;12.5;5;1;11.0
1;19;0;112.7;0;6;6;14.857.142.857.142.800;6;6;14.142.857.142.857.100
1;37;0;143.0;0;9;8;12.0;7;7;11.571.428.571.428.500
1;18;1;155.1;1;0;0;0.0;0;0;0.0
1;29;0;127.6;0;5;0;0.0;5;0;0.0
1;37;0;146.6;0;7;7;12.828.571.428.571.400;8;8;126.875
1;36;0;141.0;0;7;0;0.0;8;0;0.0
1;19;0;120.6;0;6;6;13.333.333.333.333.300;6;5;14.0
1;33;1;110.0;0;14;14;13.072.857.142.857.100;14;14;13.072.857.142.857.100
1;34;0;108.6;0;7;5;12.0;7;3;11.0
0;18;0;134.9;0;6;6;15.5;6;6;16.0
0;20;0;120.0;0;6;0;0.0;6;0;0.0
0;19;1;141.3;0;6;6;14.714.285.714.285.700;6;6;15.166.666.666.666.600
0;20;0;135.6;0;6;6;16.714.285.714.285.700;6;6;15.333.333.333.333.300
0;19;1;121.5;0;6;6;10.857.142.857.142.800;6;6;11.666.666.666.666.600
0;19;0;125.0;0;7;6;11.658.333.333.333.300;8;6;12.416.666.666.666.600
0;22;1;119.1;0;6;5;11.6;6;6;12.0
0;18;0;126.6;0;6;6;14.625;6;6;14.142.857.142.857.100
0;18;1;116.7;0;6;6;12.166.666.666.666.600;6;6;12.666.666.666.666.600
0;19;0;120.1;0;7;4;13.375;7;6;12.116.666.666.666.600
0;19;1;124.9;0;6;6;12.5;6;6;12.833.333.333.333.300
0;31;0;114.0;1;7;5;12.56;7;5;12.56
0;18;0;131.1;0;7;7;13.19;8;8;1.423.125
0;19;1;129.3;1;6;3;11.0;6;4;11.25
0;18;0;129.7;0;0;0;0.0;0;0;0.0
0;19;1;120.8;0;6;5;11.6;6;6;11.714.285.714.285.700
0;19;0;135.0;0;7;6;14.266.666.666.666.600;7;6;14.266.666.666.666.600
0;19;1;117.8;0;5;4;11.0;5;4;13.857.142.857.142.800
0;30;0;130.0;0;10;9;12.666.666.666.666.600;7;7;12.428.571.428.571.400
0;18;0;117.6;0;6;0;0.0;6;3;11.0
0;18;0;130.8;0;8;7;12.771.428.571.428.500;8;7;12.771.428.571.428.500
0;21;0;111.9;0;5;0;0.0;5;0;0.0
0;19;1;145.9;0;6;6;15.5;6;6;13.571.428.571.428.500
0;19;1;109.1;0;6;6;13.285.714.285.714.200;6;5;14.6
0;19;0;120.3;0;7;5;11.716.666.666.666.600;7;5;13.7
0;19;0;113.5;0;6;6;11.333.333.333.333.300;6;4;13.75
0;19;1;135.4;0;6;6;13.333.333.333.333.300;6;5;13.4
0;39;1;130.2;0;5;4;12.333.333.333.333.300;5;2;10.0
0;18;0;136.4;0;6;6;12.333.333.333.333.300;6;6;12.833.333.333.333.300
0;20;0;126.9;0;0;0;0.0;0;0;0.0
0;19;0;119.8;0;5;5;12.6;5;4;11.6
0;18;0;124.4;0;5;5;12.6;5;4;11.0
0;34;0;120.0;1;6;6;14.333.333.333.333.300;6;6;12.833.333.333.333.300
0;22;0;111.8;0;5;3;12.0;5;2;11.0
0;24;0;130.0;0;6;6;14.857.142.857.142.800;6;5;13.6
0;34;0;138.0;0;15;12;11.916.666.666.666.600;13;11;13.181.818.181.818.100
0;46;0;114.6;0;5;0;0.0;5;0;0.0
0;50;0;108.0;0;5;3;13.333.333.333.333.300;5;5;12.2
0;37;0;140.0;0;5;0;0.0;5;0;0.0
0;18;0;134.7;0;6;6;17.0;6;6;15.5
0;25;1;110.0;0;6;3;11.666.666.666.666.600;6;2;11.333.333.333.333.300
0;46;0;104.8;0;19;19;12.210.526.315.789.400;13;13;11.384.615.384.615.300
0;30;1;126.5;0;6;6;13.0;6;5;12.857.142.857.142.800
0;37;0;118.1;1;5;0;0.0;5;0;0.0
0;50;0;119.9;0;5;2;10.5;5;3;11.0
0;20;0;160.0;0;6;6;13.571.428.571.428.500;6;6;12.714.285.714.285.700
0;39;0;100.5;0;3;1;14.0;2;0;0.0
0;53;0;110.0;0;5;0;0.0;4;0;0.0
0;54;0;100.0;0;15;13;12.461.538.461.538.400;13;10;11.1
0;19;0;140.0;0;6;4;14.4;6;5;13.0
0;20;0;109.0;0;6;0;0.0;6;0;0.0
0;18;0;120.9;1;6;6;14.333.333.333.333.300;6;6;14.166.666.666.666.600
0;21;0;125.8;1;13;11;11.909.090.909.090.900;11;11;10.727.272.727.272.700
0;18;0;161.2;0;6;6;13.714.285.714.285.700;6;6;14.375
0;19;0;122.0;1;7;0;0.0;8;0;0.0
0;18;1;127.9;0;7;5;13.46;7;7;122.375
0;19;0;135.8;0;6;6;15.0;6;6;13.333.333.333.333.300
0;18;1;149.7;0;0;0;0.0;0;0;0.0
0;19;0;137.3;0;6;5;13.4;6;5;12.8
0;48;0;106.0;0;6;5;13.0;6;4;12.5
0;34;0;110.0;1;6;4;11.25;6;4;13.75
0;18;0;146.4;0;5;5;12.6;5;5;11.6
0;50;0;121.0;0;6;6;12.666.666.666.666.600;6;6;11.833.333.333.333.300
0;41;0;125.2;1;21;21;12.333.333.333.333.300;19;19;12.105.263.157.894.700
0;22;1;119.6;0;6;5;12.0;6;5;11.0
0;43;0;142.8;0;5;5;16.4;5;5;16.6
0;50;0;123.5;0;1;0;0.0;6;0;0.0
0;60;0;100.0;0;6;6;12.75;6;4;14.75
0;41;0;140.0;0;5;4;14.5;5;5;13.0
0;47;0;150.3;0;5;5;14.8;5;5;14.4
0;22;0;128.2;0;17;17;1.036.842.105.263.150;17;17;11.5
0;41;0;114.3;0;7;0;0.0;8;0;0.0
0;28;0;117.3;0;10;6;10.666.666.666.666.600;10;9;11.333.333.333.333.300
0;32;0;120.0;0;15;13;12.692.307.692.307.600;15;13;12.384.615.384.615.300
0;50;0;110.7;0;5;0;0.0;5;0;0.0
0;53;0;118.0;0;15;15;11.8;13;12;11.666.666.666.666.600
0;54;0;169.2;1;7;0;0.0;5;0;0.0
0;49;0;106.8;0;6;5;12.333.333.333.333.300;6;4;11.5
0;34;0;100.0;0;12;11;13.0;13;8;11.875
0;45;0;144.5;0;6;4;12.5;6;3;11.666.666.666.666.600
0;47;1;134.5;0;6;5;12.2;6;4;11.25
0;22;0;114.3;0;10;8;11.0;7;5;11.2
0;33;0;113.4;0;5;1;10.0;5;2;12.0
0;43;1;128.0;0;6;6;12.333.333.333.333.300;6;6;11.5
0;54;0;120.0;0;13;13;14.307.692.307.692.300;12;12;1.523.076.923.076.920
0;39;0;147.5;0;11;11;14.454.545.454.545.400;8;8;13.5
0;39;0;120.7;0;5;5;11.0;5;5;13.2
0;18;1;153.7;0;6;6;13.142.857.142.857.100;6;6;12.833.333.333.333.300
0;19;1;121.9;0;6;6;13.75;6;6;11.857.142.857.142.800
0;18;1;119.4;0;6;6;14.0;6;5;13.8
0;44;0;157.8;0;8;8;13.75;6;6;12.5
0;27;0;154.0;0;5;0;0.0;5;0;0.0
0;18;1;135.9;0;6;6;13.166.666.666.666.600;6;6;12.428.571.428.571.400
0;45;0;130.0;0;12;9;12.444.444.444.444.400;7;6;12.0
0;20;0;118.9;0;6;6;12.666.666.666.666.600;6;5;13.0
0;40;0;152.4;0;6;6;11.333.333.333.333.300;6;6;10.5
0;40;0;147.8;0;5;4;11.25;5;5;12.0
0;18;0;100.0;0;7;7;136.125;8;8;14.575
0;21;0;129.0;0;8;7;12.414.285.714.285.700;8;7;12.414.285.714.285.700
0;20;0;148.9;0;0;0;0.0;0;0;0.0
0;36;0;120.0;0;12;11;11.5;12;12;114.375
0;27;0;170.0;0;5;0;0.0;6;0;0.0
0;32;0;130.0;0;7;7;11.0;8;8;13.125
0;18;1;119.2;0;6;6;14.0;6;6;13.5
0;37;0;129.0;0;6;4;12.0;6;3;12.0
0;19;0;132.5;0;6;6;12.5;6;6;12.5
0;41;1;115.0;0;6;6;11.333.333.333.333.300;6;6;11.333.333.333.333.300
0;18;1;128.0;0;7;6;14.066.666.666.666.600;7;6;14.066.666.666.666.600
0;21;0;125.1;0;9;8;13.555.555.555.555.500;7;7;13.571.428.571.428.500
0;23;0;140.0;1;6;5;11.6;6;4;12.25
0;18;0;120.9;0;6;0;0.0;6;0;0.0
0;18;0;135.3;0;8;8;1.327.625;8;8;1.327.625
0;21;0;125.2;0;6;0;0.0;6;0;0.0
0;19;0;135.7;0;6;6;14.375;6;6;14.75
0;47;0;110.0;0;5;0;0.0;5;0;0.0
0;48;1;119.0;0;6;6;10.666.666.666.666.600;6;5;11.8
0;39;0;110.0;0;13;12;13.416.666.666.666.600;10;10;14.5
0;19;0;115.2;0;7;6;1.297.166.666.666.660;8;7;12.321.428.571.428.500
0;38;0;112.9;0;15;14;10.928.571.428.571.400;14;12;11.833.333.333.333.300
0;27;0;119.4;1;6;0;0.0;6;0;0.0
0;18;1;152.9;0;0;0;0.0;0;0;0.0
0;34;0;117.5;0;6;4;13.25;6;0;0.0
0;48;0;98.5;0;6;6;11.333.333.333.333.300;6;5;12.4
0;25;0;108.0;0;5;1;11.0;5;0;0.0
0;32;1;120.0;0;8;7;12.757.142.857.142.800;8;7;12.757.142.857.142.800
0;18;1;150.2;0;6;6;14.5;6;6;14.666.666.666.666.600
0;20;0;139.2;1;6;6;13.833.333.333.333.300;6;6;14.571.428.571.428.500
0;20;0;130.0;0;5;4;11.25;5;5;10.4
0;20;0;115.7;0;0;0;0.0;0;0;0.0
0;19;0;127.0;0;8;1;13.67;8;1;13.67
0;39;0;118.1;0;5;0;0.0;5;2;12.5
0;29;0;119.1;1;5;1;13.0;5;0;0.0
0;36;0;111.9;1;5;0;0.0;5;0;0.0
0;18;0;130.5;0;8;7;11.971.428.571.428.500;8;7;11.971.428.571.428.500
0;51;0;135.0;0;6;0;0.0;6;0;0.0
0;23;0;130.0;1;6;1;16.0;6;4;12.25
0;21;0;150.0;0;6;0;0.0;6;0;0.0
0;28;0;150.2;0;6;4;12.75;5;0;0.0
0;34;0;127.1;0;5;4;11.0;5;4;10.75
0;41;0;107.5;0;2;0;0.0;6;0;0.0
0;43;1;130.0;0;6;5;12.2;6;6;12.333.333.333.333.300
0;28;0;152.8;0;7;7;12.428.571.428.571.400;8;8;12.3
0;19;1;160.1;0;12;12;14.5;11;11;13.583.333.333.333.300
0;26;0;140.0;0;12;6;13.0;12;11;13.833.333.333.333.300
0;18;0;110.7;0;7;7;11.714.285.714.285.700;8;8;12.75
0;45;0;138.3;0;7;4;10.25;7;3;13.0
0;19;0;150.0;0;6;0;0.0;6;0;0.0
0;20;0;112.3;0;6;6;12.375;6;6;13.142.857.142.857.100
0;18;0;122.0;0;6;6;12.666.666.666.666.600;6;6;12.0
0;27;0;141.7;0;6;3;10.5;6;1;12.0
0;20;0;118.4;0;6;6;14.125;6;5;12.6
0;18;0;128.7;0;6;6;14.666.666.666.666.600;6;6;13.833.333.333.333.300
0;35;0;100.0;0;5;5;11.4;5;3;12.333.333.333.333.300
0;26;0;100.8;0;0;0;0.0;0;0;0.0
0;39;1;125.5;0;6;6;14.0;6;5;14.8
0;18;0;124.0;0;0;0;0.0;0;0;0.0
0;36;0;130.0;0;7;0;0.0;7;0;0.0
0;38;0;160.5;0;11;11;12.636.363.636.363.600;8;8;11.0
0;45;0;100.0;0;6;3;12.333.333.333.333.300;6;2;11.0
0;62;0;103.0;0;6;6;15.0;6;6;12.833.333.333.333.300
0;20;1;103.0;0;6;4;11.75;6;6;12.666.666.666.666.600
0;18;0;131.5;0;8;7;1.413.714.285.714.280;8;7;1.413.714.285.714.280
0;18;0;121.4;0;6;2;12.0;6;1;11.0
0;23;0;137.3;0;5;5;10.8;5;4;11.5
0;19;1;138.4;1;6;6;13.285.714.285.714.200;6;6;12.5
0;19;1;131.1;1;5;5;13.6;5;5;12.6
0;18;0;100.0;0;7;7;13.55;8;8;141.875
0;18;0;133.0;0;8;0;0.0;8;0;0.0
0;41;0;100.0;0;6;4;13.5;6;6;11.166.666.666.666.600
0;51;1;159.0;0;6;5;11.6;6;5;14.2
0;24;0;120.6;0;10;10;12.5;7;4;12.6
0;25;0;134.0;0;5;1;11.0;5;2;12.666.666.666.666.600
0;18;0;139.4;0;5;3;12.0;5;4;13.0
0;20;0;116.5;0;5;4;11.6;5;3;12.333.333.333.333.300
0;19;0;113.9;0;0;0;0.0;0;0;0.0
0;41;0;130.0;0;10;10;14.636.363.636.363.600;10;10;14.6
0;19;1;129.9;0;6;6;13.0;6;6;12.166.666.666.666.600
0;28;0;133.7;0;18;14;12.785.714.285.714.200;17;16;13.875
0;21;0;124.8;0;6;6;14.5;6;5;12.0
0;22;0;133.6;0;5;4;14.6;5;4;12.75
0;18;0;133.5;0;6;6;12.5;6;6;12.166.666.666.666.600
0;19;1;128.0;0;6;6;14.0;6;6;13.125
0;19;1;127.2;0;7;7;13.801.428.571.428.500;8;8;14.575
0;25;0;150.0;1;6;6;14.428.571.428.571.400;6;6;13.666.666.666.666.600
0;18;1;127.8;0;7;6;14.35;7;6;14.35
0;19;0;125.2;0;6;6;14.333.333.333.333.300;6;6;13.5
0;20;0;110.0;0;6;4;12.25;6;4;11.5
0;46;0;100.0;0;6;6;13.333.333.333.333.300;6;6;11.833.333.333.333.300
0;19;0;151.4;0;12;12;13.0;11;11;13.25
0;18;0;125.1;0;6;4;11.75;6;5;11.2
0;18;1;163.3;0;6;6;14.5;6;4;13.0
0;19;1;118.0;0;8;7;11.82;8;7;11.82
0;20;0;140.2;0;6;0;0.0;6;0;0.0
0;38;1;128.5;0;6;5;12.4;6;6;12.666.666.666.666.600
0;18;0;131.5;0;6;6;12.571.428.571.428.500;6;6;11.857.142.857.142.800
0;18;1;132.6;0;7;7;13.857.142.857.142.800;8;8;14.9
0;18;0;122.1;0;6;5;11.833.333.333.333.300;6;5;13.8
0;20;0;112.0;0;5;4;11.0;5;4;11.5
0;19;0;133.0;0;6;6;14.666.666.666.666.600;6;6;13.666.666.666.666.600
0;37;0;127.0;0;4;0;0.0;5;0;0.0
0;24;0;130.0;0;8;7;12.714.285.714.285.700;8;7;12.714.285.714.285.700
0;19;0;136.4;0;7;7;13.422.222.222.222.200;8;7;1.218.888.888.888.880
0;19;1;129.0;0;6;6;14.0;6;5;12.2
0;19;1;119.0;0;7;7;12.142.857.142.857.100;8;8;13.375
0;18;1;128.0;1;5;5;12.8;5;5;13.0
0;18;1;117.1;0;7;7;14.572.857.142.857.100;8;8;14.955.555.555.555.500
0;18;0;136.3;0;5;4;11.25;5;4;11.0
0;19;1;124.6;0;5;2;10.0;5;4;11.75
0;18;0;130.7;0;6;5;14.4;6;4;14.6
0;20;0;115.2;0;7;7;12.982.857.142.857.100;8;8;144.625
0;20;0;130.2;0;6;6;15.75;6;6;13.0
0;18;0;128.5;0;6;5;12.285.714.285.714.200;6;3;14.0
0;20;0;95.0;0;7;6;13.755;8;7;13.571.428.571.428.500
0;18;1;119.4;0;6;6;13.833.333.333.333.300;6;6;13.5
0;19;0;123.5;0;7;0;0.0;8;0;0.0
0;18;0;133.9;0;7;7;14.711.111.111.111.100;8;8;14.627.777.777.777.700
0;20;0;145.2;0;11;11;14.615.384.615.384.600;9;9;13.7
0;18;0;118.8;0;7;7;13.677.142.857.142.800;8;8;14.533.333.333.333.300
0;19;1;123.4;0;5;5;13.166.666.666.666.600;5;5;12.8
0;19;0;123.0;0;6;5;10.8;6;5;11.333.333.333.333.300
0;19;0;118.4;0;5;3;12.0;5;5;12.833.333.333.333.300
0;18;0;131.6;0;7;6;13.958.333.333.333.300;8;8;1.471.875
0;19;0;122.3;0;6;4;13.0;6;4;12.25
0;24;1;151.7;0;0;0;0.0;0;0;0.0
0;18;1;176.0;0;0;0;0.0;0;0;0.0
0;18;1;133.0;0;8;7;14.0;8;7;14.0
0;18;0;139.8;0;6;6;12.571.428.571.428.500;6;6;12.571.428.571.428.500
0;19;0;119.6;0;6;4;12.0;6;3;11.333.333.333.333.300
0;35;1;134.0;0;8;8;13.625;7;7;14.0
0;19;0;132.0;0;5;4;12.5;5;4;10.0
0;28;0;130.0;0;15;14;12.428.571.428.571.400;14;11;11.909.090.909.090.900
0;21;0;141.4;0;7;7;133.875;8;8;15.9
0;19;1;128.9;0;7;6;12.648.333.333.333.300;8;8;12.205.555.555.555.500
0;19;0;118.1;0;6;6;14.0;6;6;13.333.333.333.333.300
0;18;0;130.6;0;5;5;12.8;5;5;11.857.142.857.142.800
0;18;0;122.0;0;6;6;11.333.333.333.333.300;6;6;10.833.333.333.333.300
0;19;0;123.0;0;7;0;0.0;8;0;0.0
0;20;1;126.7;0;6;6;14.166.666.666.666.600;6;6;13.0
0;18;0;126.6;0;6;6;12.833.333.333.333.300;6;6;13.833.333.333.333.300
0;19;0;125.4;1;7;4;12.0;7;6;11.833.333.333.333.300
0;20;1;136.1;0;6;6;13.0;6;6;13.142.857.142.857.100
0;18;0;128.8;0;7;6;13.39;8;7;12.757.142.857.142.800
0;18;0;111.1;0;6;6;12.333.333.333.333.300;6;5;13.6
0;21;1;135.9;0;6;6;12.571.428.571.428.500;6;6;11.625
0;19;1;119.6;0;6;6;12.333.333.333.333.300;6;6;12.833.333.333.333.300
0;19;0;116.7;0;6;5;13.0;6;4;10.75
0;19;0;126.0;0;5;3;12.333.333.333.333.300;5;4;10.25
0;18;0;134.2;0;6;6;13.166.666.666.666.600;6;5;14.2
0;18;1;123.0;0;5;5;13.333.333.333.333.300;5;5;13.6
0;18;0;123.9;0;5;4;13.0;5;5;13.142.857.142.857.100
0;31;0;120.0;0;7;5;10.9;8;3;11.7
0;19;0;112.3;0;5;2;11.5;5;3;10.857.142.857.142.800
0;20;1;123.0;0;6;6;15.857.142.857.142.800;6;6;16.0
0;19;1;122.3;0;5;5;12.6;5;3;13.0
0;19;1;122.8;0;6;6;14.0;6;6;14.571.428.571.428.500
0;27;0;160.0;0;5;3;14.666.666.666.666.600;5;2;13.0
0;18;1;120.1;0;6;6;13.666.666.666.666.600;6;6;14.0
0;32;0;142.4;0;6;0;0.0;6;0;0.0
0;18;0;127.3;0;8;7;12.628.571.428.571.400;8;7;12.628.571.428.571.400
0;19;1;125.5;0;8;7;14.232.857.142.857.100;8;7;14.232.857.142.857.100
0;19;0;137.4;0;6;6;15.0;6;6;14.0
0;18;0;122.0;0;6;2;10.0;6;0;0.0
0;18;1;107.5;0;6;4;12.25;6;4;11.0
0;24;1;104.0;1;6;6;13.5;6;6;13.0
0;19;1;133.1;0;6;5;12.2;6;6;11.5
0;21;0;113.3;1;6;0;0.0;6;0;0.0
0;19;0;130.0;0;7;6;12.0;9;8;12.75
0;19;0;124.3;0;7;5;12.32;7;5;11.9
0;36;1;105.0;0;7;6;12.35;7;5;12.5
1;51;0;144.0;0;6;0;0.0;6;0;0.0
1;20;1;111.9;0;6;6;11.333.333.333.333.300;6;4;10.571.428.571.428.500
1;29;0;107.5;1;6;0;0.0;5;0;0.0
1;27;0;127.4;1;6;5;11.6;6;5;12.0
1;33;0;149.0;0;5;4;12.0;5;3;13.666.666.666.666.600
1;57;0;120.0;0;15;12;11.75;14;9;1.222.222.222.222.220
1;20;0;143.6;0;6;5;12.8;6;5;11.6
1;26;0;120.0;0;5;3;11.333.333.333.333.300;5;3;13.666.666.666.666.600
1;27;0;128.0;1;5;0;0.0;5;0;0.0
1;19;0;118.2;0;5;5;10.8;5;4;12.25
1;23;0;160.0;0;6;5;12.5;6;2;13.5
1;27;0;152.4;0;5;5;15.2;5;5;14.166.666.666.666.600
1;20;1;116.6;1;7;7;13.314.285.714.285.700;8;8;12.575
0;19;1;141.6;0;12;11;13.090.909.090.909.000;11;11;12.083.333.333.333.300
0;19;0;105.5;1;6;0;0.0;6;0;0.0
0;20;0;116.3;0;6;5;12.2;6;6;11.5
0;33;0;110.0;0;8;6;12.833.333.333.333.300;5;4;12.0
0;22;0;119.5;0;15;15;11.2;14;14;12.428.571.428.571.400
0;18;0;125.0;0;5;3;12.333.333.333.333.300;5;4;12.0
0;27;0;160.0;0;8;7;1.594.285.714.285.710;8;7;1.594.285.714.285.710
0;27;0;150.0;0;5;0;0.0;5;0;0.0
0;19;0;115.0;0;6;4;10.25;6;6;10.714.285.714.285.700
0;20;1;128.4;0;6;5;13.2;6;5;12.833.333.333.333.300
0;23;1;112.8;0;6;6;14.166.666.666.666.600;6;6;12.5
0;22;1;131.0;0;23;20;14.575;23;20;14.575
0;18;1;121.6;0;6;1;10.0;6;0;0.0
0;18;1;110.0;0;6;6;12.285.714.285.714.200;6;6;11.428.571.428.571.400
0;31;1;148.5;0;6;6;14.0;6;6;12.333.333.333.333.300
0;19;0;118.3;0;6;4;11.25;6;0;0.0
0;19;0;135.9;0;6;5;11.6;6;6;11.666.666.666.666.600
0;24;0;115.8;0;6;1;12.0;6;0;0.0
0;19;0;121.2;0;7;7;13.47;8;8;1.332.625
0;19;0;136.2;0;5;5;12.4;5;5;12.8
0;26;0;100.2;0;6;3;11.75;6;4;11.5
1;27;0;152.7;1;0;0;0.0;0;0;0.0
0;19;0;123.1;0;6;6;12.0;6;6;12.428.571.428.571.400
0;29;0;130.0;0;5;5;15.333.333.333.333.300;5;5;15.4
0;18;1;125.0;0;8;8;12.32;8;8;12.32
0;19;0;113.1;0;7;7;1.379.857.142.857.140;8;8;1.475.625
0;18;0;121.1;0;6;6;13.166.666.666.666.600;6;6;12.5
0;18;1;162.3;0;5;5;16.333.333.333.333.300;5;5;15.4
0;19;0;132.0;0;0;0;0.0;0;0;0.0
0;19;0;130.7;0;7;7;14.757.142.857.142.800;8;8;15.366.666.666.666.600
0;19;0;122.3;0;6;6;11.666.666.666.666.600;6;6;12.333.333.333.333.300
0;19;0;144.1;0;6;5;12.6;6;5;12.375
0;19;0;118.2;0;6;6;11.666.666.666.666.600;6;6;11.5
0;19;1;133.5;0;6;6;15.0;6;6;13.333.333.333.333.300
0;18;0;126.8;1;7;0;0.0;8;0;0.0
0;20;0;121.0;0;6;6;13.571.428.571.428.500;6;6;13.333.333.333.333.300
0;20;0;117.7;0;6;5;10.8;6;4;11.5
0;21;0;115.0;0;5;3;11.333.333.333.333.300;5;3;13.333.333.333.333.300
0;31;0;129.2;0;10;5;11.4;10;6;12.833.333.333.333.300
0;20;1;125.8;0;7;7;10.642.857.142.857.100;8;8;11.55
0;19;1;118.4;0;5;3;10.5;5;4;11.75
0;18;0;142.0;0;7;6;14.65;7;6;14.65
0;19;1;126.7;0;7;7;13.714.285.714.285.700;8;8;14.863.636.363.636.300
0;30;0;109.3;0;16;15;12.266.666.666.666.600;13;13;12.071.428.571.428.500
0;21;0;116.9;0;6;6;10.375;6;3;11.666.666.666.666.600
0;19;0;121.7;0;5;5;11.0;5;5;15.4
0;22;0;117.1;1;5;5;13.8;5;5;13.0
0;18;1;114.4;0;6;6;12.666.666.666.666.600;6;6;12.833.333.333.333.300
0;18;0;133.0;0;6;6;11.75;6;5;12.0
0;19;1;118.8;0;8;7;12.785.714.285.714.200;8;7;12.785.714.285.714.200
0;18;0;151.0;0;6;6;14.444.444.444.444.400;6;6;13.333.333.333.333.300
0;21;0;119.6;0;7;6;13.25;8;8;138.375
0;18;0;135.4;0;7;7;1.250.625;8;5;13.2
0;20;0;149.9;0;0;0;0.0;0;0;0.0
0;18;0;120.1;0;5;4;12.75;5;4;11.75
0;25;0;173.3;0;6;6;16.857.142.857.142.800;6;6;16.5
0;19;0;126.2;0;6;6;13.166.666.666.666.600;6;6;15.0
0;19;1;126.9;0;6;5;12.2;6;4;11.5
0;26;0;157.4;0;6;6;16.5;6;6;14.285.714.285.714.200
0;21;0;120.2;0;5;4;11.75;5;5;11.6
0;19;0;124.8;0;5;1;11.0;5;0;0.0
0;19;1;130.3;0;8;7;15.114.285.714.285.700;8;7;15.114.285.714.285.700
0;18;1;152.4;0;6;6;15.5;6;6;14.285.714.285.714.200
0;32;1;113.5;0;10;7;11.142.857.142.857.100;10;8;12.0
0;18;1;125.7;0;6;6;11.333.333.333.333.300;6;6;11.333.333.333.333.300
0;20;0;102.4;0;7;5;12.04;7;6;1.177.142.857.142.850
0;20;0;125.7;0;5;5;11.166.666.666.666.600;5;4;10.75
0;39;1;120.0;1;5;5;10.6;5;4;10.75
0;20;0;109.3;0;5;4;12.5;5;2;13.0
0;18;0;162.2;1;0;0;0.0;0;0;0.0
0;18;1;155.7;1;6;6;15.666.666.666.666.600;6;6;13.833.333.333.333.300
0;21;0;147.7;0;12;12;15.333.333.333.333.300;11;11;15.0
0;18;0;115.6;0;7;6;12.183.333.333.333.300;7;6;11.783.333.333.333.300
0;18;0;117.8;0;5;2;10.0;5;3;11.333.333.333.333.300
0;21;0;125.0;0;14;9;12.0;12;8;11.25
0;22;0;129.8;0;5;3;10.333.333.333.333.300;5;2;10.0
1;21;0;123.1;0;6;6;11.166.666.666.666.600;6;3;14.666.666.666.666.600
1;20;1;122.8;0;6;3;11.0;6;2;11.333.333.333.333.300
1;21;1;117.3;0;0;0;0.0;0;0;0.0
0;20;1;126.5;0;6;6;12.857.142.857.142.800;6;5;11.8
0;19;0;123.0;0;8;7;14.328.571.428.571.400;8;7;14.328.571.428.571.400
0;20;1;127.7;0;6;6;15.0;6;6;16.333.333.333.333.300
0;19;0;117.5;0;5;5;13.6;5;5;12.4
0;18;1;128.4;0;5;5;12.857.142.857.142.800;5;4;13.25
0;18;0;124.1;0;6;2;14.5;6;1;10.0
0;24;0;140.9;0;5;3;10.666.666.666.666.600;5;3;10.5
0;21;1;126.2;1;6;6;13.428.571.428.571.400;6;6;11.333.333.333.333.300
1;18;1;120.5;0;7;7;11.716.666.666.666.600;8;4;10.868
1;20;1;121.1;0;5;4;12.0;5;5;12.8
0;20;0;123.7;1;6;5;13.2;6;4;10.75
0;18;0;116.9;1;6;5;12.2;6;4;12.25
0;25;1;100.0;0;7;5;12.58;7;6;12.157.142.857.142.800
0;19;1;120.2;0;6;5;11.333.333.333.333.300;6;6;10.833.333.333.333.300
1;35;0;153.8;1;7;0;0.0;7;0;0.0
0;19;1;120.1;0;7;6;12.428.571.428.571.400;8;8;14.0
1;18;1;128.1;0;6;6;13.0;6;6;13.0
1;19;0;126.8;0;8;7;14.535.714.285.714.200;8;7;14.535.714.285.714.200
1;19;1;125.7;0;7;5;11.2;7;5;11.2
1;18;0;146.2;0;6;6;16.0;6;6;13.666.666.666.666.600
1;24;0;140.0;1;6;5;13.142.857.142.857.100;6;3;12.666.666.666.666.600
1;25;0;134.5;0;14;11;116.875;10;8;11.142.857.142.857.100
1;28;0;137.0;0;5;4;10.5;5;4;11.0
1;19;1;107.5;0;6;6;13.833.333.333.333.300;6;5;13.666.666.666.666.600
1;19;0;112.2;0;5;0;0.0;5;0;0.0
1;30;1;128.2;0;5;0;0.0;5;0;0.0
1;19;0;126.8;0;7;0;0.0;7;0;0.0
1;21;0;132.1;0;5;1;10.0;5;0;0.0
1;19;0;110.0;0;0;0;0.0;0;0;0.0
1;29;0;100.0;0;6;0;0.0;6;0;0.0
1;18;0;114.3;0;6;4;12.6;6;4;13.0
1;21;0;116.4;0;5;3;11.25;5;3;11.0
1;20;0;116.9;0;7;7;12.375;7;4;11.25
1;24;0;128.2;1;10;7;10.714.285.714.285.700;10;9;12.555.555.555.555.500
1;18;0;127.0;0;6;0;0.0;6;0;0.0
1;23;0;140.0;0;6;5;12.0;6;5;12.142.857.142.857.100
1;19;0;120.0;0;5;5;12.6;5;3;12.666.666.666.666.600
1;35;0;110.0;0;6;0;0.0;6;0;0.0
1;20;0;127.0;0;8;7;1.284.142.857.142.850;8;7;1.284.142.857.142.850
1;33;0;159.5;0;6;0;0.0;5;0;0.0
1;18;0;135.2;0;6;6;14.166.666.666.666.600;6;6;12.833.333.333.333.300
1;20;0;122.8;0;6;6;12.166.666.666.666.600;6;3;12.0
1;19;0;118.0;0;6;4;10.8;6;3;11.0
1;18;0;123.6;0;6;6;13.0;6;0;0.0
1;28;0;111.0;0;5;0;0.0;5;0;0.0
1;18;0;144.6;0;5;5;13.0;5;5;13.333.333.333.333.300
1;25;0;111.8;1;6;6;11.571.428.571.428.500;6;6;11.571.428.571.428.500
1;19;0;122.1;1;6;4;11.5;6;5;11.0
1;18;0;119.9;0;6;5;11.0;6;4;10.75
1;29;0;130.0;0;6;6;1.711.111.111.111.110;6;6;15.571.428.571.428.500
1;18;0;118.4;0;0;0;0.0;0;0;0.0
1;20;1;112.6;0;6;6;12.571.428.571.428.500;6;6;12.166.666.666.666.600
1;20;0;150.0;0;6;0;0.0;6;0;0.0
1;18;0;165.8;0;6;6;14.5;6;6;15.166.666.666.666.600
1;21;1;101.7;0;6;6;13.5;6;6;12.333.333.333.333.300
1;18;0;124.3;0;6;5;11.2;6;2;10.0
1;20;0;122.1;0;5;3;10.666.666.666.666.600;5;4;12.25
0;23;0;134.7;0;13;9;11.0;11;7;11.571.428.571.428.500
0;26;0;154.5;0;1;0;0.0;5;0;0.0
0;19;0;128.8;1;5;1;10.0;5;0;0.0
0;24;1;106.0;1;7;5;12.36;8;5;12.0
0;20;1;146.2;0;6;6;15.25;6;6;14.714.285.714.285.700
0;26;0;116.9;1;5;0;0.0;5;0;0.0
0;31;0;118.2;0;5;1;13.0;5;4;12.25
0;27;0;105.7;0;8;8;1.381.375;8;8;1.381.375
0;24;0;126.9;1;6;6;13.285.714.285.714.200;6;6;12.875
0;23;0;150.0;0;6;4;11.5;6;4;12.2
0;20;1;108.4;0;7;7;119.625;8;8;13.044.444.444.444.400
0;20;0;114.2;0;7;6;13.683.333.333.333.300;8;6;13.116.666.666.666.600
0;24;0;140.0;0;8;7;14.985.714.285.714.200;8;7;14.985.714.285.714.200
0;39;0;142.5;0;5;4;11.25;5;4;11.5
0;18;0;126.5;0;6;4;12.5;6;5;12.6
0;20;0;111.3;0;6;0;0.0;6;0;0.0
0;18;0;125.1;0;7;7;13.78;8;8;13.661
0;19;0;126.3;0;7;7;13.805;8;8;142.725
0;18;0;142.2;0;5;5;13.8;5;5;12.6
0;22;0;110.2;0;5;3;12.666.666.666.666.600;5;4;12.0
0;18;0;127.0;0;7;7;14.424.285.714.285.700;8;8;139.375
0;18;1;128.6;0;6;6;13.166.666.666.666.600;6;6;12.5
0;30;0;130.4;0;5;3;10.666.666.666.666.600;5;5;10.4
0;34;0;134.4;0;16;14;12.071.428.571.428.500;13;11;12.272.727.272.727.200
0;38;0;100.0;0;6;3;10.25;6;1;12.0
0;19;1;133.0;0;8;8;14.11;8;8;14.11
0;19;0;126.7;0;6;5;12.4;6;3;10.666.666.666.666.600
0;21;0;129.0;0;6;6;12.0;6;6;12.0
0;18;1;133.7;0;6;6;14.833.333.333.333.300;6;6;13.5
0;20;1;122.2;0;6;6;15.428.571.428.571.400;6;6;13.5
0;18;1;128.9;0;5;5;11.6;5;5;11.4
0;18;0;154.4;0;6;6;14.166.666.666.666.600;6;6;14.0
0;36;1;130.0;0;7;1;9.8;7;0;0.0
0;18;1;113.0;0;5;4;10.714.285.714.285.700;5;4;11.0
0;21;1;123.3;0;5;0;0.0;5;0;0.0
0;21;1;130.0;1;6;3;12.333.333.333.333.300;6;1;13.0
0;18;0;101.3;0;6;6;13.0;6;6;12.25
0;18;0;113.7;0;5;4;11.4;5;4;11.25
0;19;0;138.8;0;7;6;12.766.666.666.666.600;7;6;12.766.666.666.666.600
0;29;0;140.0;1;6;5;12.6;6;6;12.666.666.666.666.600
0;20;1;130.0;0;7;7;13.0;5;5;13.4
0;18;0;132.5;0;7;6;14.316.666.666.666.600;7;6;14.316.666.666.666.600
0;19;0;117.4;0;5;4;12.75;5;5;12.0
0;19;1;109.8;0;5;5;13.4;5;5;12.6
0;37;0;116.5;1;6;0;0.0;5;0;0.0
0;18;1;165.2;0;5;4;15.75;5;5;13.8
0;21;0;113.0;0;6;5;12.4;6;1;11.0
0;19;1;123.3;0;6;6;11.5;6;6;12.333.333.333.333.300
0;19;0;116.7;0;5;5;13.4;5;5;14.0
0;35;1;110.0;0;5;3;11.666.666.666.666.600;5;5;11.8
0;30;0;118.9;0;7;0;0.0;8;0;0.0
0;27;0;103.6;0;8;7;13.285.714.285.714.200;7;5;11.6
0;45;1;122.7;0;6;4;11.5;6;2;10.5
0;50;1;113.5;0;9;8;13.25;7;7;11.714.285.714.285.700
0;41;0;128.2;0;14;11;12.25;10;10;13.4
0;26;0;120.0;0;7;6;12.0;7;6;12.0
0;44;0;130.0;0;6;1;12.0;6;0;0.0
0;23;0;110.0;0;15;13;10.923.076.923.076.900;10;7;11.142.857.142.857.100
0;34;0;117.7;0;12;10;12.0;10;5;11.0
0;21;1;99.6;0;5;5;13.714.285.714.285.700;5;5;14.4
0;22;0;117.9;0;5;1;10.0;5;2;13.0
0;32;1;113.0;0;6;2;10.333.333.333.333.300;6;6;11.5
0;20;0;124.4;0;7;7;12.728.571.428.571.400;8;8;14.625
0;59;0;140.0;0;15;12;13.333.333.333.333.300;8;8;12.875
0;30;0;132.4;0;11;9;1.222.222.222.222.220;9;9;11.6
0;18;1;124.0;0;6;6;11.333.333.333.333.300;6;6;10.833.333.333.333.300
1;25;0;132.0;1;5;4;11.0;5;4;12.0
1;36;0;149.8;0;5;5;13.8;5;5;13.8
1;36;0;160.0;0;7;1;12.0;7;0;0.0
1;19;0;114.6;0;6;4;11.25;6;3;10.166.666.666.666.600
1;25;0;120.0;0;5;4;10.5;5;5;12.0
1;35;0;100.0;0;18;18;11.555.555.555.555.500;13;13;11.615.384.615.384.600
1;20;0;128.5;0;6;1;14.0;6;0;0.0
1;35;0;113.0;0;6;1;13.0;6;0;0.0
0;27;0;150.8;0;6;2;11.0;6;1;11.0
0;18;0;130.8;0;8;7;1.368.142.857.142.850;8;7;1.368.142.857.142.850
0;23;0;114.5;0;7;6;12.1;7;6;12.616.666.666.666.600
0;19;0;114.8;0;6;4;10.5;6;4;11.25
0;18;1;126.2;0;7;5;11.94;7;6;12.8
0;26;0;129.0;1;7;4;12.86;7;5;11.566.666.666.666.600
0;19;0;110.5;0;6;6;14.25;6;6;14.0
0;19;0;132.5;0;7;0;0.0;8;0;0.0
0;18;0;130.7;0;0;0;0.0;0;0;0.0
0;19;1;130.4;0;7;7;13.894.285.714.285.700;8;8;143.625
0;19;1;124.3;0;7;7;1.346.875;8;8;1.331.375
0;19;1;132.6;0;5;5;13.6;5;5;14.6
0;21;1;146.7;0;6;6;14.666.666.666.666.600;6;6;13.833.333.333.333.300
0;18;0;130.1;0;6;6;13.666.666.666.666.600;6;6;13.0
0;33;0;120.0;0;12;10;13.3;11;11;13.727.272.727.272.700
0;32;0;121.3;0;11;11;13.454.545.454.545.400;11;7;12.428.571.428.571.400
0;17;1;133.3;0;8;8;1.341.625;8;8;1.341.625
0;31;0;110.5;0;7;0;0.0;8;0;0.0
0;32;1;102.5;0;6;6;11.333.333.333.333.300;6;5;13.0
0;18;0;150.9;0;6;6;16.0;6;6;14.625
0;31;0;106.6;1;6;5;11.0;6;6;10.166.666.666.666.600
1;20;0;118.3;0;6;6;12.857.142.857.142.800;6;5;12.4
1;40;0;117.9;0;5;0;0.0;5;0;0.0
1;32;0;135.0;0;5;5;14.8;5;5;14.2
1;40;0;120.0;0;5;1;13.0;5;2;14.0
1;18;1;167.1;0;0;0;0.0;0;0;0.0
1;28;0;115.8;1;9;4;10.0;6;1;10.0
1;19;0;141.2;1;6;5;11.2;6;6;12.0
1;19;1;118.4;0;6;6;11.833.333.333.333.300;6;3;13.0
1;21;0;134.3;0;5;0;0.0;5;0;0.0
1;22;0;128.7;0;5;2;10.5;5;0;0.0
1;18;0;116.1;0;5;5;12.5;5;5;13.571.428.571.428.500
1;27;0;100.0;0;0;0;0.0;0;0;0.0
1;19;0;118.8;0;10;5;11.0;7;2;10.0
1;30;0;130.0;0;10;9;12.333.333.333.333.300;10;8;12.0
1;28;0;150.0;0;6;0;0.0;6;1;10.0
1;34;1;116.0;1;5;1;17.0;5;2;11.0
1;21;0;99.0;0;5;5;11.0;5;3;11.428.571.428.571.400
1;20;1;132.0;0;6;5;11.142.857.142.857.100;6;6;11.571.428.571.428.500
1;31;0;125.0;0;8;5;12.166.666.666.666.600;7;5;12.0
1;21;0;116.2;1;5;2;11.0;5;2;11.5
1;27;0;100.0;0;5;1;11.0;5;3;10.666.666.666.666.600
1;19;0;132.9;0;6;4;13.25;6;5;11.8
1;21;0;132.5;0;6;0;0.0;6;1;10.0
1;21;0;140.0;0;6;2;12.5;6;0;0.0
1;35;0;100.1;0;10;7;12.142.857.142.857.100;9;4;12.25
1;28;0;128.2;0;5;3;12.0;5;3;11.333.333.333.333.300
1;24;0;133.4;0;6;4;11.25;6;4;10.428.571.428.571.400
1;19;0;136.1;0;4;0;0.0;6;0;0.0
1;20;0;123.0;1;6;5;12.4;6;4;13.0
1;20;1;130.3;0;6;6;12.833.333.333.333.300;6;6;12.666.666.666.666.600
1;19;0;153.7;0;5;1;13.0;5;2;10.0
1;37;0;142.5;1;7;5;12.0;7;3;11.666.666.666.666.600
1;19;0;114.6;0;6;2;12.0;6;1;13.0
1;36;0;108.5;0;7;0;0.0;7;0;0.0
1;29;0;140.0;0;5;0;0.0;5;0;0.0
1;30;0;120.0;0;6;6;11.375;6;5;11.6
1;32;0;120.0;1;6;2;12.0;6;0;0.0
1;26;0;127.6;0;6;6;11.833.333.333.333.300;6;6;11.666.666.666.666.600
1;37;0;140.0;0;6;1;12.0;6;2;10.5
1;27;0;111.3;0;6;3;12.0;6;2;11.0
1;18;1;131.0;0;6;6;12.714.285.714.285.700;6;5;11.833.333.333.333.300
1;18;1;139.5;0;8;8;15.3;8;8;15.3
1;32;0;110.0;0;8;2;11.5;7;0;0.0
1;20;0;130.0;0;5;1;13.0;5;3;12.6
1;22;0;115.0;0;6;0;0.0;6;0;0.0
0;32;0;154.3;0;7;0;0.0;8;0;0.0
0;21;0;135.0;0;5;4;11.0;5;5;12.0
0;19;0;115.2;0;6;3;12.666.666.666.666.600;6;5;13.125
0;18;1;130.6;0;6;6;13.5;6;6;14.0
0;18;1;117.4;0;5;5;12.0;5;5;11.4
0;38;0;150.0;1;5;0;0.0;5;0;0.0
0;21;0;131.3;0;6;5;11.8;6;4;10.5
0;21;0;120.4;0;6;2;11.5;6;1;13.0
1;26;0;113.6;0;5;2;11.5;5;3;12.0
0;19;0;125.0;0;7;6;14.616.666.666.666.600;7;6;14.616.666.666.666.600
0;19;1;132.3;0;8;7;14.06;8;7;14.06
0;18;0;142.7;1;6;4;11.0;6;3;11.333.333.333.333.300
0;25;0;130.0;0;5;0;0.0;5;0;0.0
0;19;0;120.8;0;14;7;12.192.307.692.307.600;14;7;12.192.307.692.307.600
0;18;1;130.3;0;6;6;12.833.333.333.333.300;6;6;12.333.333.333.333.300
0;19;1;119.9;0;5;5;12.875;5;5;11.833.333.333.333.300
0;22;1;110.5;0;6;6;12.166.666.666.666.600;6;6;12.5
0;21;0;160.0;0;6;6;13.428.571.428.571.400;6;6;12.857.142.857.142.800
0;21;1;118.6;0;6;6;14.5;6;6;14.666.666.666.666.600
0;20;1;112.3;0;7;7;12.142.857.142.857.100;7;7;12.857.142.857.142.800
0;19;0;124.4;0;5;4;11.25;5;3;11.714.285.714.285.700
0;18;0;125.0;0;7;6;13.9;7;6;13.9
0;26;0;105.8;0;7;3;13.766.666.666.666.600;7;3;12.066.666.666.666.600
0;31;0;121.5;0;15;13;11.615.384.615.384.600;14;11;12.545.454.545.454.500
0;18;1;134.2;0;6;6;15.166.666.666.666.600;6;6;14.142.857.142.857.100
0;35;0;130.0;0;5;0;0.0;5;0;0.0
0;19;0;122.8;0;5;2;14.5;5;3;11.333.333.333.333.300
0;19;1;108.7;0;6;5;10.8;6;6;10.714.285.714.285.700
0;18;0;136.7;0;7;7;13.995.714.285.714.200;8;8;14.955.555.555.555.500
0;20;0;119.1;0;6;6;13.285.714.285.714.200;6;6;11.8
0;19;1;151.3;0;12;12;12.75;11;11;13.25
0;21;1;108.3;0;6;2;10.5;6;5;12.4
0;18;1;127.4;1;7;7;12.714.285.714.285.700;7;7;12.285.714.285.714.200
0;23;0;124.0;0;8;8;1.288.625;8;8;1.288.625
0;21;1;155.0;0;6;5;13.0;6;6;12.666.666.666.666.600
0;19;1;114.0;0;5;5;12.2;5;5;11.2
0;19;0;118.9;0;5;4;12.8;5;3;14.5
0;20;0;160.0;0;11;11;13.785.714.285.714.200;9;9;1.388.888.888.888.880
0;18;0;126.1;0;5;0;0.0;5;4;13.25
0;18;1;136.5;0;8;8;1.450.125;8;8;1.450.125
0;19;0;122.3;0;7;6;14.35;7;6;14.35
0;21;1;128.0;0;6;6;11.5;6;6;12.333.333.333.333.300
0;18;1;156.5;0;6;6;11.714.285.714.285.700;6;6;14.666.666.666.666.600
0;20;0;125.7;0;6;6;13.571.428.571.428.500;6;5;13.6
0;18;0;143.0;0;6;5;13.0;6;6;13.666.666.666.666.600
0;18;1;131.9;0;7;7;1.356.875;8;8;1.402.625
0;32;0;113.7;0;5;5;10.2;5;4;11.25
0;18;0;155.1;0;0;0;0.0;0;0;0.0
0;19;0;121.1;0;6;5;12.2;6;5;11.8
0;18;1;130.3;0;8;8;1.415.375;8;8;1.415.375
0;18;0;123.3;0;8;0;0.0;8;0;0.0
0;20;0;117.4;0;6;6;13.833.333.333.333.300;6;6;12.833.333.333.333.300
0;19;0;140.3;0;6;6;13.428.571.428.571.400;6;4;14.0
0;19;0;120.0;0;8;7;12.454.285.714.285.700;8;7;12.454.285.714.285.700
0;18;0;133.4;0;5;1;11.0;5;0;0.0
0;18;0;126.7;0;7;0;0.0;8;0;0.0
0;18;1;129.3;0;7;6;13.271.666.666.666.600;8;7;1.294.375
0;20;0;125.7;0;7;6;13.548.333.333.333.300;8;6;14.775
0;19;0;144.8;0;6;6;12.166.666.666.666.600;6;6;12.5
0;21;0;98.6;0;6;2;11.0;6;0;0.0
0;19;1;126.9;0;7;7;13.285.714.285.714.200;7;7;14.428.571.428.571.400
0;20;1;146.7;0;6;6;13.333.333.333.333.300;6;6;14.0
0;21;1;117.0;0;8;8;132.575;8;8;132.575
0;23;0;130.0;0;6;0;0.0;6;0;0.0
0;18;1;125.8;0;6;6;12.666.666.666.666.600;6;2;11.5
0;30;0;160.0;0;5;5;14.6;5;5;15.4
0;20;0;134.2;0;5;0;0.0;5;0;0.0
0;29;0;96.0;0;5;3;12.333.333.333.333.300;5;0;0.0
0;24;0;101.8;0;5;5;10.8;5;2;11.0
0;20;0;125.2;0;6;6;11.666.666.666.666.600;6;6;11.333.333.333.333.300
0;27;0;100.0;0;6;4;12.5;6;6;14.333.333.333.333.300
0;23;0;140.0;0;5;0;0.0;5;0;0.0
0;23;1;120.0;0;6;6;15.333.333.333.333.300;6;6;14.166.666.666.666.600
0;18;0;134.3;0;8;7;14.2;8;7;14.2
0;19;1;144.7;0;6;6;14.833.333.333.333.300;6;6;14.666.666.666.666.600
0;19;0;131.9;0;7;7;13.642.857.142.857.100;8;8;143.875
0;18;1;136.7;0;6;6;13.833.333.333.333.300;6;6;14.0
0;19;0;129.8;0;6;6;11.833.333.333.333.300;6;6;13.0
0;18;1;146.5;0;6;6;13.428.571.428.571.400;6;6;13.5
0;29;0;122.5;0;13;8;10.5;12;9;10.333.333.333.333.300
0;24;0;117.8;0;7;6;11.416.666.666.666.600;8;8;119.625
0;19;0;106.0;0;7;2;12.75;7;2;11.0
0;19;0;119.0;0;7;6;11.15;7;7;12.814.285.714.285.700
0;19;0;115.1;0;6;3;11.666.666.666.666.600;6;5;13.625
0;20;0;116.9;0;6;6;11.5;6;5;12.4
0;18;0;141.7;0;6;6;13.833.333.333.333.300;6;6;12.666.666.666.666.600
0;18;0;127.7;0;6;6;11.714.285.714.285.700;6;4;11.333.333.333.333.300
0;19;1;122.1;0;7;7;11.678.571.428.571.400;8;7;130.375
0;19;0;153.5;0;6;6;15.714.285.714.285.700;6;6;14.666.666.666.666.600
0;18;1;141.4;0;0;0;0.0;0;0;0.0
0;19;1;135.8;0;6;6;13.0;6;6;13.0
0;18;1;127.5;0;7;7;14.485.714.285.714.200;8;8;1.458.888.888.888.880
0;24;0;151.6;0;5;5;12.285.714.285.714.200;5;5;12.125
0;28;0;121.4;1;7;4;13.375;7;5;13.5
0;20;0;100.0;0;8;7;11.571.428.571.428.500;8;7;11.571.428.571.428.500
0;19;1;131.5;0;8;7;12.657.142.857.142.800;8;7;12.657.142.857.142.800
0;22;0;109.3;0;5;2;10.0;5;1;10.0
0;19;0;127.9;0;6;6;13.714.285.714.285.700;6;6;13.166.666.666.666.600
0;36;0;140.0;0;14;13;13.071.428.571.428.500;11;11;13.0
0;19;1;160.0;0;6;6;15.333.333.333.333.300;6;6;14.0
0;18;0;119.8;0;6;5;11.571.428.571.428.500;6;6;12.142.857.142.857.100
0;40;0;153.0;0;5;0;0.0;5;0;0.0
0;19;1;125.0;0;7;6;12.9;7;6;12.9
0;38;0;103.7;0;8;5;13.126;8;5;13.126
0;32;0;120.0;0;10;4;11.5;9;3;11.666.666.666.666.600
0;19;0;146.0;0;6;3;10.333.333.333.333.300;6;5;11.8
0;19;0;116.9;0;6;6;13.5;6;6;13.428.571.428.571.400
0;35;0;117.9;0;1;0;0.0;5;0;0.0
0;20;0;128.6;0;5;4;12.0;4;2;11.5
0;29;0;135.0;0;8;7;11.142.857.142.857.100;8;8;11.375
0;29;0;124.6;0;5;5;11.4;5;4;10.25
0;19;1;124.0;0;8;7;12.771.428.571.428.500;8;7;12.771.428.571.428.500
0;18;1;129.5;0;8;7;1.379.857.142.857.140;8;7;1.379.857.142.857.140
0;25;0;111.3;1;6;6;13.333.333.333.333.300;6;6;13.5
0;50;0;95.0;1;6;0;0.0;5;0;0.0
0;24;0;131.8;0;15;14;11.357.142.857.142.800;14;13;12.846.153.846.153.800
0;18;0;119.1;0;5;0;0.0;5;0;0.0
0;20;0;125.4;0;6;6;15.692.307.692.307.600;6;5;14.428.571.428.571.400
0;20;1;140.7;1;18;18;15.052.631.578.947.300;13;13;14.538.461.538.461.500
0;21;0;131.9;0;10;6;11.5;10;5;12.4
1;28;0;124.0;1;8;7;11.0;6;1;10.0
1;19;1;139.2;0;6;6;13.0;6;6;13.166.666.666.666.600
1;18;1;121.8;0;8;8;1.293.875;8;8;1.293.875
1;22;0;132.9;0;0;0;0.0;0;0;0.0
1;25;0;130.0;0;6;0;0.0;6;0;0.0
1;37;0;130.1;0;7;5;13.0;7;5;12.88
1;38;0;124.5;0;7;5;12.18;7;4;118.125
1;36;0;162.3;0;6;3;11.333.333.333.333.300;6;5;11.4
1;18;0;137.8;0;8;7;13.0;8;7;13.0
1;19;0;119.5;0;5;0;0.0;6;0;0.0
1;24;0;110.0;1;5;2;12.5;5;3;12.333.333.333.333.300
1;20;0;105.0;0;6;5;11.0;6;5;12.166.666.666.666.600
1;21;0;142.8;0;0;0;0.0;0;0;0.0
1;32;0;128.2;0;5;0;0.0;5;0;0.0
1;39;0;120.0;0;5;0;0.0;5;1;10.0
1;33;0;130.0;0;5;0;0.0;5;0;0.0
1;20;1;121.7;0;5;5;12.4;5;4;10.75
1;19;0;116.0;0;6;6;15.5;6;6;14.1
1;43;0;133.2;0;5;2;11.5;5;3;10.8
1;49;0;116.7;0;5;4;13.333.333.333.333.300;5;4;11.6
1;18;1;126.4;0;6;6;12.666.666.666.666.600;6;6;13.5
1;27;0;140.0;0;6;0;0.0;6;0;0.0
1;19;1;120.3;0;5;5;12.6;5;5;13.6
1;45;1;118.0;1;6;6;13.5;6;0;0.0
1;19;0;149.5;0;6;6;13.0;6;6;13.0
1;21;1;130.0;0;6;6;11.714.285.714.285.700;6;4;11.75
1;18;1;126.3;0;6;6;12.166.666.666.666.600;6;5;13.0
1;18;0;116.2;0;5;0;0.0;5;0;0.0
1;29;0;126.0;0;6;0;0.0;6;0;0.0
1;19;0;122.3;0;5;5;11.5;5;5;11.6
1;18;1;119.5;0;5;4;11.25;5;4;12.25
1;22;1;131.8;0;7;7;12.285.714.285.714.200;9;8;12.375
1;18;1;130.7;0;7;7;12.718.571.428.571.400;8;8;12.805.555.555.555.500
1;20;0;140.0;0;6;5;12.4;6;2;15.0
1;20;0;129.5;0;0;0;0.0;0;0;0.0
1;29;1;130.0;1;6;1;14.0;6;0;0.0
1;29;0;114.0;0;5;3;11.666.666.666.666.600;5;4;11.25
1;23;0;121.0;0;6;1;13.0;6;4;11.25
1;19;0;116.4;1;0;0;0.0;0;0;0.0
1;18;0;121.7;0;5;0;0.0;5;1;12.0
1;22;0;130.0;0;6;4;11.5;6;2;12.5
1;34;0;120.0;1;10;7;11.714.285.714.285.700;10;6;11.5
1;26;0;125.0;0;5;5;12.6;5;5;13.714.285.714.285.700
1;24;0;134.1;0;17;13;11.642.857.142.857.100;17;12;11.25
1;17;1;149.5;0;6;6;14.875;6;6;13.428.571.428.571.400
1;21;0;113.2;0;5;2;10.0;5;3;10.333.333.333.333.300
1;34;0;146.0;0;5;5;14.2;5;5;14.6
1;19;0;140.0;0;6;6;12.714.285.714.285.700;6;6;13.5
1;49;0;162.4;1;12;5;11.6;7;5;11.2
1;23;0;136.6;0;7;5;11.94;7;6;12.2
1;18;0;111.0;0;5;4;11.6;5;3;14.2
1;20;0;115.7;0;7;5;12.7;8;7;13.475
1;19;0;105.7;0;6;6;13.333.333.333.333.300;6;5;13.8
1;24;0;128.2;0;9;8;13.333.333.333.333.300;10;9;1.311.111.111.111.110
1;18;0;137.0;0;5;5;13.4;5;5;15.0
1;45;0;120.0;1;6;0;0.0;6;0;0.0
1;30;0;120.5;0;5;2;11.0;5;0;0.0
1;28;0;118.1;0;15;13;12.0;13;9;11.333.333.333.333.300
1;40;0;139.0;0;5;0;0.0;5;0;0.0
1;32;0;116.3;0;5;0;0.0;5;0;0.0
1;19;0;120.5;0;6;4;12.5;6;4;10.25
1;20;0;134.9;0;6;6;13.666.666.666.666.600;6;6;12.166.666.666.666.600
1;18;0;123.0;0;5;1;10.0;5;0;0.0
1;20;0;122.9;0;6;6;11.5;6;2;13.0
1;39;0;140.0;0;5;4;12.25;5;4;12.75
1;19;0;122.5;0;6;5;13.6;6;5;13.666.666.666.666.600
1;38;0;121.5;0;5;2;10.5;5;3;11.333.333.333.333.300
1;18;1;132.3;0;7;6;13.266.666.666.666.600;7;6;13.266.666.666.666.600
1;18;1;131.5;0;7;7;125.125;8;8;141.875
1;28;0;128.2;0;5;0;0.0;5;0;0.0
1;31;0;148.0;0;6;0;0.0;6;0;0.0
1;23;0;121.5;0;7;6;13.483.333.333.333.300;7;6;13.483.333.333.333.300
1;21;0;135.4;0;7;6;12.565;8;5;12.16
1;33;0;139.0;1;6;0;0.0;5;0;0.0
1;22;0;113.4;0;5;3;13.0;5;3;11.666.666.666.666.600
1;20;0;150.0;1;5;5;16.5;5;5;17.714.285.714.285.700
1;19;0;122.0;1;6;6;13.166.666.666.666.600;6;5;13.2
1;20;0;150.0;0;6;6;13.8;6;6;13.142.857.142.857.100
1;25;0;119.3;0;6;6;11.166.666.666.666.600;6;4;11.8
1;25;0;140.0;0;6;0;0.0;6;0;0.0
1;19;0;125.0;0;6;6;12.666.666.666.666.600;6;6;12.142.857.142.857.100
1;20;0;140.7;0;5;5;12.6;5;4;14.5
1;33;0;100.0;0;7;5;13.06;7;0;0.0
1;19;0;146.7;0;6;6;13.833.333.333.333.300;6;6;13.625
1;31;0;96.0;0;5;0;0.0;5;0;0.0
1;24;0;160.0;1;6;2;16.0;7;2;16.0
1;23;0;130.0;1;5;0;0.0;5;0;0.0
1;26;1;130.0;0;5;3;10.666.666.666.666.600;5;3;10.666.666.666.666.600
1;38;0;140.0;0;18;18;14.5;18;18;14.5
1;20;1;116.6;0;5;5;14.0;5;5;13.8
1;20;0;120.5;0;5;3;13.333.333.333.333.300;5;5;13.571.428.571.428.500
1;25;0;103.0;0;6;0;0.0;6;0;0.0
1;19;0;111.9;0;6;5;12.0;6;4;11.2
1;18;0;148.7;0;5;5;16.2;5;5;16.0
1;28;0;120.0;0;13;7;10.285.714.285.714.200;11;5;10.6
1;18;0;125.7;0;5;0;0.0;5;0;0.0
1;20;1;120.1;0;6;6;13.571.428.571.428.500;6;6;13.166.666.666.666.600
1;18;0;127.8;0;6;6;14.285.714.285.714.200;6;6;14.857.142.857.142.800
1;19;0;106.4;0;5;5;10.2;5;4;10.5
1;24;0;100.0;1;8;2;10.25;8;2;10.25
1;21;0;123.9;0;6;0;0.0;6;0;0.0
1;20;1;139.5;0;6;6;14.833.333.333.333.300;6;6;14.833.333.333.333.300
1;21;0;150.0;0;6;5;13.625;6;5;12.6
1;24;0;139.8;1;7;7;12.271.428.571.428.500;8;7;13.657.142.857.142.800
1;27;0;154.4;0;5;0;0.0;5;0;0.0
1;19;0;115.5;1;5;4;12.5;5;5;10.5
1;39;0;119.0;0;9;9;1.322.222.222.222.220;7;7;13.142.857.142.857.100
1;25;0;96.1;0;7;2;15.0;7;2;11.5
1;18;0;130.0;0;0;0;0.0;0;0;0.0
1;19;0;128.8;0;12;12;13.166.666.666.666.600;12;12;13.0
1;21;1;126.8;0;6;5;13.833.333.333.333.300;6;4;14.0
1;27;0;130.0;0;5;0;0.0;5;0;0.0
1;19;0;116.7;0;5;0;0.0;5;0;0.0
1;18;0;125.5;0;8;7;13.154.285.714.285.700;8;7;13.154.285.714.285.700
1;27;0;110.0;0;12;9;12.333.333.333.333.300;11;6;13.166.666.666.666.600
1;18;0;133.7;1;6;6;13.0;6;5;11.8
1;19;0;117.6;0;5;2;11.5;5;5;11.4
1;19;0;140.0;0;6;3;13.25;6;1;12.0
1;22;0;150.0;0;6;3;13.333.333.333.333.300;6;3;12.75
0;18;0;133.7;0;6;6;13.5;6;6;12.166.666.666.666.600
0;18;1;137.0;0;6;6;12.666.666.666.666.600;6;5;12.8
0;23;0;128.2;0;11;11;15.090.909.090.909.000;6;6;14.5
1;20;0;129.2;1;0;0;0.0;0;0;0.0
1;18;0;129.5;0;6;6;13.166.666.666.666.600;6;6;12.666.666.666.666.600
1;18;0;129.6;0;6;6;12.833.333.333.333.300;6;6;12.833.333.333.333.300
1;18;0;121.7;0;5;5;11.8;5;3;12.0
1;20;0;141.8;0;6;6;11.833.333.333.333.300;6;6;12.166.666.666.666.600
1;20;0;129.8;0;6;5;12.8;6;3;12.75
1;21;0;106.0;0;7;5;11.8;9;5;11.0
1;22;0;121.6;0;0;0;0.0;0;0;0.0
1;20;0;121.5;0;5;5;15.8;5;5;14.571.428.571.428.500
1;19;0;117.0;1;0;0;0.0;0;0;0.0
1;19;0;130.0;0;5;2;12.5;5;3;11.6
1;20;0;117.7;0;6;6;14.666.666.666.666.600;6;6;13.857.142.857.142.800
1;19;0;140.0;0;6;4;12.5;6;2;12.0
1;19;0;133.1;0;5;3;12.0;6;2;10.5
1;24;0;100.0;1;8;7;13.142.857.142.857.100;6;6;11.833.333.333.333.300
1;18;0;119.1;1;6;3;12.666.666.666.666.600;6;4;11.142.857.142.857.100
1;18;1;129.8;0;5;5;15.0;5;5;14.2
0;18;0;131.3;1;6;5;13.6;6;5;11.8
0;18;0;136.7;0;6;6;12.5;6;6;13.833.333.333.333.300
0;21;1;126.2;0;6;6;13.333.333.333.333.300;6;6;13.5
0;18;0;109.6;0;6;4;12.25;6;5;11.0
0;18;1;131.9;0;7;7;15.101.428.571.428.500;8;8;1.609.375
0;18;1;140.7;0;6;6;13.166.666.666.666.600;6;6;16.0
0;23;0;120.7;0;6;4;11.0;6;0;0.0
0;21;0;113.8;0;5;3;11.666.666.666.666.600;5;4;11.75
0;20;0;121.0;0;6;1;10.0;6;1;13.0
0;26;0;112.4;0;7;7;11.571.428.571.428.500;6;2;11.0
0;18;1;131.0;0;6;6;12.166.666.666.666.600;6;5;11.2
0;18;0;142.7;0;0;0;0.0;0;0;0.0
0;19;1;125.5;0;6;6;13.833.333.333.333.300;6;6;14.285.714.285.714.200
0;20;1;107.8;0;7;6;12.357.142.857.142.800;8;7;13.0
0;19;0;110.4;1;6;6;12.166.666.666.666.600;6;2;10.333.333.333.333.300
0;21;0;136.1;1;6;3;12.0;6;2;12.5
0;33;0;138.3;0;10;9;12.416.666.666.666.600;9;7;13.0
0;18;0;142.3;0;5;4;12.75;5;4;12.75
0;21;0;145.0;0;21;18;14.933.333.333.333.300;21;18;14.933.333.333.333.300
0;19;0;125.7;0;6;6;13.0;6;6;11.666.666.666.666.600
0;33;0;108.0;1;7;7;12.857.142.857.142.800;7;6;12.666.666.666.666.600
0;18;0;128.7;0;7;7;14.455.000.000.000.000;8;8;13.91
0;18;1;128.0;0;6;6;14.0;6;6;13.285.714.285.714.200
0;20;1;146.5;0;6;6;13.5;6;6;12.666.666.666.666.600
0;20;0;106.1;0;6;0;0.0;6;0;0.0
0;20;1;118.0;0;6;6;11.666.666.666.666.600;6;5;14.0
0;19;1;117.0;0;5;4;12.0;5;5;13.333.333.333.333.300
0;19;1;115.4;0;6;6;11.714.285.714.285.700;6;6;11.833.333.333.333.300
0;21;0;117.0;0;6;6;12.666.666.666.666.600;6;6;12.428.571.428.571.400
0;26;0;144.9;0;6;3;11.75;6;4;12.8
0;21;0;127.0;0;6;0;0.0;6;0;0.0
0;18;0;118.0;0;8;7;12.328.571.428.571.400;8;7;12.328.571.428.571.400
0;27;0;118.0;0;7;6;11.666.666.666.666.600;7;1;10.0
0;20;1;126.4;0;12;12;13.25;12;11;12.727.272.727.272.700
0;21;0;110.0;0;6;5;11.833.333.333.333.300;6;4;13.25
0;18;1;124.4;0;7;7;13.3;8;8;15.125
0;20;0;140.0;0;6;6;12.555.555.555.555.500;6;5;11.8
0;18;0;129.4;0;6;6;12.833.333.333.333.300;6;6;12.166.666.666.666.600
0;20;1;141.7;0;6;6;12.833.333.333.333.300;6;6;12.833.333.333.333.300
0;19;1;132.1;0;5;3;12.666.666.666.666.600;5;3;13.0
0;20;0;116.8;0;7;6;13.271.428.571.428.500;8;7;14.471.428.571.428.500
0;20;1;135.0;0;5;5;12.4;5;5;12.833.333.333.333.300
0;20;0;150.0;0;5;2;14.5;5;4;11.25
0;19;0;116.0;1;6;0;0.0;5;0;0.0
0;18;0;155.0;0;6;6;14.285.714.285.714.200;6;6;13.25
0;18;0;127.0;0;5;3;12.333.333.333.333.300;5;5;12.6
0;19;1;130.8;0;7;6;12.583.333.333.333.300;8;7;12.671.428.571.428.500
0;19;0;121.8;0;7;6;13.731.666.666.666.600;8;7;13.771.428.571.428.500
1;43;0;140.0;0;6;6;12.875;6;5;12.142.857.142.857.100
1;47;0;148.5;0;10;8;14.625;7;5;13.4
1;23;0;109.8;0;3;0;0.0;2;0;0.0
0;19;1;119.7;1;6;6;12.666.666.666.666.600;6;6;12.666.666.666.666.600
0;20;0;122.0;0;8;6;12.491.666.666.666.600;8;6;12.491.666.666.666.600
0;19;1;147.5;0;12;12;13.666.666.666.666.600;11;11;14.166.666.666.666.600
0;19;0;150.8;0;6;6;16.0;6;6;14.5
0;19;0;150.0;0;6;6;14.142.857.142.857.100;6;6;13.0
0;39;1;131.5;1;6;6;11.833.333.333.333.300;6;4;13.75
0;20;1;127.2;0;6;6;12.666.666.666.666.600;6;6;13.0
0;21;0;111.0;0;6;6;12.5;6;6;12.666.666.666.666.600
0;22;0;119.9;1;11;9;1.088.888.888.888.880;10;4;11.25
0;19;0;133.7;0;6;1;13.0;5;0;0.0
0;22;0;140.0;0;6;6;15.166.666.666.666.600;6;6;16.0
0;19;1;113.9;0;6;6;12.666.666.666.666.600;6;6;12.0
1;18;0;120.7;1;0;0;0.0;0;0;0.0
1;26;0;119.8;0;5;5;12.0;5;5;10.2
1;36;0;121.8;0;5;0;0.0;5;0;0.0
1;20;1;117.7;1;0;0;0.0;0;0;0.0
1;30;0;110.0;0;5;2;11.0;5;4;11.5
1;24;0;134.4;0;6;6;15.714.285.714.285.700;6;6;15.9
1;26;0;125.3;0;15;11;10.818.181.818.181.800;14;11;11.636.363.636.363.600
1;19;0;119.1;0;5;1;12.0;5;0;0.0
1;34;0;146.0;0;6;5;12.6;6;4;11.25
1;33;0;130.0;0;5;1;13.0;5;3;14.0
1;19;0;122.0;0;5;5;11.6;5;4;10.75
1;26;0;118.1;1;5;1;10.0;5;1;11.0
1;29;0;105.2;0;6;1;14.0;6;0;0.0
1;19;1;123.3;0;5;5;12.6;5;2;12.5
1;18;0;124.8;0;0;0;0.0;0;0;0.0
1;29;0;149.4;0;5;2;11.333.333.333.333.300;5;1;12.0
1;21;0;108.5;0;6;6;12.666.666.666.666.600;6;5;11.4
1;19;0;125.0;0;6;5;10.8;6;2;10.5
1;20;0;101.0;0;7;5;1.287.857.142.857.140;8;7;1.185.625
1;18;0;112.9;0;5;0;0.0;5;0;0.0
1;18;0;120.2;0;6;6;12.833.333.333.333.300;6;5;11.4
1;21;1;111.6;1;5;5;12.6;5;3;12.833.333.333.333.300
1;20;0;134.1;0;5;0;0.0;5;0;0.0
1;30;1;101.6;0;5;0;0.0;5;0;0.0
1;19;0;111.9;0;6;6;14.166.666.666.666.600;6;6;14.0
1;30;0;118.4;0;5;5;13.4;5;4;13.25
1;22;1;127.1;0;5;5;11.2;5;4;11.25
1;22;0;120.5;0;0;0;0.0;0;0;0.0
1;19;0;136.1;1;6;6;12.666.666.666.666.600;6;5;11.8
1;21;0;124.0;0;5;3;12.333.333.333.333.300;5;4;11.25
1;21;0;141.6;0;5;4;12.25;5;5;12.0
1;21;1;160.0;1;0;0;0.0;0;0;0.0
1;27;0;110.0;0;5;3;10.75;5;3;10.333.333.333.333.300
1;32;0;100.0;0;7;0;0.0;7;0;0.0
1;40;0;120.0;1;6;0;0.0;6;0;0.0
1;20;0;124.8;0;5;2;14.333.333.333.333.300;5;2;12.5
1;20;0;140.0;0;5;2;11.5;5;2;11.5
1;18;0;124.3;0;0;0;0.0;0;0;0.0
1;21;0;118.9;0;5;2;10.5;5;0;0.0
1;18;0;130.2;0;6;6;13.5;6;0;0.0
1;19;0;120.0;0;6;1;11.0;6;0;0.0
1;30;0;140.0;0;6;1;10.0;6;0;0.0
1;29;0;130.0;0;6;0;0.0;6;0;0.0
1;18;0;130.4;1;5;1;12.0;5;3;10.666.666.666.666.600
1;18;1;116.1;0;5;4;12.25;5;5;12.2
1;22;0;130.0;0;10;5;11.4;7;6;11.666.666.666.666.600
1;27;0;124.3;0;5;0;0.0;5;0;0.0
1;20;0;125.0;0;6;4;14.25;6;5;14.0
1;42;0;110.0;0;12;11;14.454.545.454.545.400;11;10;14.2
1;21;0;115.0;1;12;12;14.538.461.538.461.500;12;12;14.461.538.461.538.400
1;23;0;129.6;0;7;6;12.733.333.333.333.300;8;7;11.95
1;21;0;128.8;0;12;5;13.2;12;4;13.5
1;19;0;144.2;0;0;0;0.0;0;0;0.0
1;40;1;134.0;0;6;6;12.333.333.333.333.300;6;4;12.75
1;22;0;112.0;0;9;5;11.2;9;7;11.25
1;19;0;128.8;0;7;6;13.2;7;6;13.2
1;24;1;134.0;0;5;5;11.833.333.333.333.300;5;4;14.0
1;21;0;125.0;0;6;5;11.333.333.333.333.300;6;2;11.5
1;18;0;123.2;0;5;5;13.6;5;5;14.6
1;18;0;118.4;0;5;0;0.0;5;2;11.5
1;24;0;116.2;0;6;5;12.857.142.857.142.800;6;5;13.666.666.666.666.600
1;28;1;123.0;0;5;3;14.333.333.333.333.300;5;5;12.428.571.428.571.400
0;19;1;113.5;0;6;5;13.5;6;6;14.0
0;28;0;125.0;0;6;6;14.428.571.428.571.400;6;4;15.6
0;18;0;134.8;0;6;0;0.0;6;0;0.0
0;19;0;149.9;0;0;0;0.0;0;0;0.0
0;19;1;119.8;0;8;8;1.282.875;8;8;1.282.875
0;21;0;125.0;0;5;0;0.0;5;4;13.75
0;18;0;135.1;1;7;0;0.0;8;0;0.0
0;19;0;138.3;0;6;6;14.666.666.666.666.600;6;6;13.166.666.666.666.600
0;19;0;122.5;0;8;7;13.937.142.857.142.800;8;7;13.937.142.857.142.800
0;20;0;148.0;0;12;10;14.7;12;12;14.583.333.333.333.300
0;18;0;126.2;0;6;6;11.666.666.666.666.600;6;5;12.2
0;20;0;129.8;0;7;6;14.85;7;6;14.85
0;26;0;104.0;0;5;1;12.0;5;0;0.0
0;18;0;126.7;0;7;7;136.875;8;8;15.622.222.222.222.200
0;58;0;120.0;0;6;5;12.4;6;5;11.6
0;18;0;124.6;0;7;7;13.398;8;8;135.425
0;20;0;130.0;0;6;5;11.8;6;4;12.0
0;20;0;127.3;0;5;0;0.0;5;0;0.0
0;29;0;122.0;0;15;13;1.176.923.076.923.070;14;14;11.928.571.428.571.400
0;27;0;125.1;1;6;0;0.0;5;0;0.0
0;21;1;110.0;0;6;6;13.285.714.285.714.200;6;6;13.0
0;20;1;129.8;0;6;6;11.666.666.666.666.600;6;6;11.166.666.666.666.600
0;19;1;114.9;0;6;6;11.5;6;5;12.2
0;22;1;125.6;0;7;6;13.081.666.666.666.600;8;6;13.15
0;19;1;125.1;0;6;6;12.666.666.666.666.600;6;6;13.0
0;19;0;115.7;1;6;3;11.333.333.333.333.300;6;0;0.0
0;23;0;112.6;0;6;5;13.6;6;5;11.6
0;18;1;127.2;0;6;6;13.166.666.666.666.600;6;5;13.2
0;19;0;140.0;0;6;0;0.0;6;0;0.0
0;20;0;140.0;0;6;5;11.666.666.666.666.600;6;5;12.6
0;19;1;120.4;0;6;6;13.5;6;6;13.428.571.428.571.400
0;26;1;100.0;1;6;0;0.0;6;0;0.0
0;18;1;113.5;0;6;6;13.166.666.666.666.600;6;6;14.142.857.142.857.100
0;29;0;132.1;1;5;4;12.5;5;2;12.5
0;20;0;160.0;0;6;6;13.375;6;6;13.0
0;19;0;126.3;0;6;6;13.166.666.666.666.600;6;6;12.666.666.666.666.600
0;23;0;160.0;0;6;4;13.4;6;2;13.5
0;25;0;100.0;0;7;3;13.0;8;3;11.666.666.666.666.600
0;18;0;125.8;0;8;7;13.154.285.714.285.700;8;7;13.154.285.714.285.700
0;19;1;142.2;0;6;6;12.833.333.333.333.300;6;6;12.833.333.333.333.300
0;18;0;119.4;0;7;7;12.142.857.142.857.100;7;7;13.142.857.142.857.100
0;19;1;106.4;0;7;5;13.34;7;6;12.385.714.285.714.200
0;36;0;120.0;0;10;4;13.0;9;4;13.75
1;20;1;150.0;0;6;3;12.0;6;3;11.666.666.666.666.600
1;20;0;148.6;0;0;0;0.0;0;0;0.0
1;18;0;108.7;0;6;5;11.0;6;0;0.0
1;19;0;130.0;0;6;5;11.5;6;6;11.333.333.333.333.300
1;20;0;124.6;1;9;3;13.333.333.333.333.300;6;2;12.5
1;18;0;131.0;0;7;7;14.594.444.444.444.400;8;8;13.472
1;20;0;130.0;1;6;4;11.0;6;3;10.666.666.666.666.600
1;24;0;116.1;1;5;0;0.0;5;0;0.0
1;19;0;125.6;0;6;0;0.0;6;0;0.0
1;18;0;121.3;0;5;1;12.0;5;2;12.0
1;18;0;107.4;0;5;5;14.0;5;5;13.2
1;18;0;116.9;0;6;6;13.571.428.571.428.500;6;5;11.8
1;22;0;123.5;0;6;0;0.0;6;0;0.0
1;19;0;130.5;0;6;6;14.25;6;6;13.857.142.857.142.800
0;32;0;140.0;1;6;0;0.0;6;0;0.0
0;21;1;117.1;0;6;0;0.0;6;0;0.0
0;19;1;127.5;0;8;7;13.542.857.142.857.100;8;7;13.542.857.142.857.100
0;39;1;126.0;0;9;9;1.311.111.111.111.110;7;7;11.714.285.714.285.700
0;30;0;113.0;0;9;9;12.666.666.666.666.600;7;7;12.142.857.142.857.100
0;18;0;130.1;0;5;4;10.75;5;2;10.0
0;38;0;110.0;0;10;4;10.75;10;2;10.0
0;20;0;135.8;0;6;6;13.666.666.666.666.600;6;6;13.333.333.333.333.300
0;55;0;126.3;0;6;6;13.833.333.333.333.300;6;6;12.833.333.333.333.300
0;53;0;130.0;0;18;17;13.176.470.588.235.200;18;16;13.0
0;54;0;104.0;0;6;4;12.75;6;5;12.6
0;18;1;123.6;0;7;5;12.86;7;5;12.86
0;44;0;121.0;1;8;4;12.0;7;4;12.0
0;28;0;130.5;0;11;9;11.666.666.666.666.600;11;9;12.555.555.555.555.500
0;37;0;180.0;0;14;14;16.5;11;11;1.690.909.090.909.090
0;20;0;112.5;0;10;9;12.333.333.333.333.300;7;7;1.177.777.777.777.770
0;18;0;126.1;0;7;7;1.259.125;8;7;12.820.000.000.000.000
1;19;0;111.8;0;6;4;11.5;6;3;11.0
1;23;1;131.4;0;18;18;11.894.736.842.105.200;13;13;12.923.076.923.076.900
1;22;0;144.3;0;6;0;0.0;6;0;0.0
1;24;0;115.0;0;6;0;0.0;6;0;0.0
1;22;0;120.0;0;6;5;13.0;6;2;11.5
1;26;0;168.6;0;6;0;0.0;6;0;0.0
1;18;0;127.7;0;6;6;15.166.666.666.666.600;6;6;14.833.333.333.333.300
1;24;0;150.0;0;6;4;11.75;6;2;13.5
1;18;0;129.8;0;5;0;0.0;5;1;15.0
1;26;0;135.6;0;0;0;0.0;0;0;0.0
1;27;0;100.0;0;6;3;11.333.333.333.333.300;6;3;14.75
1;20;1;140.0;0;6;5;12.6;6;5;13.2
1;19;0;124.1;0;5;0;0.0;5;1;14.0
1;18;1;131.6;0;6;6;15.5;6;4;15.5
1;18;0;129.0;0;8;7;12.365.714.285.714.200;8;7;12.365.714.285.714.200
1;19;0;135.7;0;6;5;13.2;6;5;13.25
1;34;0;108.0;0;12;7;11.428.571.428.571.400;12;7;11.857.142.857.142.800
1;19;0;110.8;0;6;0;0.0;6;0;0.0
1;19;1;124.5;0;6;4;14.0;6;6;12.333.333.333.333.300
1;30;0;100.0;0;12;3;12.0;12;5;11.8
1;22;0;123.8;0;4;0;0.0;5;3;12.0
1;19;0;131.4;0;5;4;10.0;5;3;11.333.333.333.333.300
1;21;0;118.5;0;5;1;10.0;5;1;10.0
1;22;0;122.0;0;0;0;0.0;0;0;0.0
1;19;1;122.9;0;6;6;11.166.666.666.666.600;6;3;11.666.666.666.666.600
1;20;0;118.7;0;6;4;11.75;6;3;11.333.333.333.333.300
1;35;0;100.0;0;6;3;11.75;6;0;0.0
1;20;0;135.9;0;5;1;10.0;5;1;11.0
1;21;0;138.4;0;5;3;14.0;5;5;12.8
1;27;0;128.2;1;5;0;0.0;5;0;0.0
1;26;0;107.4;0;6;3;12.0;6;0;0.0
1;20;0;129.8;0;6;0;0.0;5;0;0.0
1;28;0;100.0;1;10;8;1.188.888.888.888.880;8;5;11.6
1;19;0;113.0;0;6;6;13.833.333.333.333.300;6;6;13.666.666.666.666.600
1;47;0;107.0;0;5;0;0.0;5;0;0.0
1;55;0;130.0;0;6;5;11.4;6;5;12.4
1;39;0;120.0;0;6;0;0.0;6;2;11.0
1;35;0;120.5;1;17;14;10.642.857.142.857.100;12;12;10.666.666.666.666.600
1;32;0;120.5;0;6;2;11.0;6;0;0.0
1;20;0;137.0;0;6;6;16.833.333.333.333.300;6;6;16.666.666.666.666.600
1;36;0;115.0;0;6;6;13.571.428.571.428.500;6;5;13.2
1;34;1;142.7;1;5;5;14.714.285.714.285.700;5;5;14.375
1;21;0;116.7;0;5;0;0.0;5;0;0.0
1;42;1;136.1;0;5;1;10.0;5;1;11.0
1;25;0;134.3;0;6;1;11.0;6;4;11.75
1;18;1;153.0;0;6;1;11.0;6;0;0.0
1;18;1;132.0;0;6;5;12.0;6;6;12.833.333.333.333.300
1;19;0;129.6;0;6;6;11.125;6;6;11.857.142.857.142.800
1;34;0;105.0;1;6;3;11.333.333.333.333.300;6;2;11.5
1;20;0;130.8;0;6;2;12.0;6;0;0.0
1;20;0;119.7;0;7;0;0.0;7;0;0.0
1;21;0;132.5;0;8;7;14.54;8;7;14.54
1;19;0;130.0;0;6;6;12.166.666.666.666.600;6;4;13.0
1;31;0;120.0;1;5;4;13.5;5;3;11.666.666.666.666.600
1;21;0;150.0;0;6;6;14.75;6;5;14.333.333.333.333.300
1;20;1;115.6;0;5;5;12.375;5;5;11.666.666.666.666.600
1;22;0;119.1;0;7;6;12.733.333.333.333.300;7;6;12.733.333.333.333.300
1;19;0;123.5;0;6;4;12.5;6;0;0.0
1;41;0;120.0;1;5;0;0.0;5;0;0.0
1;27;0;110.0;0;7;0;0.0;7;0;0.0
0;19;0;131.4;0;7;7;1.344.285.714.285.710;8;7;13.771.428.571.428.500
0;20;1;126.8;0;8;8;14.2;8;8;14.2
0;19;1;118.9;0;7;6;13.55;7;6;13.55
0;35;0;160.0;0;5;5;11.6;5;5;11.166.666.666.666.600
0;22;0;115.9;0;6;6;13.571.428.571.428.500;6;6;15.285.714.285.714.200
0;20;1;109.3;0;6;6;13.833.333.333.333.300;6;6;15.0
0;18;0;113.9;1;6;4;11.25;6;4;10.857.142.857.142.800
0;18;1;121.8;0;6;5;10.2;6;4;11.25
0;30;0;140.0;0;8;7;15.675.714.285.714.200;8;7;15.675.714.285.714.200
0;18;1;114.7;1;6;6;10.833.333.333.333.300;6;6;12.0
0;20;1;120.0;0;6;6;14.5;6;5;15.0
0;19;1;107.3;0;6;4;10.4;6;4;10.75
0;19;0;136.2;0;5;5;13.0;5;5;13.333.333.333.333.300
0;21;1;119.5;0;7;7;12.242.857.142.857.100;8;8;14.125
0;21;0;106.0;1;7;7;13.0;7;6;12.5
0;18;0;124.1;0;6;6;14.166.666.666.666.600;6;6;13.428.571.428.571.400
0;18;1;133.2;0;5;4;14.25;5;4;12.5
0;35;0;110.0;0;5;1;12.0;5;2;10.5
0;21;0;114.8;0;7;4;13.25;7;5;13.82
1;18;1;130.0;0;7;6;13.183.333.333.333.300;7;6;13.183.333.333.333.300
1;22;0;122.6;0;6;1;11.0;6;0;0.0
1;20;1;133.5;0;7;7;119.725;8;8;1.265.125
0;34;0;120.0;0;6;5;12.4;6;5;12.8
0;33;0;120.0;0;8;5;12.6;7;5;11.25
0;22;1;137.3;0;7;6;13.9;7;6;13.9
0;20;1;123.5;0;6;4;11.5;6;3;11.0
0;35;0;131.8;0;5;4;14.2;5;4;11.857.142.857.142.800
0;39;0;130.0;0;5;3;10.666.666.666.666.600;5;3;10.666.666.666.666.600
0;19;0;128.0;0;7;0;0.0;8;0;0.0
0;36;1;95.0;0;6;6;11.0;6;3;11.333.333.333.333.300
0;21;1;116.0;0;8;7;13.957.142.857.142.800;8;7;13.957.142.857.142.800
0;22;0;136.7;0;6;4;12.5;6;3;13.666.666.666.666.600
0;42;1;107.5;1;6;6;13.333.333.333.333.300;6;6;15.285.714.285.714.200
0;34;0;108.4;0;5;0;0.0;5;0;0.0
0;20;0;130.7;0;6;6;11.666.666.666.666.600;6;5;11.6
0;33;0;155.9;0;6;6;15.714.285.714.285.700;6;6;15.5
0;20;0;106.1;0;6;5;11.0;6;5;11.4
0;19;0;128.6;1;5;4;12.25;5;4;12.75
0;34;0;140.0;1;10;5;12.2;9;8;1.222.222.222.222.220
0;18;0;145.0;0;5;5;13.0;5;5;14.0
0;24;1;113.0;0;6;4;12.0;6;6;13.0
0;18;0;137.1;0;6;6;13.333.333.333.333.300;6;6;12.333.333.333.333.300
0;20;0;119.7;0;5;3;13.0;5;3;13.0
0;21;0;120.5;0;8;7;12.91;8;7;12.91
0;19;1;125.7;0;6;6;11.0;6;3;11.0
0;19;1;125.5;0;7;6;13.579.999.999.999.900;8;8;1.293.625
0;18;1;124.5;0;6;4;12.4;6;6;12.5
0;38;1;126.0;0;9;8;1.288.888.888.888.880;7;7;13.0
1;21;0;136.2;1;12;11;11.545.454.545.454.500;11;9;11.7
1;23;0;124.2;0;5;1;10.0;5;0;0.0
0;19;0;138.5;0;8;8;1.434.125;8;8;1.434.125
0;18;0;122.3;1;6;6;14.142.857.142.857.100;6;5;12.0
0;18;1;126.0;0;0;0;0.0;0;0;0.0
0;24;0;135.4;0;6;5;11.8;6;4;11.25
0;18;1;146.5;0;6;6;13.333.333.333.333.300;6;6;14.166.666.666.666.600
0;18;0;121.9;0;6;6;14.5;6;6;12.857.142.857.142.800
0;26;0;130.0;0;10;8;12.666.666.666.666.600;10;10;13.4
0;19;0;115.2;1;5;1;10.0;5;2;10.0
0;19;1;115.2;0;6;0;0.0;6;0;0.0
0;19;0;125.1;0;6;4;11.0;6;4;12.5
0;20;0;108.0;1;5;2;12.0;5;4;11.0
0;22;0;125.9;0;6;4;10.0;6;2;13.5
0;19;0;128.0;0;7;7;1.420.857.142.857.140;8;8;15.127.777.777.777.700
0;20;0;113.5;0;7;7;1.430.714.285.714.280;8;8;150.125
0;36;0;124.6;0;5;3;11.0;5;4;13.375
0;29;0;116.0;0;7;0;0.0;6;0;0.0
0;19;0;124.9;0;6;6;12.0;6;4;11.0
0;24;0;140.5;1;5;0;0.0;5;0;0.0
0;27;0;179.6;1;6;0;0.0;6;0;0.0
0;18;1;116.1;0;6;6;13.857.142.857.142.800;6;6;14.285.714.285.714.200
0;18;1;139.4;0;0;0;0.0;0;0;0.0
0;21;0;129.0;0;7;0;0.0;7;0;0.0
0;43;1;135.6;0;6;5;11.0;6;5;13.0
0;18;1;147.8;0;5;5;13.2;5;5;14.4
0;21;1;138.0;0;6;6;13.5;6;3;15.333.333.333.333.300
0;26;0;150.0;0;5;0;0.0;5;0;0.0
0;19;1;130.8;0;8;7;14.214.285.714.285.700;8;7;14.214.285.714.285.700
0;18;0;122.6;0;5;5;13.0;5;5;12.4
0;22;0;119.1;0;6;2;12.0;6;1;10.0
0;27;0;111.8;0;7;0;0.0;8;0;0.0
0;18;0;125.0;0;5;5;12.8;5;5;12.6
0;19;0;129.9;0;5;4;13.6;5;4;12.2
0;18;0;131.1;0;7;7;13.971.428.571.428.500;8;8;15.75
0;19;1;141.4;0;6;6;15.0;6;6;14.857.142.857.142.800
0;32;0;120.0;0;6;0;0.0;6;0;0.0
0;23;0;133.4;0;26;26;1.507.777.777.777.770;17;17;15.023.529.411.764.700
0;20;0;127.3;0;7;6;13.383.333.333.333.300;7;6;13.383.333.333.333.300
0;20;0;131.8;1;12;12;13.25;11;10;13.090.909.090.909.000
0;19;0;114.8;1;6;5;11.714.285.714.285.700;6;2;10.666.666.666.666.600
0;18;1;132.8;0;8;8;1.301.125;8;8;1.301.125
0;21;0;140.0;0;6;3;10.666.666.666.666.600;6;4;12.0
0;20;1;108.3;0;7;0;0.0;7;0;0.0
0;22;0;150.0;0;6;6;13.0;6;3;12.666.666.666.666.600
0;26;0;160.0;0;5;5;12.0;5;5;11.4
0;20;0;131.7;0;6;6;12.166.666.666.666.600;6;5;13.8
0;19;0;112.6;0;7;6;11.85;8;7;13.65
0;31;0;111.1;0;5;4;11.0;5;5;11.2
0;20;1;127.5;1;7;7;12.327.777.777.777.700;8;8;11.736
0;20;0;120.2;0;5;4;12.0;5;5;13.428.571.428.571.400
0;21;0;118.9;0;7;7;14.428.571.428.571.400;8;8;14.511.111.111.111.100
0;18;0;119.9;0;7;7;13.78;8;8;126.125
0;19;1;127.3;0;7;6;13.8;7;6;13.8
0;18;1;127.9;0;7;7;14.857.142.857.142.800;7;7;15.142.857.142.857.100
0;40;0;133.0;0;6;5;13.0;6;5;12.6
0;18;1;114.6;0;6;6;12.142.857.142.857.100;6;6;13.333.333.333.333.300
0;18;0;144.5;0;6;6;15.666.666.666.666.600;6;6;14.833.333.333.333.300
0;19;0;125.4;0;7;5;12.5;8;7;12.166.666.666.666.600
0;19;1;145.0;0;6;6;12.833.333.333.333.300;6;6;13.166.666.666.666.600
0;28;0;138.1;1;6;0;0.0;6;0;0.0
0;20;0;124.6;0;6;6;12.5;6;6;12.666.666.666.666.600
0;18;0;130.8;0;6;4;11.25;6;5;13.0
0;18;0;140.5;0;7;6;15.25;7;6;15.25
0;20;1;124.1;0;5;5;14.0;5;3;12.0
0;28;0;118.4;1;16;13;12.076.923.076.923.000;13;11;12.090.909.090.909.000
0;23;0;128.2;0;16;16;14.625;10;9;1.488.888.888.888.880
0;19;0;109.5;0;7;4;10.5;7;2;10.5
0;18;1;131.1;0;6;6;12.833.333.333.333.300;6;6;12.166.666.666.666.600
0;20;1;137.9;1;6;6;12.5;6;5;11.8
0;20;0;128.2;0;12;12;1.123.076.923.076.920;11;9;1.277.777.777.777.770
0;27;0;126.5;0;5;2;10.5;5;0;0.0
0;18;0;120.0;0;6;3;12.0;6;2;12.0
0;37;1;123.0;0;7;7;10.985.714.285.714.200;8;8;12.3
0;42;0;130.0;0;7;5;12.62;7;3;14.166.666.666.666.600
0;20;0;141.1;0;7;6;13.0;8;8;142.125
1;34;0;140.0;0;5;0;0.0;5;0;0.0
1;22;0;133.6;0;5;0;0.0;5;0;0.0
1;39;0;123.5;0;6;6;13.5;6;6;13.333.333.333.333.300
1;18;1;136.3;0;7;6;13.516.666.666.666.600;7;6;13.516.666.666.666.600
1;21;1;123.5;0;6;6;13.166.666.666.666.600;6;6;13.285.714.285.714.200
1;34;0;112.0;0;6;0;0.0;6;0;0.0
1;22;1;160.0;0;6;6;13.125;6;6;13.0
1;31;0;110.0;0;6;3;14.4;6;0;0.0
1;19;0;116.8;0;6;4;12.0;6;0;0.0
1;19;0;109.5;0;5;0;0.0;5;0;0.0
1;31;0;100.0;0;7;0;0.0;7;0;0.0
0;19;0;117.3;0;5;3;10.8;5;3;10.5
0;30;0;130.0;0;6;0;0.0;6;0;0.0
0;20;1;137.8;0;7;7;1.613.142.857.142.850;8;8;1.552.222.222.222.220
0;18;1;136.5;0;7;7;14.838.571.428.571.400;8;8;14.8
0;31;0;138.7;0;5;3;10.333.333.333.333.300;5;3;12.0
0;19;0;124.9;0;6;3;12.0;6;4;11.25
0;43;1;140.0;0;6;0;0.0;5;0;0.0
0;20;1;122.6;0;6;6;13.166.666.666.666.600;6;6;14.0
0;19;1;129.5;0;8;8;139.475;8;8;139.475
0;22;0;155.0;0;5;3;11.333.333.333.333.300;5;0;0.0
0;26;0;100.0;0;8;7;12.75;7;7;12.285.714.285.714.200
0;19;1;137.6;0;5;5;12.6;5;5;11.25
0;29;0;120.0;0;8;6;12.25;8;6;12.25
0;20;0;114.0;0;7;0;0.0;7;2;11.666.666.666.666.600
0;38;1;139.0;0;5;5;11.0;5;5;11.4
0;41;0;110.0;0;12;12;11.833.333.333.333.300;12;9;12.7
0;19;0;128.5;0;8;6;13.066.666.666.666.600;8;6;13.066.666.666.666.600
0;19;0;132.2;1;6;6;13.833.333.333.333.300;6;6;13.875
0;43;0;130.0;0;7;3;13.833.333.333.333.300;7;0;0.0
0;19;0;129.3;0;5;5;11.8;5;5;13.2
1;19;1;128.2;0;12;12;13.333.333.333.333.300;11;10;12.818.181.818.181.800
1;18;0;130.3;0;8;8;1.374.625;8;8;1.374.625
1;19;0;162.5;0;0;0;0.0;0;0;0.0
1;38;0;130.0;0;6;0;0.0;6;0;0.0
1;37;0;110.0;0;6;0;0.0;6;0;0.0
0;26;1;142.3;0;6;6;13.333.333.333.333.300;6;5;14.5
0;21;1;122.0;0;6;1;10.0;6;5;11.4
0;18;1;153.6;0;6;6;15.666.666.666.666.600;6;6;15.285.714.285.714.200
0;18;0;112.9;0;7;7;11.857.142.857.142.800;7;7;11.857.142.857.142.800
0;18;0;124.1;0;5;5;14.5;5;5;13.6
0;19;0;129.7;0;6;6;12.166.666.666.666.600;6;6;13.714.285.714.285.700
0;18;0;110.0;0;6;5;12.6;6;6;12.0
0;18;0;136.3;0;8;7;12.285.714.285.714.200;8;7;12.285.714.285.714.200
0;19;1;146.0;1;6;6;12.666.666.666.666.600;6;6;13.0
0;19;0;129.9;0;7;0;0.0;8;0;0.0
0;18;1;140.9;0;6;6;12.857.142.857.142.800;6;4;13.0
0;18;0;135.5;0;8;7;13.9;8;7;13.9
0;20;1;122.0;0;8;7;13.817.142.857.142.800;8;7;13.817.142.857.142.800
0;22;1;140.0;0;7;6;13.314.285.714.285.700;8;7;12.875
0;18;0;163.0;0;6;0;0.0;6;0;0.0
0;19;1;107.4;0;6;6;12.166.666.666.666.600;6;6;12.166.666.666.666.600
0;20;1;114.3;0;6;4;11.25;6;3;11.333.333.333.333.300
0;19;0;140.8;0;6;5;12.4;6;6;12.75
0;20;1;126.3;0;6;6;14.666.666.666.666.600;6;6;14.571.428.571.428.500
0;28;0;110.0;0;6;4;12.0;6;4;12.0
0;19;0;126.2;0;6;6;14.0;6;3;12.666.666.666.666.600
0;22;0;140.0;0;6;6;12.571.428.571.428.500;6;4;13.666.666.666.666.600
0;19;0;123.0;0;6;6;15.538.461.538.461.500;6;6;12.625
0;18;0;157.0;0;6;0;0.0;6;0;0.0
0;18;0;149.7;0;6;6;15.0;6;6;14.833.333.333.333.300
0;22;0;140.0;0;5;4;12.25;5;5;13.285.714.285.714.200
0;20;0;170.0;0;11;11;15.692.307.692.307.600;9;9;15.555.555.555.555.500
0;24;1;130.2;0;5;5;12.285.714.285.714.200;5;5;12.75
0;22;0;135.5;1;17;12;11.833.333.333.333.300;17;11;11.25
0;20;0;118.3;0;6;6;12.166.666.666.666.600;6;5;14.0
0;20;1;116.3;0;7;7;1.188.888.888.888.880;8;8;1.195.625
0;35;0;120.0;0;6;0;0.0;6;0;0.0
0;18;1;154.7;0;5;5;11.8;5;5;12.6
0;19;0;132.7;0;6;6;11.166.666.666.666.600;6;6;11.666.666.666.666.600
0;18;0;130.8;0;7;7;1.405.714.285.714.280;8;8;14.6
0;18;0;122.7;0;6;4;11.75;6;4;10.0
0;31;0;130.0;0;6;6;13.166.666.666.666.600;6;6;13.0
0;19;1;123.6;0;6;6;13.5;6;6;14.0
0;20;1;116.5;0;7;7;12.625;8;8;130.625
0;21;0;111.1;0;6;0;0.0;6;0;0.0
0;18;1;136.3;0;8;7;13.971.428.571.428.500;8;7;13.971.428.571.428.500
0;18;0;129.8;0;6;2;11.0;6;0;0.0
0;33;0;134.7;0;5;5;12.8;5;5;15.333.333.333.333.300
0;18;1;131.8;0;6;6;13.571.428.571.428.500;6;5;12.8
0;18;1;126.8;0;0;0;0.0;0;0;0.0
0;21;0;130.7;1;5;2;11.5;5;4;11.0
0;19;0;109.8;0;6;4;11.25;6;4;12.0
0;28;0;133.9;0;5;5;13.714.285.714.285.700;5;5;13.142.857.142.857.100
0;29;0;109.9;0;4;0;0.0;5;0;0.0
0;36;0;160.0;1;6;6;12.0;6;3;14.666.666.666.666.600
0;32;1;106.5;0;6;6;12.666.666.666.666.600;6;6;13.333.333.333.333.300
0;25;1;120.0;0;8;7;13.29;8;7;13.29
0;33;0;107.8;0;10;8;10.375;10;9;10.444.444.444.444.400
0;34;0;100.0;0;7;3;12.0;7;1;13.0
0;33;0;112.5;0;6;5;11.4;6;6;11.166.666.666.666.600
0;29;0;135.5;1;5;2;13.25;5;3;12.6
0;18;0;145.0;0;7;6;13.861.666.666.666.600;8;0;0.0
0;18;1;119.0;0;6;6;12.166.666.666.666.600;6;6;12.142.857.142.857.100
0;38;0;130.0;0;6;4;13.75;6;6;14.5
0;19;1;126.3;0;7;6;15.433.333.333.333.300;7;6;15.433.333.333.333.300
0;39;1;113.5;0;6;6;13.833.333.333.333.300;6;6;15.5
0;37;0;120.0;0;14;12;11.833.333.333.333.300;12;11;11.363.636.363.636.300
0;32;0;111.3;0;7;0;0.0;8;0;0.0
0;18;0;130.2;0;1;0;0.0;6;0;0.0
0;20;0;140.2;0;7;7;12.333.333.333.333.300;8;8;12.625
0;20;0;113.9;0;6;6;11.166.666.666.666.600;6;6;12.166.666.666.666.600
0;23;1;99.0;0;6;6;14.666.666.666.666.600;6;6;12.428.571.428.571.400
0;19;0;124.0;0;5;5;11.2;5;4;11.75
0;18;0;138.9;0;6;6;13.714.285.714.285.700;6;6;14.166.666.666.666.600
1;19;0;130.0;0;5;5;12.8;5;5;11.444.444.444.444.400
0;20;0;120.8;0;6;4;13.25;6;5;11.8
0;19;0;127.8;0;8;6;13.78;8;6;13.78
0;19;0;126.0;0;8;7;15.11;8;7;15.11
0;18;0;126.0;0;6;4;11.0;6;5;11.2
0;20;1;138.5;0;8;7;15.798.571.428.571.400;8;7;15.798.571.428.571.400
0;20;0;119.4;0;7;7;13.775.714.285.714.200;8;8;15.599.999.999.999.900
0;24;0;101.5;0;8;7;12.16;8;7;12.16
0;24;0;101.5;0;7;0;0.0;7;0;0.0
0;20;0;126.2;0;6;6;14.333.333.333.333.300;6;6;15.5
0;20;0;129.8;0;6;6;11.833.333.333.333.300;6;3;13.333.333.333.333.300
0;18;0;138.4;0;6;6;14.833.333.333.333.300;6;6;12.5
0;18;0;129.3;0;8;7;14.2;8;7;14.2
0;21;0;113.1;0;5;5;12.2;5;5;13.2
0;18;0;144.3;0;6;4;13.0;6;5;13.666.666.666.666.600
0;19;1;141.0;0;8;7;12.485.714.285.714.200;8;7;12.485.714.285.714.200
0;22;0;130.0;0;6;6;17.0;6;6;16.285.714.285.714.200
0;19;0;117.5;0;6;5;10.8;6;6;10.166.666.666.666.600
0;18;0;131.8;0;7;6;14.716.666.666.666.600;7;6;14.716.666.666.666.600
0;19;1;133.7;0;5;2;13.5;5;5;11.4
0;24;1;115.4;0;8;7;11.971.428.571.428.500;8;7;11.971.428.571.428.500
0;19;0;129.1;0;5;3;12.0;5;4;13.5
0;34;0;135.5;0;6;6;12.333.333.333.333.300;6;6;11.666.666.666.666.600
0;19;0;112.4;0;12;6;15.307.692.307.692.300;10;6;13.875
0;18;1;130.8;0;7;6;12.666.666.666.666.600;7;6;12.666.666.666.666.600
0;19;1;131.6;0;7;7;14.368;8;8;1.444.875
0;25;0;140.8;0;8;7;12.084.285.714.285.700;8;7;12.084.285.714.285.700
0;21;0;140.0;0;12;8;12.25;12;8;12.2
0;18;0;114.2;0;6;5;12.2;6;5;11.6
0;18;1;127.3;0;6;4;11.0;6;6;11.5
0;28;0;115.0;0;6;5;12.8;6;5;11.0
0;18;1;118.8;0;8;7;11.857.142.857.142.800;8;7;11.857.142.857.142.800
0;41;0;125.0;0;6;6;12.285.714.285.714.200;6;5;13.0
0;18;0;111.5;0;6;3;12.333.333.333.333.300;6;4;13.5
0;21;1;124.2;0;6;4;11.25;6;4;11.4
0;41;0;130.0;1;6;0;0.0;6;0;0.0
0;32;0;120.0;0;3;2;16.0;3;1;16.0
0;29;0;110.0;0;6;6;11.666.666.666.666.600;6;6;11.0
0;24;0;113.3;0;7;5;12.4;8;7;12.15
0;22;0;123.5;0;7;6;10.744.444.444.444.400;8;8;118.375
0;21;0;101.0;0;6;0;0.0;6;0;0.0
0;39;0;120.9;0;7;4;12.0;7;4;125.625
0;44;1;154.6;0;6;4;12.75;6;2;10.0
0;20;0;120.2;0;5;2;10.0;5;2;11.0
0;21;0;146.5;0;14;12;13.417.391.304.347.800;14;12;13.417.391.304.347.800
0;18;0;160.1;0;6;6;15.166.666.666.666.600;6;6;14.857.142.857.142.800
0;34;0;150.0;1;6;5;13.833.333.333.333.300;6;5;12.5
0;18;0;135.8;0;5;5;13.333.333.333.333.300;5;4;14.8
0;19;0;143.8;1;0;0;0.0;0;0;0.0
0;18;0;116.8;0;6;3;11.666.666.666.666.600;6;3;10.666.666.666.666.600
0;19;0;113.9;0;6;5;15.0;6;6;13.428.571.428.571.400
0;18;1;118.0;0;8;7;13.242.857.142.857.100;8;7;13.242.857.142.857.100
0;19;0;150.2;0;5;1;13.0;5;2;12.5
0;19;1;115.1;0;7;6;13.075;8;7;12.05
0;18;1;131.3;0;6;6;13.5;6;6;13.666.666.666.666.600
0;23;1;120.0;0;6;5;11.8;6;6;12.333.333.333.333.300
0;18;0;110.3;0;6;5;12.6;6;5;11.8
0;33;0;100.0;0;6;6;12.166.666.666.666.600;6;3;11.0
0;19;0;110.7;0;6;6;12.166.666.666.666.600;6;6;11.0
0;21;0;143.4;0;0;0;0.0;0;0;0.0
0;18;0;115.9;0;7;7;13.557.142.857.142.800;8;8;13.2
0;21;1;145.0;0;5;4;12.25;5;4;11.8
0;19;0;140.9;0;6;6;14.333.333.333.333.300;6;6;13.5
0;20;0;108.4;0;6;4;10.5;6;4;11.75
0;20;0;114.3;0;4;0;0.0;4;0;0.0
0;20;0;110.0;0;6;4;12.75;6;3;11.333.333.333.333.300
0;18;1;121.7;0;6;0;0.0;6;4;11.0
0;18;0;123.7;0;5;1;14.0;5;1;14.0
0;20;1;116.5;0;7;7;14.093.333.333.333.300;8;8;15.0
0;21;1;155.0;0;6;6;13.333.333.333.333.300;6;6;13.166.666.666.666.600
0;19;0;129.3;0;8;7;12.071.428.571.428.500;8;7;12.071.428.571.428.500
0;18;1;121.7;0;6;6;12.666.666.666.666.600;6;6;12.5
0;27;0;148.2;1;6;6;12.125;6;5;12.0
0;21;1;125.5;0;7;7;13.2;8;7;132.575
0;18;1;131.9;0;7;7;14.15;8;8;1.451.125
0;18;0;121.8;1;6;4;13.5;6;3;10.666.666.666.666.600
0;28;0;107.7;1;6;0;0.0;5;0;0.0
0;36;0;115.5;0;7;5;12.2;7;3;11.4
0;20;0;139.8;0;5;5;14.8;5;5;14.0
0;19;0;133.2;0;6;5;11.0;6;5;11.4
0;20;0;118.4;0;5;0;0.0;5;0;0.0
0;19;0;123.3;0;5;3;14.0;5;4;11.75
0;28;0;134.5;0;6;5;11.833.333.333.333.300;6;6;13.0
0;20;0;110.6;0;5;4;11.75;5;5;11.8
0;28;0;154.0;0;14;12;12.333.333.333.333.300;12;8;12.0
0;24;0;160.0;0;10;3;11.666.666.666.666.600;10;6;11.833.333.333.333.300
0;20;0;140.0;0;6;6;12.666.666.666.666.600;6;4;11.5
0;22;0;132.5;0;6;4;12.25;6;5;11.6
0;18;1;127.7;0;6;6;11.285.714.285.714.200;6;4;13.5
0;22;0;117.5;1;5;2;11.5;5;0;0.0
0;18;1;127.0;0;6;6;11.666.666.666.666.600;6;4;12.25
0;21;1;125.5;0;8;7;13.514.285.714.285.700;8;7;13.514.285.714.285.700
0;19;0;140.5;0;6;6;13.0;6;6;13.714.285.714.285.700
0;22;0;118.3;0;6;3;15.0;6;4;10.25
0;20;1;120.8;0;8;7;12.744.285.714.285.700;8;7;12.744.285.714.285.700
0;20;0;95.0;0;5;4;11.75;5;5;11.8
0;19;0;122.2;1;6;6;12.166.666.666.666.600;6;6;11.666.666.666.666.600
0;20;0;143.9;0;0;0;0.0;0;0;0.0
0;20;1;127.2;0;6;5;13.4;6;6;12.375
0;20;0;120.2;0;6;5;11.8;6;4;11.5
0;19;0;134.8;0;7;6;13.533.333.333.333.300;7;6;13.533.333.333.333.300
0;18;1;142.6;0;6;6;14.166.666.666.666.600;6;4;14.0
0;18;1;147.9;0;7;7;14.652.857.142.857.100;8;8;14.755.555.555.555.500
0;19;0;160.4;0;0;0;0.0;0;0;0.0
1;20;0;134.6;0;5;5;13.6;5;5;13.0
0;22;1;121.0;0;6;6;12.833.333.333.333.300;6;4;13.25
0;18;1;142.7;0;6;6;14.666.666.666.666.600;6;6;15.166.666.666.666.600
0;19;0;115.6;0;6;6;13.333.333.333.333.300;6;6;14.666.666.666.666.600
0;20;1;130.0;0;6;5;13.4;6;5;11.4
0;19;1;124.3;0;7;7;133.125;8;8;156.375
0;18;0;137.9;1;0;0;0.0;0;0;0.0
0;20;0;100.0;1;4;0;0.0;5;0;0.0
0;19;1;128.2;0;6;6;12.333.333.333.333.300;6;6;13.5
0;18;0;135.0;0;6;6;13.5;6;6;13.333.333.333.333.300
0;18;0;121.0;0;6;5;13.0;6;6;11.833.333.333.333.300
0;22;0;147.0;0;5;2;12.5;5;0;0.0
0;18;0;149.5;0;6;6;17.0;6;6;16.0
0;20;0;144.4;0;6;6;13.5;6;6;13.0
0;19;0;116.0;0;6;6;12.714.285.714.285.700;6;6;11.833.333.333.333.300
0;19;1;120.7;0;7;6;13.0;8;8;13.927.272.727.272.700
0;21;0;141.8;0;6;6;12.571.428.571.428.500;6;6;13.5
0;19;1;119.7;0;6;4;11.5;6;6;11.5
0;19;1;118.4;0;6;6;13.5;6;6;13.285.714.285.714.200
0;45;0;134.5;0;6;5;13.6;6;5;13.0
0;28;1;128.2;0;5;1;12.0;5;0;0.0
0;28;0;115.0;0;7;7;14.95;8;8;147.375
0;25;0;130.0;1;5;4;11.25;5;4;12.0
0;19;0;120.7;1;6;3;10.666.666.666.666.600;6;4;12.25
0;19;0;130.5;0;8;7;14.992.857.142.857.100;8;7;14.992.857.142.857.100
1;20;0;107.4;0;5;3;10.5;5;4;11.25
1;22;0;100.0;0;6;4;11.25;6;3;11.0
1;20;1;125.0;0;6;6;12.333.333.333.333.300;6;6;14.0
1;20;0;121.5;0;7;6;13.016.666.666.666.600;7;6;13.016.666.666.666.600
1;20;0;127.2;1;5;3;11.333.333.333.333.300;5;2;11.5
0;27;0;160.0;0;6;6;16.142.857.142.857.100;6;6;14.666.666.666.666.600
0;22;0;120.0;0;6;6;14.833.333.333.333.300;6;5;13.833.333.333.333.300
0;19;0;141.5;1;8;7;13.327.142.857.142.800;8;7;13.327.142.857.142.800
0;19;0;111.4;0;6;4;11.0;6;2;11.5
0;18;0;136.6;0;6;6;11.714.285.714.285.700;6;6;10.375
0;19;0;154.6;0;12;12;12.333.333.333.333.300;11;10;12.727.272.727.272.700
0;20;0;111.4;1;7;0;0.0;6;0;0.0
0;39;0;120.1;0;15;12;11.916.666.666.666.600;13;8;11.25
0;37;0;100.0;1;6;6;11.833.333.333.333.300;6;6;11.0
0;30;0;140.0;1;7;3;12.333.333.333.333.300;7;3;11.666.666.666.666.600
0;41;0;130.0;0;10;10;14.3;10;10;14.2
0;40;0;100.0;0;8;5;11.832;8;5;11.832
0;20;0;106.1;0;5;2;10.0;5;0;0.0
0;28;0;151.4;0;5;5;12.0;5;5;11.6
0;19;0;113.7;1;7;5;12.2;7;0;0.0
0;23;0;116.5;0;5;3;11.333.333.333.333.300;5;4;11.25
0;18;0;120.0;0;16;13;13.846.153.846.153.800;11;9;12.555.555.555.555.500
0;24;0;122.0;0;8;7;12.412.857.142.857.100;8;7;12.412.857.142.857.100
0;21;0;117.1;0;5;3;12.666.666.666.666.600;5;4;12.75
0;19;0;120.8;0;8;7;12.545.714.285.714.200;8;7;12.545.714.285.714.200
0;19;0;141.4;0;6;3;13.0;6;2;14.0
0;48;0;110.0;1;6;0;0.0;6;0;0.0
0;38;0;120.0;0;12;9;1.222.222.222.222.220;12;9;13.0
0;19;0;120.2;0;5;5;13.285.714.285.714.200;5;5;13.0
1;30;0;138.4;0;5;3;11.666.666.666.666.600;5;1;11.0
1;24;1;150.0;0;6;6;13.555.555.555.555.500;6;6;12.666.666.666.666.600
1;19;0;121.8;0;6;6;13.166.666.666.666.600;6;6;12.428.571.428.571.400
1;21;0;140.0;0;0;0;0.0;0;0;0.0
1;21;1;116.3;0;6;6;11.666.666.666.666.600;6;5;12.2
1;19;0;131.5;0;5;4;11.0;5;4;12.25
1;18;0;141.0;0;6;6;13.0;6;1;10.0
1;18;1;138.0;0;6;6;13.666.666.666.666.600;6;6;12.0
1;19;0;127.5;0;5;5;14.6;5;5;15.2
1;19;1;127.0;0;8;7;12.514.285.714.285.700;8;7;12.514.285.714.285.700
1;18;0;118.9;0;5;3;14.0;5;3;12.666.666.666.666.600
1;25;0;134.5;0;6;6;13.166.666.666.666.600;6;5;12.6
1;18;0;133.0;0;5;4;13.0;5;3;12.333.333.333.333.300
1;29;0;114.0;0;5;1;13.0;5;0;0.0
1;21;0;116.7;0;5;1;10.0;5;3;13.666.666.666.666.600
1;18;1;125.1;1;6;6;14.333.333.333.333.300;6;6;15.333.333.333.333.300
1;20;1;137.2;0;6;0;0.0;6;0;0.0
1;27;0;111.4;0;5;1;11.0;5;0;0.0
1;21;0;105.0;0;6;3;11.25;6;0;0.0
1;20;0;124.3;0;5;4;10.75;5;3;10.571.428.571.428.500
1;28;0;132.0;1;5;1;11.0;5;0;0.0
1;24;1;110.0;0;7;6;10.857.142.857.142.800;7;7;11.857.142.857.142.800
1;22;0;134.7;0;5;4;11.75;5;3;11.0
1;20;0;136.8;0;5;5;12.8;5;4;13.666.666.666.666.600
1;21;0;160.0;0;5;3;12.333.333.333.333.300;5;5;11.4
1;23;0;130.0;1;6;2;11.333.333.333.333.300;6;2;13.0
1;18;0;128.8;0;6;5;11.6;6;6;11.166.666.666.666.600
1;20;1;148.4;0;14;12;10.923.076.923.076.900;13;11;12.181.818.181.818.100
1;19;0;130.4;0;0;0;0.0;0;0;0.0
1;32;0;126.0;0;7;7;1.362.857.142.857.140;8;8;139.125
1;20;0;118.7;0;6;3;10.333.333.333.333.300;6;1;11.0
1;32;0;120.0;0;18;18;13.736.842.105.263.100;13;12;13.75
1;28;0;120.0;0;13;8;11.625;10;6;11.0
1;21;1;116.3;0;7;4;11.5;9;7;12.142.857.142.857.100
1;19;1;133.9;0;6;5;14.0;6;6;13.0
1;24;0;150.3;0;5;3;11.333.333.333.333.300;5;0;0.0
1;18;0;118.3;0;5;1;10.0;5;1;10.0
1;20;0;130.0;0;6;5;11.714.285.714.285.700;6;5;12.0
1;25;0;140.0;0;0;0;0.0;0;0;0.0
1;25;0;110.4;0;15;13;1.076.923.076.923.070;14;12;11.833.333.333.333.300
1;18;0;139.7;0;6;5;11.6;6;6;12.0
1;19;0;138.3;0;5;4;13.75;5;0;0.0
1;18;0;123.2;0;5;4;11.0;5;5;10.5
1;25;0;120.0;0;5;0;0.0;5;0;0.0
1;38;0;127.0;0;0;0;0.0;0;0;0.0
1;19;0;114.2;0;0;0;0.0;0;0;0.0
1;19;0;119.7;0;6;6;12.333.333.333.333.300;6;5;13.2
1;22;1;150.0;0;6;6;13.428.571.428.571.400;6;6;13.625
1;18;0;123.5;0;5;0;0.0;5;1;10.0
1;32;0;130.0;0;5;4;14.75;5;2;15.0
1;37;0;124.6;0;21;21;12.476.190.476.190.400;19;19;12.210.526.315.789.400
1;21;0;119.4;0;5;0;0.0;5;0;0.0
1;18;0;121.9;0;6;3;11.666.666.666.666.600;6;2;12.5
1;19;0;110.0;1;6;6;12.0;6;6;13.571.428.571.428.500
1;19;1;118.7;0;6;6;12.0;6;6;14.0
0;19;0;163.1;0;12;12;15.25;11;11;15.0
1;19;1;121.7;0;6;5;12.4;6;6;13.166.666.666.666.600
1;21;0;135.0;1;5;3;12.333.333.333.333.300;5;4;11.25
0;28;0;147.9;0;5;4;11.5;5;4;12.0
0;19;0;118.1;1;6;5;12.2;6;4;11.75
0;28;0;105.3;1;5;2;10.5;5;0;0.0
0;19;1;139.8;0;8;7;14.4;8;7;14.4
0;32;0;130.0;0;14;13;12.846.153.846.153.800;11;10;12.8
0;26;0;127.5;1;6;4;12.0;6;5;13.2
0;25;0;120.0;0;5;0;0.0;5;0;0.0
0;31;0;124.2;0;7;6;13.666.666.666.666.600;6;5;13.5
0;20;1;113.4;0;6;5;11.857.142.857.142.800;6;6;11.666.666.666.666.600
0;19;0;118.0;0;6;0;0.0;6;0;0.0
0;23;0;130.0;0;0;0;0.0;0;0;0.0
0;18;0;135.9;0;6;5;13.2;6;6;11.333.333.333.333.300
0;19;1;135.8;0;6;6;12.714.285.714.285.700;6;5;11.0
0;18;0;133.1;0;6;6;12.5;6;6;12.666.666.666.666.600
0;21;0;118.8;0;5;3;10.666.666.666.666.600;5;2;12.5
0;20;0;117.1;0;6;1;17.0;6;1;17.0
0;24;0;114.5;0;5;5;13.0;5;4;13.25
0;18;1;127.2;0;5;3;12.666.666.666.666.600;5;4;12.5
0;25;0;130.0;0;14;12;13.291.666.666.666.600;14;12;13.291.666.666.666.600
0;20;0;116.1;0;5;3;11.666.666.666.666.600;5;4;11.5
0;18;0;130.5;0;8;7;14.24;8;7;14.24
0;24;0;104.0;0;5;3;13.0;5;3;11.333.333.333.333.300
0;18;0;128.5;0;7;5;14.06;7;6;12.571.428.571.428.500
0;21;0;126.0;1;6;5;11.833.333.333.333.300;6;5;13.2
0;18;0;141.1;0;6;6;12.833.333.333.333.300;6;6;13.333.333.333.333.300
0;20;0;102.8;0;6;1;10.0;6;0;0.0
0;19;0;129.2;0;5;2;11.0;5;2;10.0
0;20;0;119.3;0;7;7;14.105.714.285.714.200;8;8;136.625
0;20;0;126.3;0;8;7;12.471.428.571.428.500;8;7;12.471.428.571.428.500
0;20;1;140.0;0;6;6;11.833.333.333.333.300;6;5;11.857.142.857.142.800
0;20;0;131.5;0;6;6;12.5;6;6;12.833.333.333.333.300
0;18;0;137.6;0;6;6;11.666.666.666.666.600;6;6;12.333.333.333.333.300
0;18;0;142.8;0;0;0;0.0;0;0;0.0
0;30;0;146.2;0;5;3;10.333.333.333.333.300;5;4;12.8
0;18;0;162.1;0;5;5;16.166.666.666.666.600;5;5;14.285.714.285.714.200
0;35;0;140.0;0;6;3;12.666.666.666.666.600;6;0;0.0
0;31;0;120.0;1;6;2;10.5;6;3;12.333.333.333.333.300
0;19;0;133.3;1;6;2;11.5;6;1;11.0
0;19;0;124.8;0;6;6;13.0;6;5;13.4
0;19;0;133.3;0;7;6;11.966.666.666.666.600;7;6;11.966.666.666.666.600
0;19;0;141.8;0;8;8;133.475;8;8;133.475
0;21;0;128.2;0;5;5;12.0;5;4;12.5
0;18;0;115.0;0;6;2;10.5;6;0;0.0
0;18;0;123.6;0;6;4;11.5;6;4;10.75
1;19;0;120.2;0;0;0;0.0;0;0;0.0
1;18;0;127.0;0;6;6;13.571.428.571.428.500;6;4;14.0
1;18;0;120.4;0;6;6;14.7;6;6;12.0
1;25;0;120.0;0;5;0;0.0;5;0;0.0
1;18;0;120.0;0;7;6;11.833.333.333.333.300;7;6;11.833.333.333.333.300
1;19;0;133.9;0;0;0;0.0;0;0;0.0
1;18;0;113.5;0;7;7;13.175.714.285.714.200;8;8;14.925
1;24;0;126.1;0;6;0;0.0;6;0;0.0
0;19;0;121.2;0;6;2;13.0;6;6;10.833.333.333.333.300
0;29;0;150.0;0;8;7;13.742.857.142.857.100;8;7;13.742.857.142.857.100
0;27;0;100.0;0;5;0;0.0;5;0;0.0
0;18;0;127.3;0;7;7;12.217.142.857.142.800;8;7;1.211.875
0;28;0;103.8;0;15;14;11.071.428.571.428.500;14;12;11.333.333.333.333.300
0;32;1;131.0;0;7;7;13.428.571.428.571.400;8;8;13.25
0;30;0;133.9;0;5;5;11.4;5;5;13.666.666.666.666.600
0;29;0;140.0;0;8;4;11.325;8;4;11.325
0;20;0;121.4;0;6;0;0.0;5;0;0.0
0;19;0;122.0;0;8;7;15.0;8;7;15.0
0;29;0;150.5;0;6;6;13.166.666.666.666.600;6;6;15.625
0;27;0;139.4;0;6;2;11.0;6;4;10.5
0;19;0;112.6;0;6;0;0.0;6;0;0.0
0;21;1;115.2;0;5;3;12.333.333.333.333.300;5;2;12.5
0;29;0;131.8;0;5;4;12.25;5;5;10.166.666.666.666.600
0;42;0;122.8;1;13;13;11.923.076.923.076.900;12;12;12.5
0;18;1;156.2;0;6;6;14.333.333.333.333.300;6;6;14.142.857.142.857.100
0;24;0;132.0;0;5;5;12.0;5;5;13.0
0;32;0;130.0;0;7;7;13.761.111.111.111.100;8;7;1.206.375
0;18;0;138.4;0;5;4;11.25;5;5;11.0
0;27;0;146.2;0;5;3;12.333.333.333.333.300;5;3;10.666.666.666.666.600
0;18;0;166.0;0;8;8;1.488.875;8;8;1.488.875
0;19;1;133.1;1;6;6;12.166.666.666.666.600;6;5;12.4
0;18;1;121.9;0;6;6;12.666.666.666.666.600;6;6;13.333.333.333.333.300
0;21;0;110.4;0;6;5;12.6;6;3;11.666.666.666.666.600
0;26;1;121.4;0;5;4;13.0;5;4;12.25
0;22;1;137.0;0;6;6;13.875;6;6;14.333.333.333.333.300
1;37;0;140.0;1;5;4;10.75;5;3;13.333.333.333.333.300
1;24;0;140.0;0;5;3;14.666.666.666.666.600;5;0;0.0
1;18;0;126.8;0;6;5;12.6;6;6;13.0
1;19;1;124.8;0;7;6;124.125;8;7;112.625
1;28;0;120.0;1;6;1;11.0;6;2;10.5
1;18;1;133.0;0;8;7;14.314.285.714.285.700;8;7;14.314.285.714.285.700
1;20;0;127.5;0;6;4;12.0;6;2;11.333.333.333.333.300
1;18;0;131.7;0;6;6;12.833.333.333.333.300;6;6;13.285.714.285.714.200
1;47;0;133.0;0;6;5;11.4;6;6;11.666.666.666.666.600
1;38;0;122.7;0;5;5;14.6;5;5;14.333.333.333.333.300
1;20;1;121.2;0;6;6;13.5;6;5;12.5
1;21;0;150.0;0;6;6;12.5;6;3;13.333.333.333.333.300
1;19;1;133.4;0;6;4;13.0;6;5;12.2
1;25;0;121.2;0;10;5;11.6;8;2;13.0
0;18;0;129.3;0;5;5;11.8;5;5;11.6
0;46;0;117.8;1;7;3;12.333.333.333.333.300;7;3;11.083.333.333.333.300
0;23;0;131.3;0;14;12;12.625;14;12;12.625
0;20;1;133.8;0;6;6;13.833.333.333.333.300;6;6;13.5
1;20;0;120.0;0;7;6;12.5;9;7;13.142.857.142.857.100
1;19;0;122.2;0;6;5;13.6;6;5;12.666.666.666.666.600
0;18;0;119.0;1;6;6;12.0;6;2;11.0
0;30;1;149.5;0;7;7;149.125;8;1;13.5
0;20;1;153.8;0;5;5;13.8;5;5;12.0
0;22;0;152.0;0;6;6;11.666.666.666.666.600;6;6;13.0
