Gender;Age at enrollment;Application mode;Course;Scholarship holder;Admission grade;Curricular units 1st sem (enrolled);Curricular units 1st sem (approved);Curricular units 1st sem (grade);Curricular units 2nd sem (enrolled);Curricular units 2nd sem (approved);Curricular units 2nd sem (grade)
1;20;17;171;0;127.3;0;0;0.0;0;0;0.0
1;19;15;9254;0;142.5;6;6;14.0;6;6;13.666666666666666
1;19;1;9070;0;124.8;6;0;0.0;6;0;0.0
0;20;17;9773;0;119.6;6;6;13.428571428571429;6;5;12.4
0;45;39;8014;0;141.5;6;5;12.333333333333334;6;6;13.0
1;50;39;9991;0;114.8;5;5;11.857142857142858;5;5;11.5
0;18;1;9500;1;128.4;7;7;13.3;8;8;14.345
1;22;18;9254;0;113.1;5;0;0.0;5;0;0.0
0;21;1;9238;1;129.3;6;6;13.875;6;6;14.142857142857142
0;18;1;9238;0;123.0;6;5;11.4;6;2;13.5
0;18;1;9670;0;130.6;6;6;12.333333333333334;6;5;14.2
0;18;1;9500;1;119.3;8;7;13.214285714285714;8;7;13.214285714285714
0;19;1;9853;0;130.2;6;0;0.0;6;0;0.0
0;21;53;9254;1;111.8;6;6;10.571428571428571;6;5;11.0
0;18;1;9085;1;137.1;5;4;13.25;5;5;12.0
0;20;1;9773;0;120.7;6;5;13.2;6;0;0.0
0;18;18;9238;0;137.4;6;1;12.0;6;2;11.0
0;18;17;9500;0;127.3;7;7;13.30625;8;8;14.545
0;20;1;9130;0;136.3;5;4;12.5;5;4;12.25
0;18;1;9853;0;124.6;7;6;11.666666666666666;7;6;13.5
0;21;1;171;1;120.3;0;0;0.0;0;0;0.0
0;20;18;9556;0;121.8;7;7;11.4375;8;8;11.425
0;18;1;9500;0;125.5;8;7;12.857142857142858;8;7;12.857142857142858
0;19;1;9670;1;114.9;6;6;13.375;6;6;12.285714285714286
0;19;1;9500;0;123.9;7;6;13.296666666666669;8;7;14.114285714285714
0;18;1;9238;1;157.0;6;5;11.6;6;4;11.0
0;21;17;9238;0;116.4;6;6;11.375;6;6;13.285714285714286
0;18;1;9085;0;131.0;5;5;12.666666666666666;5;4;13.0
0;20;1;9147;0;122.1;5;5;12.0;5;5;12.333333333333334
1;19;17;9500;0;118.8;7;6;12.933333333333332;7;6;13.716666666666669
1;21;44;9003;0;150.0;6;5;11.857142857142858;6;5;10.571428571428571
1;20;51;9070;0;130.0;6;6;12.833333333333334;6;4;13.4
1;18;1;9147;0;138.8;5;3;11.333333333333334;5;2;13.5
0;19;18;8014;0;134.5;6;6;12.666666666666666;6;6;14.375
1;34;1;9991;0;131.4;5;5;12.4;5;5;13.428571428571429
1;37;39;33;0;102.5;7;0;0.0;7;1;10.0
1;43;39;9119;0;128.8;5;0;0.0;5;0;0.0
0;55;43;9147;0;122.9;5;1;10.0;5;2;12.0
0;39;39;9991;0;113.9;5;5;11.0;5;5;11.6
0;20;44;9130;0;120.0;6;3;11.666666666666666;6;3;12.0
0;18;1;9773;0;121.1;6;4;12.75;5;0;0.0
0;22;1;9147;0;120.4;5;5;14.8;5;5;15.8
0;22;1;9500;0;100.6;7;5;13.928;8;7;14.342857142857142
0;20;17;9773;0;121.4;6;4;13.0;6;5;13.8
0;29;39;9991;0;109.7;5;0;0.0;5;0;0.0
0;24;17;9991;0;134.1;5;2;11.5;5;3;14.333333333333334
0;18;17;9238;0;127.6;6;6;11.666666666666666;6;5;13.2
0;22;17;9500;1;132.4;7;6;13.516666666666666;8;7;13.771428571428572
0;21;44;8014;1;133.4;6;6;11.5;6;6;13.285714285714286
0;19;1;9238;1;126.1;6;5;12.333333333333334;6;6;12.833333333333334
0;24;39;9254;1;113.5;6;6;13.666666666666666;6;6;14.166666666666666
0;19;1;9500;1;121.3;8;6;11.833333333333334;8;6;11.833333333333334
0;20;1;9773;1;121.8;6;4;14.0;6;3;11.0
0;19;1;9130;0;159.3;5;5;14.714285714285714;5;5;15.8
0;27;39;9991;0;120.0;5;5;10.6;5;5;11.0
0;18;1;9500;0;129.1;7;7;13.044444444444444;8;8;13.595
0;39;7;9254;0;130.0;6;0;0.0;6;0;0.0
0;27;39;9130;0;155.3;6;5;13.0;11;10;12.9
0;18;17;9500;0;139.8;8;8;14.935;8;8;14.935
0;18;1;171;0;115.2;0;0;0.0;0;0;0.0
0;18;1;9500;0;114.9;7;6;13.133333333333333;8;7;12.221428571428572
0;21;44;9238;1;131.9;6;6;12.0;6;6;12.0
1;19;17;171;1;126.0;0;0;0.0;0;0;0.0
1;19;17;9070;0;130.2;6;5;11.4;6;1;10.0
1;24;43;9070;0;120.9;6;0;0.0;6;0;0.0
1;29;42;9500;0;126.0;7;5;11.9;8;5;11.0
1;19;1;171;1;128.2;0;0;0.0;0;0;0.0
1;23;44;9003;0;130.0;6;6;12.571428571428571;6;6;12.428571428571429
1;19;1;9147;0;120.1;5;5;11.2;5;4;10.75
1;26;39;9254;0;100.0;6;6;12.0;6;5;10.8
1;18;17;9147;0;134.0;5;0;0.0;5;0;0.0
1;24;17;9500;0;130.8;7;7;11.975;8;8;13.75
1;19;1;171;0;135.8;0;0;0.0;0;0;0.0
1;18;17;9254;0;111.7;6;3;11.666666666666666;6;1;12.0
1;18;1;9773;0;132.9;6;6;12.333333333333334;6;3;12.333333333333334
1;18;17;9147;0;115.5;5;3;10.333333333333334;5;3;10.857142857142858
1;21;18;9254;1;106.0;6;4;10.5;6;1;11.0
1;19;17;9773;1;120.3;6;6;13.666666666666666;6;6;13.333333333333334
1;22;17;9500;1;130.8;7;7;14.842857142857142;8;8;15.055555555555555
1;33;39;8014;0;117.0;6;6;12.0;6;6;11.666666666666666
1;20;1;9853;0;110.2;6;5;12.2;6;5;12.2
1;35;39;9991;0;155.7;1;0;0.0;5;0;0.0
1;24;39;9003;0;180.4;12;6;12.166666666666666;12;10;13.3
1;18;17;9254;0;125.5;5;5;12.0;5;3;11.333333333333334
0;33;39;8014;0;110.0;6;6;11.0;6;5;11.0
0;22;42;9500;1;161.0;8;7;13.08;8;7;13.08
0;25;39;9670;1;100.0;5;4;10.5;5;5;11.6
1;20;17;9070;0;117.6;6;6;10.666666666666666;6;5;11.2
1;23;1;9147;0;128.7;5;4;14.0;5;5;13.8
1;18;43;9119;0;112.2;5;2;10.0;5;0;0.0
1;24;39;9500;0;100.8;7;0;0.0;7;0;0.0
0;21;17;9773;0;105.0;6;6;14.0;6;6;13.5
0;26;15;9130;0;100.0;6;2;12.0;6;0;0.0
0;39;39;9853;0;115.5;6;3;12.666666666666666;6;0;0.0
0;44;39;8014;0;114.0;8;8;11.875;6;6;12.333333333333334
1;19;15;9119;0;137.0;5;5;14.0;5;3;13.25
0;18;1;9773;0;124.9;6;6;13.666666666666666;6;6;13.333333333333334
0;18;1;9500;1;120.3;7;7;13.75;8;8;14.47777777777778
0;19;1;9085;0;134.3;5;5;14.2;5;5;13.8
0;19;1;9500;0;111.5;7;4;11.96;7;0;0.0
0;21;53;9085;0;128.8;10;8;12.875;9;5;13.4
0;20;1;171;0;110.0;0;0;0.0;0;0;0.0
0;36;39;8014;0;113.5;6;0;0.0;6;0;0.0
0;43;39;9003;0;160.0;18;18;14.63157894736842;13;13;14.23076923076923
0;19;18;9853;0;117.4;6;0;0.0;6;0;0.0
0;20;51;9070;0;122.2;10;10;13.0;11;11;12.272727272727272
0;19;1;9238;0;118.2;6;0;0.0;6;0;0.0
0;20;1;9085;0;106.7;6;4;14.2;6;4;13.25
0;20;1;9500;0;108.2;7;6;13.266666666666666;7;5;12.3
0;20;17;9853;0;107.0;7;6;11.666666666666666;7;3;13.0
0;18;1;9238;0;136.1;6;6;13.857142857142858;6;6;15.0
0;18;17;9147;1;115.3;5;3;13.0;5;3;11.0
0;19;1;9085;0;139.8;5;5;13.4;5;5;12.8
0;18;1;9773;0;157.0;6;6;12.666666666666666;6;6;12.571428571428571
0;18;17;9500;0;131.0;7;6;12.516666666666666;7;6;12.516666666666666
0;20;43;9500;0;100.0;7;6;11.616666666666667;7;7;13.0
0;20;17;9238;1;140.4;6;2;10.0;6;4;10.75
0;20;17;9147;0;113.4;5;3;10.333333333333334;5;3;10.666666666666666
0;18;1;9085;0;137.0;5;5;13.142857142857142;5;5;11.4
0;18;1;9147;0;121.8;5;5;12.6;5;5;14.0
0;21;17;9254;0;131.0;6;3;11.0;6;2;11.0
0;19;1;9147;0;118.6;5;5;10.8;5;4;11.25
0;19;1;171;0;122.3;0;0;0.0;0;0;0.0
0;19;1;9670;1;127.9;5;5;12.8;5;5;14.2
0;19;1;9085;0;121.3;6;6;14.166666666666666;6;6;12.2
0;19;17;9556;0;117.1;7;5;12.1;7;0;0.0
0;20;44;9085;0;160.0;6;6;14.166666666666666;6;5;13.77777777777778
0;18;1;9853;1;145.3;6;5;12.8;6;5;13.4
0;18;17;9238;0;122.6;6;6;13.0;6;6;13.666666666666666
0;19;17;9500;0;128.0;7;7;13.467142857142855;8;8;15.011111111111113
0;18;1;9500;1;124.9;7;7;13.2375;8;7;13.742857142857144
0;18;17;9070;0;123.7;6;6;12.333333333333334;6;6;13.0
0;19;1;9147;0;120.1;5;5;12.4;5;5;14.6
0;19;17;9500;0;131.7;7;5;14.0;7;0;0.0
0;20;43;9238;0;133.2;9;9;11.666666666666666;7;7;11.714285714285714
0;19;1;9670;1;109.3;6;5;12.0;6;4;12.5
0;20;17;9670;0;113.0;5;4;12.2;5;4;11.5
0;18;1;9773;1;157.9;6;6;14.833333333333334;6;6;14.833333333333334
0;20;1;9500;1;112.1;7;5;13.188;8;7;12.892857142857142
0;18;18;9500;0;174.7;7;7;17.125;8;8;17.5875
0;19;1;9500;0;128.8;7;6;12.666666666666666;7;6;12.666666666666666
0;19;1;9773;1;110.1;6;6;12.666666666666666;6;5;12.0
0;22;51;9147;0;99.7;5;0;0.0;5;0;0.0
0;19;1;9238;1;121.0;6;6;11.333333333333334;6;6;11.5
0;19;1;9500;1;131.7;7;7;13.605;8;8;12.33125
0;19;17;9853;1;119.1;6;5;12.0;6;5;10.8
0;19;1;9254;0;124.7;5;0;0.0;5;0;0.0
0;20;17;9254;0;117.2;6;5;11.2;6;3;11.666666666666666
0;18;1;9147;0;128.8;5;5;13.375;5;5;14.166666666666666
0;20;1;9500;1;131.5;7;6;13.863333333333337;8;7;14.178571428571429
0;18;1;171;0;121.7;0;0;0.0;0;0;0.0
0;19;1;9085;0;123.4;5;5;12.4;5;5;13.4
0;18;17;9853;0;124.7;6;3;12.333333333333334;6;5;10.833333333333334
0;18;1;9853;0;132.8;6;6;13.333333333333334;6;5;11.8
0;21;43;9853;0;108.7;6;3;12.666666666666666;6;3;10.0
0;19;1;9853;0;138.1;6;6;12.0;6;4;11.5
0;18;1;9147;1;126.5;5;5;10.6;5;5;11.8
0;18;17;9238;1;127.4;6;6;12.25;6;6;11.857142857142858
0;20;1;9238;0;123.6;6;4;11.0;6;6;11.833333333333334
0;24;39;8014;1;122.0;6;5;11.0;6;5;12.6
0;19;1;9670;0;118.2;6;6;13.166666666666666;6;6;13.0
0;18;1;9500;1;123.9;7;7;12.855555555555554;8;7;12.761111111111113
0;18;1;9500;0;125.8;7;7;14.91875;8;8;15.355
0;21;17;9853;0;123.3;6;4;11.5;6;3;11.0
0;19;17;9670;0;124.4;5;5;14.2;5;5;14.2
0;19;17;9773;1;126.0;6;6;12.5;6;6;13.0
0;47;39;9003;0;170.0;1;0;0.0;6;0;0.0
0;19;17;9238;0;121.5;6;5;11.666666666666666;6;4;11.0
0;29;39;9500;0;130.0;8;7;14.257142857142856;8;7;14.257142857142856
0;21;43;9238;0;117.0;6;3;12.0;6;2;11.333333333333334
0;28;39;9085;0;130.0;5;4;11.25;5;4;10.5
0;20;17;9556;0;108.0;7;7;12.457142857142856;8;8;13.5625
0;19;17;9500;0;132.3;7;6;11.683333333333332;7;6;11.683333333333332
0;26;42;8014;0;148.0;6;3;11.666666666666666;6;5;12.0
0;20;17;9254;0;122.6;6;4;11.75;6;6;13.166666666666666
0;18;1;9670;1;123.0;5;3;11.666666666666666;5;4;13.5
0;27;39;9853;0;102.5;6;5;13.2;6;5;12.0
0;20;1;9500;0;113.3;7;4;11.95;7;4;11.95
0;18;1;9853;0;133.0;6;5;12.4;6;5;10.4
0;33;7;9500;0;140.0;7;6;14.35;8;6;14.583333333333334
0;35;43;9853;0;128.3;21;21;12.61904761904762;19;19;12.789473684210526
0;26;44;9991;1;140.0;6;6;12.666666666666666;6;6;13.166666666666666
0;27;39;9773;0;104.0;6;5;12.0;6;0;0.0
0;19;18;9070;0;122.3;6;6;12.166666666666666;6;0;0.0
0;20;17;9254;0;135.0;6;0;0.0;6;0;0.0
0;20;18;9147;0;119.1;5;3;10.0;5;3;10.571428571428571
0;21;43;9238;0;126.6;10;8;11.5;6;4;10.0
0;18;17;9500;1;129.0;7;6;13.05;7;6;13.05
0;24;39;9085;0;162.3;6;2;11.0;6;0;0.0
0;20;17;9070;0;163.4;6;6;11.5;6;6;12.0
0;21;1;9254;1;121.5;6;6;12.0;6;6;12.5
0;23;1;8014;0;122.8;6;2;10.0;5;1;10.0
0;24;39;9147;0;118.0;5;0;0.0;5;0;0.0
0;21;51;9853;0;134.0;6;0;0.0;6;0;0.0
0;18;1;9500;0;129.8;8;7;12.242857142857144;8;7;12.242857142857144
0;27;39;9991;0;152.0;5;0;0.0;5;0;0.0
0;18;18;9500;0;122.8;8;8;12.93375;8;8;12.93375
0;35;7;9119;0;150.0;5;0;0.0;5;0;0.0
0;18;1;9853;0;131.8;7;7;12.571428571428571;7;7;14.428571428571429
0;35;39;9500;0;105.9;3;3;11.816666666666668;3;3;11.333333333333334
0;19;1;9085;0;132.1;5;4;13.75;5;4;14.333333333333334
0;20;1;9238;0;127.4;6;6;11.166666666666666;6;6;11.333333333333334
0;18;1;9500;0;129.5;8;7;12.324285714285711;8;7;12.324285714285711
0;21;44;9238;0;126.7;6;6;12.166666666666666;6;6;11.714285714285714
0;18;17;9238;1;116.5;6;5;11.142857142857142;6;4;11.25
0;18;1;9238;0;119.1;6;4;11.0;6;4;10.75
0;18;1;9500;0;126.5;8;7;12.914285714285713;8;7;12.914285714285713
0;18;1;9773;1;149.8;6;6;13.833333333333334;6;6;14.166666666666666
0;19;1;9085;0;115.1;6;6;13.857142857142858;6;5;13.4
0;36;39;9254;1;124.5;6;6;13.714285714285714;6;5;12.8
0;18;1;9500;1;128.3;8;7;12.642857142857142;8;7;12.642857142857142
0;18;1;9500;1;136.0;7;6;12.916666666666666;7;6;12.916666666666666
0;20;43;9130;1;140.0;6;6;15.625;6;6;15.857142857142858
0;26;39;9991;1;126.3;5;0;0.0;5;0;0.0
0;21;43;9773;0;126.9;6;6;11.714285714285714;6;6;12.0
0;25;39;9556;0;145.0;7;6;12.125;8;8;13.3125
0;19;18;9147;1;115.8;5;5;11.6;5;5;11.6
0;24;39;8014;0;100.0;6;1;10.0;6;0;0.0
0;27;39;8014;1;102.5;6;1;10.0;6;0;0.0
0;21;17;9085;0;131.5;5;0;0.0;5;2;13.5
0;18;1;9147;1;147.0;5;4;13.0;5;3;12.333333333333334
0;19;1;9853;1;122.5;6;6;13.333333333333334;6;6;14.5
0;18;1;9254;0;117.5;6;4;11.25;6;2;12.5
0;19;51;9500;1;150.0;7;5;13.85;8;7;12.19285714285714
0;19;18;9500;1;127.5;7;6;13.741666666666667;8;7;14.9125
0;33;7;9991;0;140.0;6;6;15.333333333333334;5;5;15.8
0;45;7;9147;0;130.0;5;5;11.0;5;5;13.8
0;20;1;9238;1;133.3;6;6;12.0;6;6;12.857142857142858
0;28;39;9670;0;97.0;5;0;0.0;5;0;0.0
0;19;43;9500;1;112.0;8;7;11.571428571428571;8;7;11.571428571428571
0;18;1;9254;0;123.6;6;6;12.857142857142858;6;3;12.666666666666666
0;38;39;9254;0;130.5;6;0;0.0;6;0;0.0
0;19;1;9670;0;133.3;5;5;13.0;5;5;13.2
0;21;1;9254;1;132.1;6;5;11.0;6;5;12.0
0;21;1;9147;0;100.0;5;3;12.0;5;1;15.0
0;22;1;9238;1;140.4;6;5;12.6;6;6;13.0
0;18;1;9853;1;141.7;6;5;13.4;6;6;13.166666666666666
0;18;17;9238;1;119.7;6;6;11.333333333333334;6;6;11.571428571428571
0;25;1;9130;0;122.5;5;4;13.5;5;4;14.25
0;24;39;9085;0;140.0;6;3;11.75;6;3;10.333333333333334
0;19;1;9500;0;119.4;7;6;12.471428571428572;7;7;11.4625
0;24;16;171;0;155.0;17;11;12.909090909090908;13;9;13.555555555555555
0;20;1;9147;1;119.1;5;5;11.6;5;5;13.6
0;25;39;9147;0;122.7;5;0;0.0;5;0;0.0
0;20;1;9147;1;117.9;10;9;12.9;10;10;12.363636363636363
0;23;7;9500;0;130.0;8;8;13.22;8;8;13.22
0;19;17;9500;1;120.0;8;7;13.151428571428571;8;7;13.151428571428571
0;29;44;9003;0;130.0;6;3;12.75;6;3;11.333333333333334
0;21;1;9254;0;116.8;6;6;11.333333333333334;6;4;12.25
0;18;1;9670;1;123.4;6;6;13.25;6;5;14.142857142857142
0;19;1;9070;0;125.4;6;5;12.4;6;5;12.4
0;18;1;9773;1;127.2;6;6;15.0;6;6;12.833333333333334
0;19;1;9085;0;103.4;5;5;14.4;5;5;13.0
0;18;1;9773;0;123.2;6;1;11.0;6;0;0.0
0;18;17;9147;0;124.1;5;5;12.4;5;5;10.8
0;37;39;9556;1;99.5;7;1;16.0;7;0;0.0
0;29;17;9991;0;124.9;5;5;13.571428571428571;5;5;12.333333333333334
0;18;17;9070;0;110.8;6;6;11.833333333333334;6;6;12.5
0;19;1;9238;1;118.9;6;5;11.666666666666666;6;5;12.666666666666666
0;22;43;9238;0;118.8;10;6;11.833333333333334;7;2;13.0
0;20;1;9254;1;137.0;6;6;11.166666666666666;6;5;10.6
0;34;39;8014;0;100.0;6;0;0.0;6;0;0.0
0;30;43;9119;0;120.0;12;8;11.75;12;6;12.166666666666666
0;18;1;9238;0;122.8;6;6;14.0;6;6;14.0
0;18;1;9238;0;121.6;6;6;12.833333333333334;6;6;12.0
0;18;1;9773;0;149.2;6;4;12.25;6;3;11.666666666666666
0;18;17;9500;0;140.0;8;7;14.828571428571427;8;7;14.828571428571427
0;19;1;9773;1;133.4;6;5;11.4;6;5;12.8
0;19;1;9070;1;126.2;6;6;13.0;6;6;12.5
0;18;1;9500;1;127.8;8;7;13.671428571428573;8;7;13.671428571428573
0;21;44;9003;1;150.0;6;6;12.666666666666666;6;5;12.8
0;20;1;9147;0;113.7;5;2;10.0;5;1;13.0
0;20;17;9147;0;117.8;5;5;13.5;5;5;12.333333333333334
0;19;1;9500;0;136.7;7;7;12.67;8;8;13.55
0;20;1;9238;0;144.7;6;6;14.5;6;6;15.428571428571429
0;18;17;9500;0;139.8;7;7;13.685714285714283;8;8;15.3875
0;20;42;9853;0;113.7;6;5;11.0;6;3;10.666666666666666
0;29;7;9130;0;140.0;9;7;11.555555555555555;7;5;13.2
0;18;1;9500;1;142.3;7;7;13.79714285714286;8;8;13.775
0;20;1;9500;1;119.6;7;7;14.00375;8;7;13.812857142857142
0;22;16;9147;1;123.7;5;4;12.0;5;4;11.4
0;47;1;8014;1;143.0;6;5;14.166666666666666;6;6;14.166666666666666
0;31;51;9991;0;100.1;5;5;14.0;5;5;13.8
0;21;1;9070;1;119.4;6;5;13.8;6;6;12.833333333333334
0;21;1;8014;0;122.1;6;5;12.8;6;6;11.857142857142858
0;24;39;9773;0;100.0;6;6;12.166666666666666;6;6;13.833333333333334
0;18;17;9070;0;113.9;6;6;12.5;6;6;12.333333333333334
0;32;39;8014;0;101.0;6;4;12.0;6;4;11.5
0;19;18;8014;1;111.8;6;6;10.833333333333334;6;6;11.5
0;24;39;9500;0;140.0;8;8;13.385;8;8;13.385
0;19;17;9085;0;124.4;6;6;15.666666666666666;6;6;14.5
0;19;44;9003;1;150.0;6;6;14.333333333333334;6;6;13.833333333333334
0;24;44;9003;0;140.0;6;6;11.428571428571429;6;5;13.0
0;18;17;9238;1;116.0;6;6;11.666666666666666;6;6;11.666666666666666
0;19;1;9070;1;135.6;6;5;12.0;6;2;11.333333333333334
0;19;1;9500;1;121.0;8;7;14.725714285714288;8;7;14.725714285714288
0;18;17;9773;1;118.7;6;6;14.166666666666666;6;6;13.666666666666666
0;18;1;9238;0;125.7;6;6;11.571428571428571;6;6;12.333333333333334
0;20;17;9556;0;107.1;7;7;12.5;8;8;13.1375
0;18;1;9500;0;125.5;8;8;12.86;8;8;12.86
0;18;17;9670;0;127.0;6;6;12.25;6;6;13.714285714285714
0;21;1;9085;1;113.5;5;4;12.0;5;5;12.2
0;18;1;9500;1;154.4;7;7;15.116666666666667;8;8;16.168888888888887
0;18;51;9670;0;122.0;5;2;12.5;5;4;10.25
0;19;17;9238;0;128.0;6;0;0.0;6;0;0.0
0;19;1;9670;0;115.5;6;4;11.0;6;4;11.0
0;18;17;9670;0;117.2;6;6;11.875;6;4;14.6
0;34;39;9130;0;150.0;5;1;11.0;5;0;0.0
0;19;1;9085;0;155.3;5;5;15.2;5;5;13.2
0;19;44;9130;0;120.0;6;5;11.6;6;2;11.0
0;26;51;9238;0;116.1;6;6;14.833333333333334;6;6;15.142857142857142
0;21;17;9853;0;118.9;6;3;11.333333333333334;6;3;11.333333333333334
0;18;17;9147;1;127.3;5;5;11.2;5;5;11.8
0;20;17;9853;1;113.7;6;5;13.4;6;5;13.666666666666666
0;25;51;9147;0;118.5;5;2;10.5;5;0;0.0
0;18;1;9147;0;146.7;5;5;16.2;5;5;16.4
0;18;1;9500;1;124.3;7;7;14.542857142857144;8;8;14.88181818181818
0;19;1;9500;0;137.8;7;7;13.694285714285714;8;8;14.355555555555554
0;18;1;9238;1;130.2;6;6;11.285714285714286;6;6;11.857142857142858
0;20;17;9500;0;147.8;7;6;11.757142857142856;8;6;13.083333333333334
0;26;7;9085;0;150.0;3;0;0.0;6;0;0.0
0;19;42;9500;1;100.0;8;7;13.058571428571428;8;7;13.058571428571428
0;19;1;9500;0;155.6;7;7;14.3;8;8;14.055555555555555
0;19;43;9147;0;117.4;10;5;11.8;10;8;12.0
0;19;5;9085;0;128.8;5;3;10.333333333333334;5;3;13.0
0;18;1;9254;0;117.5;6;6;10.571428571428571;6;3;11.666666666666666
0;19;43;9500;0;120.4;7;6;13.333333333333334;7;6;13.333333333333334
0;18;1;9238;0;130.9;6;6;11.857142857142858;6;5;11.0
0;18;1;9853;0;125.0;6;5;12.6;6;5;11.4
0;18;1;9085;0;136.8;5;5;14.0;5;5;11.6
0;18;1;9853;0;121.6;7;5;12.0;7;6;12.666666666666666
0;26;44;9119;0;151.0;5;0;0.0;5;0;0.0
0;20;1;9238;0;103.5;6;6;12.0;6;6;13.0
0;19;1;8014;0;119.4;6;6;12.666666666666666;6;6;11.666666666666666
0;18;1;9238;1;134.4;6;6;12.166666666666666;6;6;13.666666666666666
0;19;44;9238;0;143.0;6;6;13.333333333333334;6;6;14.666666666666666
0;40;7;9853;0;110.0;7;7;15.0;7;7;14.571428571428571
0;18;1;9500;1;132.5;8;8;13.39125;8;8;13.39125
0;19;17;9238;0;114.7;6;5;12.166666666666666;6;6;12.428571428571429
0;18;17;9130;0;166.9;5;4;11.25;5;4;12.5
0;19;1;9085;0;125.9;5;4;12.0;5;3;12.0
0;18;1;171;0;178.3;0;0;0.0;0;0;0.0
0;33;39;8014;0;117.0;6;6;12.833333333333334;6;6;12.857142857142858
0;35;39;9003;0;150.0;6;6;14.0;6;6;13.1
0;26;42;9147;0;130.0;5;4;13.0;5;2;12.0
0;18;1;9773;0;135.1;6;6;13.5;6;6;12.5
0;36;43;9238;0;110.0;16;13;10.692307692307692;13;9;12.307692307692308
0;39;39;9991;0;136.2;5;5;11.0;5;5;11.666666666666666
0;44;39;9238;0;116.0;6;6;13.0;6;6;13.833333333333334
0;20;1;8014;0;100.0;6;5;12.0;6;4;11.25
0;24;1;9254;0;116.3;6;4;12.6;6;4;11.5
0;20;43;9773;1;134.0;6;6;13.666666666666666;6;6;13.333333333333334
0;19;1;171;0;124.2;0;0;0.0;0;0;0.0
0;18;1;9500;1;134.5;7;6;14.2;7;6;14.2
0;22;1;9254;0;120.7;6;5;11.0;6;0;0.0
0;18;17;9085;0;127.1;6;6;15.0;6;6;16.428571428571427
0;24;39;9500;0;133.0;7;6;12.585714285714284;8;7;13.44285714285714
0;33;39;9991;0;128.2;5;0;0.0;5;0;0.0
0;30;39;9003;1;130.0;6;0;0.0;6;0;0.0
0;26;39;9085;0;172.0;6;0;0.0;6;0;0.0
0;18;17;9853;0;128.5;6;6;11.666666666666666;6;6;11.833333333333334
0;19;1;9773;0;128.5;6;3;12.666666666666666;6;2;10.0
0;20;17;9147;0;112.0;5;3;10.333333333333334;5;4;11.0
0;22;53;9085;1;142.5;11;8;13.5;9;7;13.714285714285714
0;19;1;9500;0;133.0;7;5;13.98;7;5;13.98
0;21;1;9085;1;106.0;6;6;16.153846153846153;6;6;15.75
0;21;1;9500;1;125.5;7;6;14.033333333333331;7;6;14.033333333333331
0;19;17;9085;0;131.2;5;1;11.0;5;5;11.2
0;19;1;9853;1;112.9;7;7;13.857142857142858;7;6;13.666666666666666
0;18;1;9500;0;124.8;8;7;13.414285714285716;8;7;13.414285714285716
0;50;43;8014;0;140.9;11;11;13.545454545454543;7;7;13.571428571428571
0;31;39;9991;1;148.0;5;4;11.25;5;4;10.833333333333334
0;19;17;9773;1;148.4;6;6;13.833333333333334;6;6;14.428571428571429
0;35;39;9991;0;129.7;5;5;12.0;5;5;12.857142857142858
0;31;39;9085;0;128.2;6;0;0.0;6;0;0.0
0;42;51;8014;0;104.0;11;10;11.9;11;10;12.8
0;34;18;9147;0;119.9;5;0;0.0;5;0;0.0
0;18;1;9500;1;141.0;7;7;15.135714285714286;8;8;15.287499999999998
0;18;17;9853;1;116.6;7;7;12.285714285714286;7;6;13.333333333333334
0;21;44;9085;0;140.0;6;5;12.666666666666666;6;2;13.5
0;26;39;9500;1;140.0;7;5;12.74;8;6;10.978571428571428
0;20;43;9500;0;100.0;7;6;13.25;8;8;13.75
0;19;1;9238;0;121.0;6;3;10.333333333333334;6;3;10.333333333333334
0;19;1;9853;1;117.0;6;6;13.428571428571429;6;6;13.166666666666666
0;20;53;9147;0;140.2;11;9;12.555555555555555;9;8;11.11111111111111
0;19;1;9238;0;129.3;6;6;11.5;6;6;11.166666666666666
0;18;1;9853;0;145.3;6;6;13.666666666666666;6;6;12.333333333333334
0;28;39;9991;0;146.2;14;11;11.272727272727272;11;10;12.0
0;22;17;9853;0;122.5;6;5;13.166666666666666;6;5;12.4
0;21;44;8014;1;156.1;6;6;14.666666666666666;6;6;14.166666666666666
0;21;44;9085;0;140.0;6;4;12.75;6;1;11.0
0;26;39;9500;0;140.0;7;5;11.2;8;5;12.14
0;18;1;9773;0;128.4;6;5;13.0;6;5;11.4
0;20;17;9085;0;115.0;5;2;10.5;5;2;12.333333333333334
0;18;17;9085;0;158.7;6;6;14.857142857142858;6;6;14.0
0;19;1;9500;1;124.5;8;7;12.86;8;7;12.86
0;20;51;9238;0;111.9;11;11;11.727272727272728;11;11;12.0
0;22;44;9085;1;150.0;6;6;13.142857142857142;6;3;12.0
0;18;17;9670;0;114.2;6;5;11.8;6;4;13.714285714285714
0;19;17;9147;0;96.0;5;3;10.666666666666666;5;0;0.0
0;18;17;9070;1;128.9;6;5;11.6;6;4;11.2
0;20;17;9254;0;121.7;6;3;10.333333333333334;6;3;10.333333333333334
0;19;1;9773;0;114.8;6;4;12.25;6;3;11.0
0;19;1;9254;0;127.0;6;6;12.0;6;4;12.75
0;19;17;9500;0;131.3;8;7;14.731428571428571;8;7;14.731428571428571
0;18;1;171;0;137.1;0;0;0.0;0;0;0.0
0;21;7;9070;0;120.0;13;13;13.615384615384617;12;12;14.25
0;27;39;9991;0;139.0;5;5;15.8;5;5;14.8
0;19;17;9238;0;129.1;6;6;14.666666666666666;6;6;14.571428571428571
0;25;39;9085;0;128.2;5;0;0.0;5;0;0.0
0;18;1;9500;1;120.8;8;7;14.654285714285717;8;7;14.654285714285717
0;24;39;9500;0;135.8;8;7;12.401428571428571;8;7;12.401428571428571
0;20;1;9500;0;118.9;7;7;11.5875;8;7;14.071428571428571
0;26;7;9991;0;140.0;5;5;14.0;5;5;15.6
0;20;1;9238;1;127.1;6;6;12.333333333333334;6;6;11.833333333333334
0;18;1;9085;0;137.0;5;5;14.0;5;5;15.4
0;19;1;9085;0;127.4;6;6;15.23076923076923;6;6;12.375
0;23;1;9853;0;97.0;6;5;11.6;6;3;11.0
0;18;1;9500;1;126.3;7;6;11.6;7;6;11.6
0;18;1;9500;0;127.5;7;0;0.0;8;0;0.0
0;19;1;9500;1;126.6;7;7;12.901428571428571;8;8;13.094444444444443
0;30;42;9991;0;120.0;7;7;14.142857142857142;5;5;14.8
0;29;44;9085;0;140.0;6;0;0.0;6;0;0.0
0;19;1;9500;0;131.5;8;8;13.25375;8;8;13.25375
0;20;17;9556;0;112.2;7;7;13.785714285714286;8;8;14.1
0;20;1;9500;0;150.5;7;6;13.916666666666666;7;6;13.916666666666666
0;19;1;9670;0;121.0;6;6;13.5;6;6;13.571428571428571
0;20;17;9147;0;112.2;5;3;11.333333333333334;5;2;10.666666666666666
0;21;1;9085;0;129.4;5;0;0.0;5;0;0.0
0;19;17;9670;0;114.4;6;5;11.5;6;4;14.6
0;18;1;9500;1;120.3;8;7;12.082857142857142;8;7;12.082857142857142
0;27;39;8014;1;120.0;6;6;11.833333333333334;6;5;12.8
0;19;17;9147;1;114.5;5;5;13.4;5;5;12.4
0;19;1;9500;1;127.8;7;0;0.0;7;0;0.0
0;19;1;9773;0;124.6;6;5;14.2;6;6;14.571428571428571
0;18;1;9500;1;130.3;8;7;13.814285714285717;8;7;13.814285714285717
0;20;17;9254;1;118.2;6;4;11.25;6;6;10.5
0;18;1;9670;1;118.8;6;6;14.5;6;6;13.666666666666666
0;19;1;9670;0;133.0;6;0;0.0;6;0;0.0
0;36;39;9500;0;129.0;7;6;11.3;7;6;11.3
0;18;43;9556;0;100.0;2;0;0.0;4;1;16.0
0;18;43;9130;0;120.7;5;1;12.0;5;3;12.0
0;19;17;9500;0;132.5;8;7;12.3;8;7;12.3
0;18;1;9500;1;120.3;8;7;12.694285714285714;8;7;12.694285714285714
0;18;17;9670;0;114.6;5;4;11.0;5;4;11.0
0;19;1;9238;1;116.5;6;6;13.0;6;6;14.166666666666666
0;19;1;9500;1;127.8;7;7;14.4125;8;8;16.05
0;18;1;9500;0;129.9;7;7;12.92875;8;8;14.0625
0;20;1;9773;0;118.9;6;6;13.333333333333334;6;5;12.8
0;20;1;9254;1;114.3;6;5;12.8;6;5;12.8
0;20;18;9500;0;114.8;8;7;14.402857142857142;8;7;14.402857142857142
0;18;1;9500;1;123.0;8;7;13.381428571428572;8;7;13.381428571428572
0;18;1;9500;0;122.1;7;7;14.13125;8;8;13.98375
0;19;17;9085;0;123.7;5;5;11.714285714285714;5;5;12.6
0;19;1;9147;0;132.4;5;5;11.8;5;4;11.25
0;44;39;8014;0;114.8;6;6;11.166666666666666;6;2;11.0
0;32;7;9003;0;130.0;6;0;0.0;6;0;0.0
0;22;43;9853;0;122.3;6;5;13.6;6;5;12.0
0;36;39;9003;0;152.4;12;12;13.846153846153848;12;11;14.090909090909092
0;18;17;9773;1;120.1;6;6;12.5;6;6;13.333333333333334
0;20;1;9130;0;155.1;5;5;16.4;5;5;14.6
0;20;51;9070;1;124.5;11;11;13.818181818181818;11;11;13.454545454545457
0;19;17;9238;0;126.9;6;5;10.6;6;4;10.5
0;24;39;9147;0;153.2;5;5;10.2;5;5;12.2
0;20;17;9238;0;129.8;6;5;10.6;6;4;10.4
0;27;43;8014;0;135.0;10;9;11.444444444444445;11;5;10.8
0;20;1;9853;0;131.3;6;5;14.333333333333334;8;8;12.625
0;23;43;9238;1;125.2;16;16;13.0;13;13;13.266666666666667
0;18;1;9500;1;141.3;8;8;13.31;8;8;13.31
0;18;17;9238;1;117.1;6;5;10.571428571428571;6;5;12.2
0;20;17;9500;1;126.5;8;7;13.487142857142857;8;7;13.487142857142857
0;20;1;9254;1;120.1;6;6;12.333333333333334;6;6;11.833333333333334
0;23;1;9670;0;128.4;6;6;11.875;6;5;12.833333333333334
0;20;1;9500;0;140.0;7;6;13.966666666666669;7;6;13.966666666666669
0;28;39;9254;0;110.0;5;0;0.0;5;0;0.0
0;21;1;9670;0;116.8;5;4;11.5;5;5;12.8
0;21;1;9556;0;104.5;2;2;12.5;7;0;0.0
0;28;7;9500;0;140.0;7;0;0.0;8;0;0.0
0;18;1;9500;0;113.2;7;6;11.98;8;7;13.225
0;21;17;9238;1;118.6;6;5;13.2;6;5;11.8
0;19;1;9500;0;123.8;7;6;11.614285714285714;8;8;14.0375
0;18;18;9500;1;126.7;8;7;14.314285714285717;8;7;14.314285714285717
0;19;1;9500;0;133.8;7;0;0.0;8;0;0.0
0;20;44;9085;0;140.0;6;6;12.666666666666666;6;2;13.0
0;20;1;9500;1;100.6;7;6;12.766666666666666;8;7;12.128571428571428
0;18;17;9853;1;132.7;6;6;12.666666666666666;6;5;12.2
0;20;43;9670;0;106.6;6;6;11.5;6;4;10.571428571428571
0;31;39;9670;0;140.4;6;5;11.4;6;4;11.75
0;19;17;9500;1;128.3;7;7;14.70625;8;8;14.4775
0;19;1;9500;1;118.6;7;6;11.814285714285717;8;7;13.542857142857144
0;23;1;9070;0;123.4;6;6;13.0;6;6;11.875
0;19;1;9670;0;124.0;6;6;14.857142857142858;6;6;13.333333333333334
0;20;1;9500;0;121.3;7;6;12.6;7;6;12.6
0;22;1;9085;0;101.0;6;5;13.333333333333334;6;4;11.4
0;18;1;9853;0;116.9;7;6;10.666666666666666;7;6;12.833333333333334
0;27;7;9130;0;130.0;5;2;11.5;5;1;11.0
0;29;39;9556;0;120.0;7;1;10.0;7;0;0.0
0;18;17;9254;0;130.4;6;5;11.8;6;5;12.2
0;18;17;9070;0;118.7;6;5;11.8;6;6;12.666666666666666
0;18;17;9500;0;131.5;8;8;12.77125;8;8;12.77125
0;20;17;9085;0;120.4;5;3;11.333333333333334;5;5;12.6
0;18;17;9254;0;129.1;6;6;12.666666666666666;6;5;14.6
0;18;1;9070;0;132.0;6;5;12.2;6;4;10.833333333333334
0;28;7;9085;0;130.0;5;1;12.0;4;0;0.0
0;18;1;9500;1;132.8;8;7;11.721428571428572;8;7;11.721428571428572
0;27;39;9500;0;143.7;7;4;14.0;7;3;12.525
0;26;39;33;0;152.8;7;7;14.75;7;5;13.8
0;18;1;9773;0;133.5;6;6;12.666666666666666;6;6;13.666666666666666
0;18;1;9130;0;146.2;5;4;13.0;5;5;14.0
0;21;1;9147;0;115.2;5;0;0.0;5;0;0.0
0;18;1;9070;0;120.7;6;4;10.75;6;0;0.0
0;32;39;8014;0;101.8;5;0;0.0;5;0;0.0
0;28;39;9670;0;100.0;5;4;12.5;5;4;11.75
0;40;39;9991;0;121.9;4;0;0.0;5;0;0.0
0;39;18;8014;0;120.4;5;0;0.0;4;0;0.0
0;39;18;9238;0;120.4;6;0;0.0;6;0;0.0
0;50;39;9003;0;148.8;6;6;12.5;6;5;12.4
0;23;17;9853;0;123.0;6;5;12.8;6;3;11.666666666666666
0;48;39;8014;0;100.0;6;1;10.0;6;1;11.0
0;23;17;9853;0;112.1;6;4;11.25;6;5;10.2
0;18;1;9500;1;126.8;8;7;12.61;8;7;12.61
0;18;17;9130;0;115.9;5;2;12.0;5;5;12.6
0;20;15;9238;0;132.5;6;5;13.0;6;6;13.5
0;18;18;9085;1;132.2;5;4;12.0;5;5;13.0
0;18;1;9556;0;183.5;7;4;12.0;8;0;0.0
1;31;43;9119;0;136.0;5;1;12.0;5;1;11.0
1;24;39;9119;0;100.9;5;1;12.0;5;3;10.5
1;24;39;171;0;114.5;0;0;0.0;0;0;0.0
1;26;39;9147;0;110.3;5;0;0.0;5;0;0.0
1;18;1;9130;0;137.2;6;5;13.625;6;4;11.75
1;19;17;9147;1;116.9;5;3;11.666666666666666;5;3;11.666666666666666
1;22;17;9670;0;121.8;6;0;0.0;6;0;0.0
1;18;1;9500;0;127.3;8;7;11.69;8;7;11.69
1;20;44;9070;0;120.0;6;0;0.0;6;0;0.0
1;25;44;171;0;150.0;0;0;0.0;0;0;0.0
1;24;43;9991;0;100.0;5;4;11.5;5;5;11.285714285714286
1;27;39;9119;0;150.0;5;1;14.0;5;0;0.0
1;21;17;9254;0;116.9;6;5;11.0;6;5;12.4
1;21;44;9003;0;140.0;6;6;12.857142857142858;6;6;13.166666666666666
1;19;18;9773;0;122.1;6;4;12.5;6;6;11.333333333333334
1;28;39;9500;0;160.0;7;7;14.528571428571428;8;8;15.018181818181818
1;20;1;9147;0;118.4;5;5;10.0;5;2;12.0
1;21;44;9003;1;150.0;6;6;13.0;6;6;12.625
1;18;1;9500;1;144.9;7;7;15.957142857142856;8;8;15.188888888888888
1;18;17;9119;1;121.1;5;5;13.2;5;5;12.6
1;20;1;9147;0;121.8;5;4;10.2;5;3;11.0
1;25;39;9119;0;146.8;5;5;14.2;5;2;13.5
1;22;1;9670;0;138.0;6;6;12.625;6;2;14.5
1;18;1;9500;0;138.0;8;6;13.496666666666668;8;6;13.496666666666668
1;19;17;9147;0;116.3;5;5;13.25;5;5;11.0
1;19;1;9119;0;122.5;5;3;12.0;5;3;12.0
1;25;39;9773;0;115.0;6;4;13.0;6;4;13.75
1;21;43;9070;0;115.0;11;9;11.77777777777778;8;3;13.666666666666666
1;19;17;9119;0;119.8;5;2;11.0;6;0;0.0
1;20;17;9147;0;95.0;5;0;0.0;5;0;0.0
1;25;44;9003;0;150.0;14;14;12.428571428571429;9;6;10.857142857142858
1;20;17;9147;0;117.8;5;3;11.0;5;3;12.0
1;18;1;171;0;144.2;0;0;0.0;0;0;0.0
1;23;44;9254;0;130.0;6;3;11.5;6;3;10.666666666666666
1;23;42;9500;0;128.2;8;8;12.5075;8;8;12.5075
1;21;53;9003;0;135.3;12;11;12.090909090909092;12;11;12.0
1;20;1;9130;0;143.9;5;2;11.0;5;3;12.666666666666666
1;25;39;9991;0;140.7;5;1;10.0;5;2;11.333333333333334
1;18;1;9130;0;130.4;6;6;13.5;6;5;13.2
1;22;1;9070;0;123.2;6;6;14.166666666666666;6;6;13.625
1;27;39;9670;0;118.0;6;6;14.0;6;6;14.714285714285714
1;25;39;9003;0;120.0;3;0;0.0;3;0;0.0
1;18;17;9119;0;118.9;5;3;11.666666666666666;5;3;11.333333333333334
1;20;17;9085;0;117.2;5;5;14.6;5;5;14.2
1;27;39;9003;0;120.0;6;5;13.0;6;5;11.5
1;20;1;8014;0;118.1;6;6;12.166666666666666;6;6;12.0
1;22;1;9147;0;124.8;5;0;0.0;5;1;12.0
1;19;17;9119;0;106.5;5;3;10.5;5;3;10.8
1;20;1;9147;0;116.8;5;3;12.4;5;5;10.833333333333334
1;19;43;171;0;109.3;0;0;0.0;0;0;0.0
1;29;39;9085;0;120.0;5;0;0.0;5;0;0.0
1;19;1;9500;0;137.5;8;7;13.828571428571427;8;7;13.828571428571427
0;28;39;9991;1;150.0;5;5;10.6;5;5;10.2
0;20;1;9238;0;120.4;6;6;11.5;6;6;11.666666666666666
0;20;1;9070;0;136.7;6;4;13.5;6;6;13.625
0;31;39;8014;0;118.5;6;0;0.0;6;0;0.0
0;18;17;9500;0;133.0;7;7;12.5375;8;7;12.614285714285714
0;19;17;9670;0;128.8;6;6;14.833333333333334;6;6;13.285714285714286
0;18;1;9147;0;133.0;5;4;12.0;5;4;12.8
0;19;17;9254;0;102.0;6;5;11.8;6;5;11.6
0;18;1;9147;1;133.9;5;5;15.0;5;5;15.2
0;19;17;9085;0;127.0;5;3;12.0;5;5;13.2
0;18;17;9773;1;120.4;6;6;12.833333333333334;6;6;12.285714285714286
0;19;1;9254;0;124.5;6;6;11.666666666666666;6;3;12.0
0;19;1;9556;0;123.9;7;7;12.1625;8;8;13.825
0;18;1;9670;0;117.8;6;6;13.833333333333334;6;6;14.555555555555555
0;19;1;9500;0;126.7;7;4;12.45;7;5;11.7
0;20;44;9670;1;110.0;6;6;12.125;6;6;13.571428571428571
0;20;17;9670;0;134.7;6;5;13.4;6;4;13.0
0;20;17;9003;0;113.2;6;6;13.333333333333334;6;5;14.0
0;29;39;9991;0;141.0;15;11;11.454545454545457;13;11;11.545454545454543
0;20;17;9853;1;111.5;6;4;12.0;6;3;10.0
0;31;39;9853;0;140.0;7;6;12.666666666666666;7;5;12.6
0;20;17;9670;0;134.3;6;6;12.666666666666666;6;6;13.77777777777778
0;21;17;9003;0;125.3;18;18;11.88888888888889;13;13;11.461538461538462
0;23;7;9130;0;140.0;6;0;0.0;6;0;0.0
0;21;17;9070;0;119.6;6;4;13.0;6;4;11.6
0;24;7;9500;0;170.0;7;7;16.885714285714283;8;8;15.744444444444444
0;27;39;8014;0;150.5;6;6;12.5;6;6;12.333333333333334
0;18;1;9500;1;128.0;7;7;13.055555555555555;8;8;15.8125
0;21;1;171;0;108.7;0;0;0.0;0;0;0.0
0;19;17;9130;1;121.6;5;0;0.0;5;0;0.0
0;19;1;9500;1;125.3;8;7;12.355714285714283;8;7;12.355714285714283
0;18;17;9085;0;117.6;6;0;0.0;6;0;0.0
0;18;43;9500;1;124.3;7;5;11.98;7;5;11.98
0;20;1;9853;1;106.1;7;7;13.857142857142858;7;7;12.571428571428571
0;24;1;8014;0;139.9;6;5;13.0;6;6;14.166666666666666
0;20;1;9070;0;110.8;6;6;12.833333333333334;6;6;11.166666666666666
0;20;17;9147;0;118.0;5;4;11.0;5;5;13.2
0;19;1;9500;1;117.8;8;7;12.357142857142858;8;7;12.357142857142858
0;18;1;9500;1;127.5;8;7;13.857142857142858;8;7;13.857142857142858
0;20;17;9238;1;129.7;6;6;12.333333333333334;6;6;10.666666666666666
0;20;17;9500;0;130.6;7;7;12.847142857142858;8;8;13.788888888888888
0;19;17;9500;1;126.3;7;6;12.339999999999998;8;8;13.01875
0;19;44;9085;0;140.0;6;5;12.666666666666666;6;4;11.75
0;20;1;9773;0;105.0;6;6;13.833333333333334;6;6;12.5
0;19;17;9147;0;114.6;5;2;10.75;5;2;10.0
0;19;17;9853;0;114.6;6;4;13.25;6;4;10.25
0;18;17;9500;1;131.0;8;8;13.73125;8;8;13.73125
0;23;17;9070;1;109.0;6;6;13.333333333333334;6;3;12.666666666666666
0;21;1;9853;0;132.0;6;5;12.0;6;5;10.8
0;23;44;8014;0;130.0;9;9;10.88888888888889;8;6;11.333333333333334
0;19;1;9500;0;109.5;7;7;13.025;8;8;13.811111111111112
0;18;17;9773;0;115.9;6;6;13.0;6;6;14.166666666666666
0;19;1;9773;0;131.6;6;5;11.8;6;5;12.0
0;25;39;9500;1;120.0;8;7;12.042857142857144;8;7;12.042857142857144
0;19;1;9853;0;109.7;6;5;12.2;6;4;13.0
0;19;1;9500;1;136.4;7;7;12.8375;8;8;15.5
0;24;39;9556;1;120.0;7;7;11.0;8;7;11.7
0;18;1;9670;1;132.6;6;6;13.5;6;5;14.0
0;19;17;9238;1;112.9;6;6;12.125;6;6;12.714285714285714
0;18;1;9500;1;134.3;8;7;12.62857142857143;8;7;12.62857142857143
0;27;39;9991;0;123.2;5;3;10.666666666666666;5;4;11.4
0;19;17;9238;0;117.2;6;5;11.2;6;5;11.6
0;18;18;9773;1;129.8;6;6;12.666666666666666;6;6;11.833333333333334
0;34;39;9670;0;158.0;6;4;13.5;6;0;0.0
0;18;1;9147;0;116.5;5;3;11.666666666666666;5;2;11.0
0;18;1;9147;0;121.0;5;2;10.5;5;3;12.333333333333334
0;18;1;9500;0;133.8;8;8;14.26875;8;8;14.26875
0;20;1;9773;0;115.0;6;0;0.0;6;0;0.0
0;19;1;9147;1;131.8;5;2;10.5;5;3;13.333333333333334
0;21;1;9238;0;121.0;6;5;11.2;6;1;10.0
0;26;39;9991;0;152.4;5;5;12.0;5;5;14.833333333333334
0;27;43;9556;0;110.2;7;7;12.228571428571428;8;8;13.2125
0;20;1;9670;0;113.5;5;4;11.5;5;4;10.75
0;18;17;9238;0;144.4;6;6;15.375;6;6;16.428571428571427
0;23;53;9085;0;143.3;12;9;13.666666666666666;9;6;13.5
0;24;39;9500;0;100.0;8;7;12.614285714285714;8;7;12.614285714285714
0;19;44;9238;1;126.3;6;5;12.2;6;6;11.5
0;19;1;9773;0;115.9;6;4;11.75;6;4;11.0
0;19;1;9238;1;114.9;6;5;11.4;6;3;10.0
0;18;1;9238;0;121.0;6;5;10.6;6;2;10.0
0;22;51;8014;0;112.3;16;13;10.923076923076923;13;11;11.454545454545457
0;20;43;9070;0;127.0;6;5;12.4;6;5;12.4
0;25;39;9003;0;120.0;6;0;0.0;6;0;0.0
0;21;44;9003;0;180.0;6;6;15.833333333333334;6;6;15.5
0;19;1;9500;0;117.4;7;5;11.8;7;6;11.708333333333334
0;18;17;9773;0;115.8;6;6;12.571428571428571;6;6;13.666666666666666
0;18;1;9670;0;136.5;5;3;12.0;5;4;13.25
1;19;17;9500;0;129.0;7;7;13.3625;8;8;14.444444444444445
0;19;1;9085;1;137.6;5;5;15.4;5;5;16.0
0;18;17;9773;0;129.5;6;5;12.2;6;4;11.75
0;20;51;9238;1;129.1;11;11;12.818181818181818;11;11;13.545454545454543
0;19;17;9500;0;130.2;7;0;0.0;8;0;0.0
0;28;42;9500;0;134.3;17;17;13.394736842105264;17;17;13.554736842105264
0;20;1;9238;1;138.4;6;6;14.25;6;6;11.0
0;30;42;8014;0;120.0;11;9;13.444444444444445;7;7;14.714285714285714
0;19;1;9500;1;123.5;7;7;12.285714285714286;8;8;11.7375
0;22;1;9070;0;116.1;6;6;11.666666666666666;6;5;13.2
0;18;1;9254;0;110.8;6;6;12.166666666666666;6;6;13.5
0;23;17;9853;0;142.8;6;2;10.0;6;2;11.0
0;18;17;9070;0;155.5;6;6;14.0;6;6;15.0
0;18;1;9853;0;126.7;6;5;11.833333333333334;6;4;12.0
1;50;39;9773;0;163.5;6;1;15.0;5;0;0.0
0;19;1;171;1;161.9;0;0;0.0;0;0;0.0
0;22;17;9254;0;123.3;6;6;10.833333333333334;6;6;10.666666666666666
0;23;44;9238;1;137.5;6;6;13.142857142857142;6;6;14.0
0;20;18;9085;1;166.6;5;5;14.4;5;5;14.0
0;44;39;9238;0;103.5;6;0;0.0;6;0;0.0
1;49;39;9003;0;110.0;12;7;12.0;12;9;11.22222222222222
1;46;43;9991;0;128.2;10;9;12.2;10;10;12.8
1;41;39;9085;0;137.7;3;3;12.333333333333334;2;2;11.0
1;18;17;9500;0;128.8;7;7;11.8375;8;8;12.48125
1;43;39;9991;0;170.0;5;5;11.8;5;5;14.0
1;70;39;9147;0;116.4;5;0;0.0;5;0;0.0
1;48;39;9130;0;100.9;6;0;0.0;6;0;0.0
1;41;43;9003;0;136.0;19;19;12.68421052631579;13;13;12.384615384615383
1;21;1;9254;0;130.0;6;6;12.571428571428571;6;4;13.0
1;35;39;33;0;100.0;7;3;11.25;7;0;0.0
1;44;39;9130;0;157.0;5;4;14.0;5;4;15.5
1;18;1;9147;0;152.1;5;4;13.333333333333334;5;2;13.5
1;45;1;8014;0;162.9;6;6;13.666666666666666;6;6;13.666666666666666
1;20;1;9254;0;137.2;6;3;10.0;6;5;10.8
1;22;44;9003;0;140.0;6;5;12.6;6;6;11.714285714285714
1;39;43;9119;0;146.5;5;3;17.333333333333332;5;1;17.0
1;20;44;9085;0;130.0;6;5;13.2;6;3;12.0
1;49;39;9147;0;128.0;5;3;14.0;5;3;13.666666666666666
1;43;7;9556;0;190.0;4;4;13.875;1;1;12.5
1;32;39;9991;0;133.2;5;0;0.0;5;0;0.0
1;47;39;9238;0;124.3;9;9;13.11111111111111;7;7;14.857142857142858
1;37;39;9991;1;138.1;5;5;13.0;5;4;13.333333333333334
1;41;39;8014;0;144.3;10;10;12.5;7;7;12.142857142857142
1;60;39;9003;0;140.0;18;18;14.11111111111111;13;13;14.23076923076923
1;47;39;9254;0;148.3;11;11;14.727272727272728;9;9;15.77777777777778
1;50;39;8014;0;96.0;6;0;0.0;5;0;0.0
1;45;39;9991;0;121.7;5;0;0.0;5;0;0.0
1;45;39;9119;0;160.0;5;0;0.0;5;0;0.0
1;33;39;9085;0;110.3;5;4;13.5;5;5;11.6
1;18;1;9500;0;129.0;8;7;13.105714285714283;8;7;13.105714285714283
1;43;39;9085;0;150.0;5;5;13.5;5;5;14.4
1;44;43;8014;0;100.0;13;13;11.846153846153848;11;11;12.0
1;29;39;9130;0;107.5;5;0;0.0;5;0;0.0
1;53;39;9670;0;170.0;6;3;14.333333333333334;6;0;0.0
1;37;42;9991;0;123.0;5;5;15.8;5;5;17.6
1;18;43;9670;0;138.5;6;5;13.8;6;5;12.4
1;35;43;33;0;140.0;10;6;12.666666666666666;9;3;12.0
1;23;1;9254;0;113.6;6;6;13.0;6;6;12.0
1;22;1;171;0;170.0;0;0;0.0;0;0;0.0
1;33;39;8014;0;115.5;6;1;11.0;6;0;0.0
1;41;7;9130;0;130.0;5;0;0.0;5;0;0.0
1;51;7;9500;0;140.0;7;7;15.2;8;8;16.575
1;19;51;9670;0;126.6;6;6;14.428571428571429;7;7;14.375
1;35;39;9991;0;143.2;5;0;0.0;5;0;0.0
1;20;1;171;0;131.4;0;0;0.0;0;0;0.0
1;18;43;9670;0;133.3;6;4;13.75;6;5;11.2
1;18;1;9773;1;118.3;6;5;12.166666666666666;6;3;12.0
1;21;44;9003;0;140.0;6;5;12.142857142857142;6;5;11.666666666666666
1;21;1;9254;0;124.7;6;6;12.0;6;5;11.6
1;34;39;9147;0;140.0;5;3;11.666666666666666;5;4;12.75
1;34;39;9130;0;150.0;6;0;0.0;6;0;0.0
1;21;17;9670;0;115.6;6;6;11.875;6;5;12.0
1;32;43;9773;0;116.9;11;7;11.285714285714286;7;6;12.333333333333334
1;30;17;9254;0;123.4;6;2;10.0;6;3;11.333333333333334
1;19;1;171;0;146.5;12;11;12.0;11;10;11.181818181818182
1;20;51;9773;0;117.1;7;6;13.833333333333334;6;5;13.0
1;18;1;9070;0;113.9;6;0;0.0;6;0;0.0
1;19;1;9254;0;128.7;6;6;14.428571428571429;6;6;12.5
1;18;17;9500;0;132.9;7;5;14.2;7;6;12.4
1;27;39;9991;0;123.0;5;4;11.5;5;3;10.333333333333334
1;52;39;9773;0;129.8;6;5;13.0;6;6;15.0
1;29;43;9003;0;156.1;6;0;0.0;6;0;0.0
1;22;51;9003;0;120.0;6;3;11.333333333333334;6;2;11.0
1;28;43;9085;0;117.2;18;18;12.5;13;12;11.428571428571429
1;30;39;9670;0;107.0;5;0;0.0;5;0;0.0
0;18;1;9500;0;128.4;7;7;13.471428571428572;8;8;13.944444444444445
0;21;1;9670;0;123.4;5;4;11.75;5;3;13.333333333333334
0;20;1;9070;1;126.7;6;6;13.333333333333334;6;6;14.666666666666666
0;21;42;9500;1;123.0;8;8;13.105;8;8;13.105
0;32;39;9991;0;137.2;5;0;0.0;5;0;0.0
1;20;1;9070;1;125.9;6;6;15.5;6;6;12.166666666666666
1;19;1;171;0;138.0;0;0;0.0;0;0;0.0
1;18;15;9670;0;128.2;6;4;11.25;6;3;12.333333333333334
1;23;43;9991;0;126.5;15;12;11.0;14;11;11.363636363636363
1;20;1;9254;0;112.4;6;6;12.333333333333334;6;4;13.0
0;46;43;9147;0;109.0;9;8;11.375;5;5;11.8
1;27;17;9003;0;100.0;18;18;12.22222222222222;12;12;12.384615384615383
1;20;5;171;0;144.7;0;0;0.0;0;0;0.0
1;41;43;8014;0;120.0;9;9;12.0;7;6;12.0
1;40;15;9147;0;100.0;5;1;11.0;5;1;10.0
1;37;44;8014;0;154.0;16;16;14.125;11;10;13.0
1;20;1;9147;0;111.3;5;5;10.2;5;5;11.2
0;20;44;9130;0;150.0;5;4;12.0;5;4;12.4
0;26;7;9991;0;100.0;9;9;12.333333333333334;7;7;12.571428571428571
1;54;39;8014;0;162.5;9;9;14.333333333333334;7;7;13.857142857142858
1;21;17;9670;0;134.1;6;6;15.166666666666666;6;6;14.0
0;20;1;9085;1;133.0;6;6;15.142857142857142;6;6;15.142857142857142
0;18;17;9773;0;119.0;6;0;0.0;6;0;0.0
0;19;1;9500;0;131.1;7;6;13.411428571428573;8;7;13.294444444444444
0;18;1;9238;0;129.4;6;6;12.333333333333334;6;6;12.166666666666666
0;19;1;9085;0;123.9;6;4;11.8;6;4;12.2
0;22;44;9085;0;140.0;6;6;12.0;6;3;12.0
0;19;43;9085;0;162.0;6;6;15.0;6;6;15.625
0;21;1;171;0;131.6;12;8;13.875;11;9;12.7
0;20;17;9853;0;110.6;7;6;11.833333333333334;7;6;14.333333333333334
0;18;17;9773;1;117.4;6;6;12.5;6;6;13.833333333333334
0;18;17;9773;1;137.8;6;6;15.0;6;6;15.5
0;20;17;9670;0;106.7;6;2;11.666666666666666;6;4;10.5
0;18;1;9500;1;156.9;7;7;14.668;8;8;14.63375
0;18;1;9500;0;129.0;8;6;13.345;8;6;13.345
0;20;1;9773;1;124.8;6;5;12.8;6;6;12.333333333333334
0;19;1;9238;0;115.1;6;6;10.833333333333334;6;6;12.142857142857142
0;18;1;9070;0;146.7;6;6;13.666666666666666;6;5;14.0
0;18;1;9500;0;132.8;8;7;14.537142857142856;8;7;14.537142857142856
0;18;5;9085;1;159.1;5;5;14.4;5;5;14.0
0;20;17;171;1;137.6;0;0;0.0;0;0;0.0
0;19;17;9773;1;124.0;6;6;13.166666666666666;6;6;13.833333333333334
1;36;39;9500;0;149.0;6;2;11.5;7;0;0.0
0;19;17;9238;1;129.6;6;6;11.333333333333334;6;6;12.428571428571429
0;18;17;9238;0;110.0;6;6;12.0;6;5;13.6
0;18;1;9773;1;116.1;6;6;13.166666666666666;6;6;12.166666666666666
0;18;1;9773;1;133.3;6;6;14.833333333333334;6;6;14.166666666666666
0;19;44;9070;0;144.3;7;7;13.0;9;9;13.22222222222222
0;18;18;9500;0;133.6;7;7;13.087142857142856;8;8;12.95
0;19;1;9130;1;123.2;6;6;13.333333333333334;6;6;13.666666666666666
0;18;1;9853;0;137.2;6;6;12.166666666666666;6;4;12.75
0;22;53;9070;1;130.0;6;6;11.0;6;4;12.0
0;18;1;9238;0;110.0;6;0;0.0;6;0;0.0
0;19;17;9147;0;118.0;5;5;13.6;5;5;12.2
0;18;1;9773;0;128.4;6;6;15.5;6;6;14.0
0;19;1;9853;0;113.6;7;7;13.857142857142858;7;7;14.285714285714286
0;20;17;9147;0;113.5;5;2;11.5;5;3;10.0
0;18;17;9070;1;146.9;6;6;13.0;6;6;12.166666666666666
0;23;1;9130;0;141.3;6;6;14.0;6;4;13.0
0;20;1;9773;0;129.7;4;0;0.0;6;0;0.0
0;20;1;9070;0;121.3;6;6;11.166666666666666;6;6;11.5
0;22;1;9238;1;109.1;6;0;0.0;6;0;0.0
0;18;17;9853;1;107.1;7;7;12.142857142857142;7;6;13.666666666666666
0;18;17;9500;1;129.2;7;7;14.145714285714286;8;8;13.627777777777778
0;18;1;9500;0;154.1;7;7;14.45;8;8;14.144444444444444
0;18;1;9853;0;147.2;7;7;15.714285714285714;7;7;15.0
0;21;51;9147;0;120.0;5;5;12.8;5;3;12.666666666666666
0;20;17;9070;0;130.8;6;6;12.5;6;6;11.5
0;18;16;9070;0;120.8;6;6;14.5;6;6;12.833333333333334
0;20;17;9500;1;125.4;7;7;13.462857142857144;8;7;13.164285714285716
0;25;1;8014;0;121.3;6;6;12.833333333333334;6;6;12.833333333333334
0;18;1;9147;1;127.0;5;5;12.0;5;4;11.6
0;19;1;171;0;151.6;0;0;0.0;0;0;0.0
0;20;1;9085;0;131.6;7;6;14.714285714285714;7;6;13.2
0;20;1;9238;1;106.0;6;6;12.571428571428571;6;6;13.285714285714286
0;21;18;9773;1;111.6;6;6;12.5;6;6;11.5
0;18;17;9670;0;117.3;6;6;14.0;6;5;14.0
0;18;17;9853;0;121.4;7;7;11.571428571428571;7;6;13.166666666666666
0;18;1;9070;1;126.1;6;6;15.833333333333334;6;6;15.333333333333334
0;18;1;9500;0;137.0;8;8;14.25;8;8;14.25
0;19;43;9670;0;120.8;6;0;0.0;6;0;0.0
0;20;17;9254;0;128.7;6;6;11.666666666666666;6;6;11.0
0;47;39;9238;0;118.0;6;0;0.0;5;0;0.0
0;21;43;9130;0;120.0;5;5;13.2;5;2;12.5
1;31;39;9130;0;160.0;6;2;12.0;6;1;10.0
1;46;39;9119;0;150.0;5;0;0.0;5;0;0.0
1;18;1;9119;0;121.8;5;4;12.0;5;2;11.0
1;19;17;9119;0;125.4;5;3;13.333333333333334;5;4;10.75
1;23;51;9556;0;126.6;7;5;12.414285714285713;7;2;13.5
1;22;44;9130;0;150.0;5;0;0.0;5;0;0.0
1;19;1;9147;0;114.5;5;5;13.8;5;5;12.4
0;19;1;9147;0;107.0;5;0;0.0;5;0;0.0
1;22;17;9147;0;115.7;5;4;11.5;5;4;14.0
1;29;39;9130;0;120.0;5;0;0.0;5;0;0.0
0;18;1;9500;0;134.8;7;6;14.016666666666666;7;6;14.016666666666666
0;18;1;9238;0;133.6;6;5;11.4;6;5;10.8
0;23;1;171;1;129.0;0;0;0.0;0;0;0.0
0;34;39;9991;0;128.4;5;5;10.4;5;5;12.0
0;19;17;9147;0;122.2;5;3;10.666666666666666;5;4;10.25
0;18;1;9085;0;113.3;5;4;14.25;5;5;12.714285714285714
0;20;17;9500;1;129.9;7;7;13.914285714285713;8;8;14.10625
0;19;1;9500;0;126.2;7;7;13.761111111111113;8;7;12.82375
0;22;5;9853;0;112.6;6;5;12.6;6;4;11.25
0;23;1;9238;1;149.0;6;6;13.857142857142858;6;6;14.166666666666666
1;34;39;9500;1;120.0;8;7;13.842857142857143;8;7;13.842857142857143
1;18;17;9119;0;120.4;5;0;0.0;5;0;0.0
1;21;1;9773;0;128.1;6;5;11.8;6;0;0.0
1;22;1;9238;0;141.7;6;6;12.666666666666666;6;6;13.833333333333334
1;28;39;9003;0;130.0;6;0;0.0;6;0;0.0
1;23;5;9119;0;113.3;5;0;0.0;5;0;0.0
1;20;1;9773;0;105.9;6;4;10.75;6;2;10.0
1;18;18;9119;0;122.7;5;5;12.6;5;3;13.25
1;28;39;9147;0;120.0;5;0;0.0;5;0;0.0
1;21;44;9070;0;119.8;7;2;12.0;9;7;12.142857142857142
1;25;39;9670;0;122.9;6;3;14.0;6;2;14.5
1;19;44;9085;0;160.0;6;6;14.0;6;6;13.5
1;18;1;9500;1;125.2;7;7;14.682857142857143;8;8;15.055555555555555
1;29;39;9119;0;143.4;3;0;0.0;5;0;0.0
1;29;39;9119;1;96.7;5;0;0.0;5;0;0.0
1;20;18;9254;0;126.9;6;6;13.857142857142858;6;5;12.8
1;18;1;171;0;143.1;0;0;0.0;0;0;0.0
1;20;1;9254;0;114.5;6;6;13.142857142857142;6;6;12.5
1;33;39;9119;0;140.0;5;1;18.0;5;2;13.0
1;30;42;9991;0;113.7;15;13;11.461538461538462;11;10;11.583333333333334
1;21;1;9556;1;131.5;7;5;11.2;8;6;11.583333333333334
1;18;1;9003;0;143.5;6;5;15.0;6;4;14.5
1;19;1;9500;1;126.8;7;7;14.244444444444444;8;8;12.233333333333333
1;21;17;9070;1;115.2;6;4;11.5;6;5;11.0
1;25;39;9556;1;100.0;7;2;10.0;7;0;0.0
1;19;1;9670;0;121.4;5;3;12.333333333333334;5;5;11.6
1;23;44;9070;0;120.0;7;5;12.2;9;7;12.142857142857142
1;19;17;9070;1;129.9;6;6;13.666666666666666;6;5;13.2
1;19;1;171;0;151.1;0;0;0.0;0;0;0.0
1;31;39;9003;0;120.0;6;1;11.0;6;0;0.0
1;32;39;9003;0;130.0;6;3;13.0;10;6;11.428571428571429
0;19;16;9500;1;119.0;8;7;12.599999999999998;8;7;12.599999999999998
0;34;42;9773;0;122.0;10;10;12.2;10;9;12.333333333333334
0;21;16;9773;0;129.7;6;6;13.166666666666666;6;6;13.0
0;53;43;9238;1;112.5;7;6;11.0;7;7;11.0
0;19;1;9500;1;136.0;7;7;14.014285714285714;8;8;15.35
0;20;1;9773;1;133.1;6;4;13.0;6;4;11.25
0;18;1;9773;0;151.3;6;6;14.0;6;6;14.666666666666666
0;32;39;171;0;133.3;0;0;0.0;0;0;0.0
0;21;43;9500;1;130.8;8;7;14.428571428571429;8;7;14.428571428571429
0;26;7;8014;0;140.0;5;0;0.0;5;0;0.0
0;26;42;9085;0;150.0;18;18;11.833333333333334;13;13;12.461538461538462
0;21;44;9991;0;130.0;5;3;11.333333333333334;5;1;13.0
0;18;17;9773;0;125.3;6;6;12.5;6;6;13.0
0;21;43;9070;1;124.0;12;12;13.333333333333334;12;11;12.545454545454543
0;21;1;9254;0;113.8;6;6;10.833333333333334;6;4;11.0
0;19;17;9670;1;124.4;6;6;13.0;6;6;14.0
0;19;17;9147;0;107.7;5;2;10.0;5;2;14.0
0;19;43;9238;1;110.0;6;6;11.428571428571429;6;5;11.2
0;27;7;9500;0;130.0;8;8;12.8875;8;8;12.8875
0;18;1;9500;1;138.8;7;6;12.95;7;6;12.95
0;20;1;9147;0;126.3;5;1;10.0;5;0;0.0
0;19;1;9500;1;114.5;7;7;13.094285714285714;8;8;12.55
0;20;1;9670;0;116.5;6;0;0.0;6;0;0.0
0;19;17;9238;1;128.6;6;5;11.714285714285714;6;6;11.0
0;20;17;9238;0;130.0;6;4;11.25;6;3;10.0
0;20;1;171;0;134.6;0;0;0.0;0;0;0.0
0;18;1;9853;0;146.8;6;6;13.166666666666666;6;6;13.333333333333334
0;20;1;9085;0;135.7;5;4;12.75;5;5;13.4
0;38;39;9991;0;120.0;5;5;10.6;5;2;11.0
0;42;39;8014;0;138.0;6;5;11.2;6;6;12.0
0;32;39;9500;0;135.5;7;0;0.0;8;0;0.0
0;22;15;9773;0;120.0;6;6;13.0;6;6;13.666666666666666
0;28;39;9991;0;111.7;5;0;0.0;5;0;0.0
0;37;39;8014;0;100.0;6;0;0.0;6;0;0.0
0;43;44;9003;0;160.0;6;6;14.166666666666666;6;6;15.0
0;41;39;8014;1;114.8;6;5;12.833333333333334;6;6;12.333333333333334
0;29;39;8014;1;131.0;6;4;11.75;6;5;10.4
0;35;39;8014;1;97.0;6;6;10.833333333333334;6;6;11.5
0;18;17;9238;0;131.7;6;4;11.75;6;4;12.25
0;39;39;9500;1;120.0;7;3;11.5;7;2;10.5
0;37;39;9991;0;110.0;5;2;10.0;5;3;11.333333333333334
0;26;39;9500;1;133.0;7;6;13.7;7;6;13.7
0;32;7;9085;0;140.0;5;1;14.0;5;0;0.0
0;37;39;8014;0;100.0;8;7;11.375;7;6;12.166666666666666
0;28;39;9085;0;129.3;6;0;0.0;6;0;0.0
0;19;1;9238;0;137.0;6;0;0.0;6;0;0.0
0;18;1;9147;0;122.2;5;1;11.0;5;2;12.5
0;19;1;9853;1;108.0;7;6;13.0;7;7;13.285714285714286
0;32;7;9670;0;110.0;11;8;13.6;8;8;15.11111111111111
0;31;39;9147;0;127.7;5;3;11.0;5;2;11.5
0;34;39;9500;0;121.3;8;7;11.705714285714285;8;7;11.705714285714285
0;20;1;171;0;140.1;12;12;13.25;11;11;14.333333333333334
0;28;39;9500;0;114.8;7;1;10.75;7;1;10.0
0;31;44;9991;0;150.0;6;6;12.0;7;7;13.428571428571429
0;18;1;9773;0;131.7;6;6;12.666666666666666;6;4;12.25
0;31;39;8014;0;110.0;6;5;11.4;6;3;11.0
0;19;1;9773;0;105.5;6;6;13.0;6;5;12.4
0;19;1;9238;1;127.3;6;6;14.0;6;6;12.285714285714286
0;31;39;9238;0;130.0;6;0;0.0;5;0;0.0
0;34;7;9085;0;130.0;6;0;0.0;6;0;0.0
0;18;16;9556;1;122.7;7;7;15.285714285714286;8;8;16.075
0;18;17;9254;0;113.9;6;6;13.166666666666666;6;6;12.666666666666666
1;19;1;9147;0;151.1;5;5;13.6;5;5;12.833333333333334
1;22;17;9773;1;125.8;4;0;0.0;4;0;0.0
1;32;43;9670;0;128.2;10;10;11.4;9;4;11.5
1;61;39;9147;0;135.1;5;0;0.0;5;0;0.0
1;30;39;9991;0;120.2;5;5;11.0;5;5;11.6
1;45;39;9991;0;132.8;5;0;0.0;5;0;0.0
1;20;44;9003;0;140.0;6;6;13.571428571428571;6;6;12.666666666666666
0;19;18;9500;0;129.3;7;0;0.0;8;0;0.0
1;26;42;9119;0;108.2;10;4;11.25;11;4;12.0
1;19;17;9670;0;125.4;5;3;13.333333333333334;5;1;11.0
1;19;17;9773;1;140.2;6;6;12.0;6;6;11.666666666666666
1;19;1;9773;0;116.1;6;6;12.5;6;5;13.0
1;19;1;9147;1;137.8;5;5;13.2;5;5;12.666666666666666
1;19;1;9670;0;128.4;5;0;0.0;4;0;0.0
1;28;39;9670;0;106.0;5;3;11.666666666666666;5;2;11.5
1;24;43;9147;0;130.2;15;15;13.466666666666669;14;14;13.642857142857142
1;18;1;9130;0;126.0;5;3;13.666666666666666;5;5;13.2
1;18;1;9119;0;141.0;5;2;11.666666666666666;5;2;12.5
1;18;1;9773;1;113.0;6;6;11.666666666666666;6;5;10.2
1;21;44;9003;0;120.0;6;5;13.4;6;5;12.4
1;28;39;9991;0;130.9;5;0;0.0;5;0;0.0
1;58;39;9003;0;120.0;6;0;0.0;6;0;0.0
1;49;39;9991;0;134.1;5;0;0.0;5;0;0.0
1;24;39;9119;0;120.0;5;3;10.666666666666666;5;2;10.5
1;25;43;9670;0;114.8;5;4;13.75;5;4;14.75
1;33;42;9147;0;123.0;5;1;10.0;5;0;0.0
1;33;39;9119;0;118.0;5;0;0.0;5;0;0.0
1;40;43;9853;0;100.0;2;1;16.0;4;4;15.5
1;48;39;9991;0;151.1;5;5;12.285714285714286;5;5;11.125
1;18;17;9119;0;116.9;5;3;12.0;5;3;10.333333333333334
1;24;39;9500;0;106.0;7;6;12.666666666666666;7;6;12.666666666666666
1;23;1;9085;1;127.1;5;5;11.8;5;4;13.25
1;39;39;9991;0;155.5;5;5;10.6;5;5;14.666666666666666
1;21;18;9003;0;101.0;11;9;11.9;9;8;12.25
1;34;42;9119;0;128.2;6;4;11.25;5;2;10.5
1;41;39;9991;1;113.0;5;4;11.0;5;5;11.4
1;18;1;9773;0;122.8;6;6;12.0;6;6;12.5
1;34;39;9991;0;145.6;5;4;11.75;5;4;10.833333333333334
1;19;1;9147;0;116.5;5;2;10.0;5;1;16.0
1;19;1;9500;0;142.0;8;7;13.714285714285714;8;7;13.714285714285714
1;28;7;9003;0;150.0;6;6;14.875;6;6;15.8
1;18;17;9070;0;133.3;6;5;10.8;6;0;0.0
1;19;1;9238;0;115.8;6;3;12.0;6;2;10.0
1;19;17;9085;0;100.0;6;5;12.5;6;2;13.5
0;18;17;9500;0;128.6;7;7;14.728571428571428;8;8;16.327272727272728
0;18;1;9130;0;137.1;6;6;12.0;6;5;14.8
0;18;1;9773;0;149.0;6;6;11.428571428571429;6;6;11.0
0;19;44;9238;0;147.0;6;6;14.166666666666666;6;6;13.5
0;31;7;9238;0;150.0;6;5;12.5;6;5;14.6
0;33;39;8014;1;103.5;6;6;14.166666666666666;6;6;14.333333333333334
0;20;1;9500;1;107.8;7;5;14.46;7;6;13.55
0;22;44;9085;0;130.0;6;5;12.8;6;2;11.5
0;19;17;9254;0;109.4;6;6;12.666666666666666;6;5;13.4
0;18;1;9070;0;143.6;6;6;12.5;6;6;13.0
0;18;17;9070;0;124.3;6;0;0.0;6;0;0.0
0;18;1;9670;0;119.5;6;0;0.0;6;0;0.0
0;18;1;171;0;175.6;0;0;0.0;0;0;0.0
0;19;17;9147;1;116.1;5;5;11.2;5;3;11.0
0;18;17;9238;0;126.6;6;6;16.5;6;6;17.428571428571427
0;18;17;9085;0;130.8;5;3;13.666666666666666;5;5;12.0
0;18;17;9500;1;133.5;8;7;15.228571428571428;8;7;15.228571428571428
0;21;53;9238;0;136.9;9;9;12.77777777777778;9;9;13.22222222222222
0;18;1;9500;1;142.3;8;7;14.428571428571429;8;7;14.428571428571429
0;18;17;9670;0;114.3;6;6;13.875;6;6;13.714285714285714
0;18;1;9500;0;122.9;7;7;13.128;8;6;13.193333333333332
0;20;17;9500;0;117.2;7;6;11.605;8;7;12.4125
0;18;17;9147;1;152.0;5;5;14.6;5;5;12.0
0;18;1;9773;0;122.2;6;0;0.0;6;0;0.0
0;20;18;9147;1;101.7;5;5;11.8;5;5;11.6
0;20;17;9254;0;119.9;6;6;12.333333333333334;6;6;12.333333333333334
0;19;17;9147;1;123.7;5;4;11.0;5;0;0.0
0;19;51;9070;1;121.8;11;11;13.181818181818182;11;11;12.909090909090908
0;18;17;9670;1;106.1;6;1;11.0;6;0;0.0
0;19;17;9773;1;124.3;6;6;11.833333333333334;6;6;12.285714285714286
0;20;1;9500;1;124.3;8;8;12.98125;8;8;12.98125
0;21;44;9147;0;117.4;7;6;11.333333333333334;5;5;11.2
0;21;43;9500;0;112.7;8;6;11.68;8;6;11.68
0;20;17;9070;0;123.7;6;6;14.5;6;6;13.5
0;19;18;9853;0;105.8;7;7;13.142857142857142;7;7;12.857142857142858
0;21;17;9085;0;124.2;5;2;11.5;5;2;10.5
0;18;1;9085;0;122.3;5;5;14.2;5;5;11.8
0;19;1;9254;1;123.7;6;5;11.666666666666666;6;5;12.2
0;18;17;9500;0;129.8;7;7;13.175;8;8;14.875
0;19;1;9500;1;123.8;8;7;13.314285714285717;8;7;13.314285714285717
0;18;1;9147;1;126.4;5;3;10.6;5;3;10.5
0;18;1;9853;1;115.1;6;4;12.0;6;4;10.75
0;18;1;9773;0;138.4;6;6;13.428571428571429;6;6;14.142857142857142
0;18;17;9085;1;118.2;5;4;13.25;5;5;15.571428571428571
0;18;17;9070;0;121.7;6;2;13.0;6;0;0.0
0;18;1;9070;1;118.0;6;6;14.333333333333334;6;6;14.0
0;18;17;9238;0;119.8;6;0;0.0;6;0;0.0
0;18;1;9238;0;164.9;6;6;14.0;6;6;13.166666666666666
0;20;42;9085;1;100.0;2;2;12.0;6;6;12.833333333333334
0;18;1;9853;0;121.6;6;5;12.333333333333334;6;5;10.6
0;18;17;9070;0;120.4;6;5;11.8;6;5;10.4
0;20;18;9500;1;117.8;8;7;12.791428571428572;8;7;12.791428571428572
0;40;43;9670;0;110.0;8;8;11.625;7;5;11.2
0;18;1;9500;1;128.8;7;6;11.994444444444444;8;7;12.43142857142857
0;19;1;9254;0;116.6;6;5;11.6;6;5;12.2
0;24;7;9991;0;120.0;5;0;0.0;5;0;0.0
0;19;1;9773;0;157.5;6;6;13.166666666666666;6;6;13.166666666666666
0;19;1;9500;0;136.3;8;7;14.1;8;7;14.1
0;20;1;9500;1;121.5;7;6;12.396666666666668;8;7;12.94285714285714
0;18;1;9500;0;133.9;7;7;15.014285714285714;8;8;16.0875
0;18;1;171;1;136.8;0;0;0.0;0;0;0.0
0;19;17;9500;0;133.5;7;7;14.05;8;8;15.1
0;18;17;9500;0;130.0;7;7;14.85;8;8;15.2
0;19;44;9085;0;140.0;6;6;13.0;6;5;13.0
0;19;1;9500;1;132.7;7;7;14.7875;8;8;15.8625
0;19;1;9500;1;117.8;7;7;13.7;8;7;14.671428571428574
0;19;1;9500;1;126.1;7;7;12.495714285714286;8;7;12.242857142857144
0;19;1;9500;0;120.0;7;6;14.566666666666668;7;6;14.566666666666668
0;25;39;9670;0;100.0;5;5;11.2;5;4;11.25
0;20;1;9500;0;116.8;8;7;12.685714285714283;8;7;12.685714285714283
0;23;53;9238;0;128.3;9;7;13.571428571428571;9;4;13.25
0;20;1;9070;0;117.0;6;0;0.0;6;0;0.0
0;27;39;8014;0;131.5;6;5;11.0;6;6;11.166666666666666
0;18;1;9500;0;134.8;8;8;14.445;8;8;14.445
0;18;1;9853;0;146.6;6;5;13.6;6;4;11.75
0;23;7;8014;0;130.0;12;11;14.0;10;8;14.625
0;19;1;9500;1;127.5;7;6;13.416666666666666;7;6;13.416666666666666
0;18;1;9147;0;123.0;5;5;12.333333333333334;5;5;11.4
0;20;43;9500;0;100.0;7;7;13.1;8;8;14.8125
0;18;1;9670;0;114.2;6;4;13.2;6;5;12.8
0;19;1;9500;1;123.5;8;8;14.75;8;8;14.75
0;19;44;9238;1;144.3;6;6;13.142857142857142;6;6;14.333333333333334
0;19;1;9853;0;142.2;6;4;12.5;6;5;12.5
0;18;1;9085;0;161.9;5;4;13.75;5;5;14.857142857142858
0;18;1;9238;0;135.9;6;5;12.4;6;6;13.0
0;18;1;9773;0;110.1;6;6;13.333333333333334;6;6;12.0
0;28;2;9853;0;122.5;11;11;11.727272727272728;8;8;12.0
0;19;17;9254;0;138.1;6;4;12.5;6;1;14.0
0;20;43;171;0;117.3;0;0;0.0;0;0;0.0
0;19;1;9500;1;106.8;7;6;13.533333333333331;8;7;13.614285714285714
0;20;1;9070;1;120.1;6;6;13.166666666666666;6;6;12.666666666666666
0;19;1;9254;1;116.5;6;5;13.2;6;5;11.0
0;21;51;9070;0;120.0;6;5;12.2;6;4;12.6
0;19;1;9853;1;139.7;7;7;13.428571428571429;7;7;14.857142857142858
0;18;1;9070;1;123.7;6;6;12.714285714285714;6;6;12.625
0;19;17;9130;0;116.5;6;0;0.0;6;0;0.0
0;19;17;9670;1;122.2;6;6;13.666666666666666;6;6;13.666666666666666
0;20;1;9773;0;146.0;6;5;11.0;6;6;13.166666666666666
0;18;17;9853;0;108.8;7;5;11.4;7;6;13.333333333333334
0;18;43;171;0;133.0;0;0;0.0;0;0;0.0
0;18;17;9130;0;123.8;5;4;12.0;5;5;12.0
0;18;17;9773;0;120.0;6;0;0.0;6;0;0.0
0;18;17;9238;0;126.9;6;5;11.0;6;6;11.666666666666666
0;20;18;9773;0;121.3;6;5;12.0;6;6;11.571428571428571
0;19;17;9500;1;129.0;7;7;13.308571428571428;8;8;12.55
0;21;1;9853;0;114.9;6;3;13.666666666666666;6;3;10.666666666666666
0;20;17;9670;0;106.5;6;0;0.0;6;0;0.0
0;18;1;9254;0;133.9;6;5;12.2;6;4;11.25
0;20;1;9773;1;124.9;6;6;12.666666666666666;6;6;12.833333333333334
0;19;1;9500;1;128.5;8;8;14.07125;8;8;14.07125
0;22;1;9085;0;126.2;5;4;14.25;5;5;13.2
0;22;17;9130;0;121.7;6;0;0.0;2;0;0.0
0;18;1;9853;0;120.0;6;3;12.0;6;4;10.25
0;21;43;9147;0;113.2;10;6;11.166666666666666;10;7;10.571428571428571
0;19;1;9238;0;120.3;6;2;13.0;6;5;11.6
0;19;1;171;0;127.8;0;0;0.0;0;0;0.0
0;20;1;9500;1;123.3;8;7;14.901428571428571;8;7;14.901428571428571
0;18;1;9500;1;126.3;7;7;12.65;8;8;12.445555555555554
0;22;51;9991;0;128.2;12;7;11.0;5;5;10.6
0;20;17;9085;0;134.9;5;4;12.4;5;5;12.666666666666666
0;19;44;9003;0;140.0;6;6;12.0;6;6;12.666666666666666
0;19;1;9500;1;115.5;7;7;12.135714285714286;8;7;13.328571428571427
0;20;1;9500;1;106.7;7;5;12.62;7;6;12.5
0;25;39;9991;0;140.0;5;3;10.666666666666666;5;3;11.333333333333334
0;19;1;9500;1;136.6;7;6;13.766666666666666;8;7;14.051428571428572
0;19;18;9500;0;119.3;8;8;13.11625;8;8;13.11625
0;19;1;9070;0;152.0;5;0;0.0;6;0;0.0
0;20;1;9500;0;144.3;7;6;12.7;8;7;13.571428571428571
0;25;39;9556;0;159.0;7;7;11.857142857142858;8;5;11.7
0;20;17;9500;1;129.5;7;6;12.333333333333334;7;6;12.333333333333334
0;24;39;9238;0;140.0;6;4;15.75;6;5;16.4
0;20;1;9670;0;105.4;5;5;13.333333333333334;5;5;13.2
0;21;42;9500;0;136.0;7;7;14.355555555555554;8;8;13.49375
0;19;44;9003;1;160.0;6;6;13.0;6;5;13.0
0;19;1;9773;1;139.1;6;6;12.833333333333334;6;6;13.5
0;21;1;9670;1;126.9;5;5;13.2;5;4;13.0
0;28;39;9500;0;184.0;7;7;17.005555555555556;8;8;16.582222222222224
0;19;1;9238;1;125.0;6;5;10.6;6;5;11.0
0;18;1;9147;1;138.5;5;5;14.0;5;5;13.6
0;18;17;9500;1;133.5;8;7;12.114285714285714;8;7;12.114285714285714
0;18;1;9500;1;141.5;8;8;13.05875;8;8;13.05875
0;22;42;9500;0;130.0;8;7;13.285714285714286;8;7;13.285714285714286
0;19;1;9147;0;131.0;5;4;11.0;5;3;10.666666666666666
0;18;1;9500;1;145.0;7;7;14.071428571428571;8;8;15.1625
0;20;17;9254;0;114.3;6;0;0.0;6;0;0.0
0;26;44;171;0;108.3;9;4;11.25;10;3;11.0
0;18;1;9070;1;125.2;6;6;14.0;6;6;13.625
0;21;1;9254;1;131.7;6;6;12.166666666666666;6;3;11.666666666666666
0;18;17;9500;0;126.3;8;7;13.297142857142855;8;7;13.297142857142855
0;20;1;9085;0;147.6;6;6;13.923076923076923;6;6;14.25
0;18;1;9500;0;125.1;7;7;13.37;8;7;12.833333333333334
0;19;17;9147;1;123.8;5;5;12.4;5;3;11.0
0;20;1;9670;0;130.8;5;4;15.0;5;4;13.75
0;18;1;9853;1;154.1;6;6;13.333333333333334;6;6;12.571428571428571
0;20;16;9147;1;122.6;5;3;12.0;5;4;12.625
0;22;1;8014;0;103.5;6;5;13.4;6;5;12.2
0;18;1;171;0;132.8;0;0;0.0;0;0;0.0
0;21;51;9991;0;100.0;5;4;11.5;5;5;11.4
0;18;18;9853;0;115.8;7;6;12.0;7;6;12.166666666666666
0;18;1;9500;0;133.8;8;7;13.485714285714284;8;7;13.485714285714284
0;18;1;9070;1;118.5;6;6;12.0;6;6;11.285714285714286
0;19;17;171;0;150.3;0;0;0.0;0;0;0.0
0;19;17;9147;0;107.8;5;3;10.333333333333334;5;3;14.428571428571429
0;19;1;9500;0;127.5;7;5;12.94;7;5;13.76
0;19;1;9500;0;120.5;8;7;13.258571428571427;8;7;13.258571428571427
0;19;1;9147;0;117.3;5;4;12.25;5;4;12.0
0;19;17;9254;0;120.6;6;3;11.666666666666666;6;1;10.0
0;21;16;9254;1;118.7;6;6;13.571428571428571;6;6;12.5
0;20;1;9773;1;130.8;6;5;11.8;6;5;11.833333333333334
0;20;1;9147;1;112.6;5;5;14.2;5;5;13.285714285714286
0;41;39;9991;0;117.2;5;5;11.0;5;5;11.8
0;32;7;9500;0;130.0;7;4;13.625;7;7;12.6375
0;18;17;9500;0;131.8;8;7;14.652857142857142;8;7;14.652857142857142
0;35;39;8014;1;97.0;6;6;11.333333333333334;6;6;11.333333333333334
0;32;39;9500;0;130.0;7;4;13.7;7;0;0.0
0;37;39;8014;0;148.0;11;11;13.727272727272728;8;8;14.75
0;30;39;9147;0;103.4;7;7;11.75;8;7;11.142857142857142
1;23;43;9773;0;127.1;6;6;12.333333333333334;6;5;13.0
0;20;17;9773;1;124.0;6;6;14.0;6;6;13.857142857142858
1;21;1;9670;0;121.4;5;4;11.5;5;4;11.75
1;19;1;9147;0;118.1;5;5;11.2;5;5;13.2
1;18;17;9500;1;121.3;8;7;15.07;8;7;15.07
1;18;42;9119;0;119.5;5;1;10.0;5;1;12.0
1;24;39;9991;0;115.2;5;4;12.0;5;5;12.666666666666666
1;22;18;9670;0;130.2;6;4;13.0;6;4;12.6
1;18;17;9254;0;130.0;6;4;11.0;6;3;11.25
0;18;16;9238;0;126.9;6;6;13.571428571428571;6;5;12.166666666666666
1;21;1;9070;0;168.5;6;5;14.6;6;5;14.2
0;38;39;9500;0;130.0;7;3;11.833333333333334;7;2;10.0
0;19;18;9556;1;122.8;7;7;12.625;8;8;12.5125
0;36;39;9500;0;110.0;7;4;11.5;7;3;12.333333333333334
0;18;16;9085;0;127.1;5;4;13.25;5;4;10.5
0;19;1;9500;0;108.5;7;7;12.60625;8;6;11.9
0;21;53;9085;0;138.2;10;8;13.75;9;5;13.2
0;19;1;9500;0;96.0;7;6;13.598333333333334;8;6;11.933333333333332
0;18;1;9238;1;124.5;6;5;11.142857142857142;6;6;12.285714285714286
0;45;7;9500;0;120.0;11;11;12.7;10;10;12.96818181818182
0;20;17;9147;0;132.3;5;1;10.0;5;1;11.0
0;18;17;9254;0;120.7;6;6;11.666666666666666;6;4;11.5
0;18;1;9670;1;132.6;6;6;14.0;6;6;13.142857142857142
0;25;7;9130;0;140.0;5;0;0.0;5;0;0.0
0;19;1;9500;0;124.5;8;7;12.04142857142857;8;7;12.04142857142857
0;18;1;171;1;142.0;0;0;0.0;0;0;0.0
0;39;7;9254;0;130.0;13;13;13.76923076923077;12;12;14.583333333333334
0;29;39;9003;0;144.0;18;18;15.444444444444445;13;13;15.307692307692308
0;18;17;9853;0;128.5;7;6;11.5;7;7;12.714285714285714
0;23;7;9070;0;140.0;3;2;10.0;6;0;0.0
0;21;42;9853;0;113.9;6;4;12.25;6;3;10.333333333333334
0;18;1;9238;0;137.2;6;6;14.5;6;6;15.166666666666666
0;23;7;9085;0;140.0;6;6;15.571428571428571;6;6;16.375
0;18;1;9130;0;152.3;6;6;15.571428571428571;6;6;14.714285714285714
0;32;39;8014;0;112.5;6;5;13.8;6;6;12.166666666666666
0;29;39;9147;0;101.0;5;3;10.666666666666666;5;2;14.8
0;20;1;9238;1;112.3;6;5;11.6;6;4;11.75
0;28;39;9238;0;114.0;6;1;13.0;6;0;0.0
0;27;7;9147;0;130.0;5;3;12.0;5;4;13.625
0;22;43;9500;0;121.5;14;12;12.333333333333334;14;12;12.333333333333334
0;37;39;9003;0;120.0;6;6;12.875;6;6;12.9
0;28;7;8014;0;130.0;6;1;11.0;6;0;0.0
0;43;39;9003;0;125.7;6;4;12.25;6;4;10.5
0;32;43;9556;0;128.0;7;0;0.0;8;0;0.0
0;20;17;9238;1;113.2;6;4;10.75;6;5;11.5
0;35;39;9500;1;120.0;8;8;13.63;8;8;13.63
0;21;1;9670;0;117.8;5;3;13.0;5;4;11.5
0;18;1;9500;1;121.3;7;6;13.533333333333331;7;7;12.228571428571428
0;18;1;9500;1;169.7;7;7;16.9;8;8;16.37777777777778
0;18;17;9238;0;117.7;6;5;12.0;6;4;12.0
0;22;44;8014;0;121.8;6;6;12.5;6;6;13.285714285714286
0;19;1;9500;0;128.3;8;7;12.764285714285714;8;7;12.764285714285714
0;18;18;9147;1;132.2;5;5;13.75;5;5;12.166666666666666
0;19;1;171;0;134.3;0;0;0.0;0;0;0.0
0;18;1;9500;1;123.4;7;7;14.604285714285712;8;8;15.68333333333333
0;31;39;9991;0;121.7;5;0;0.0;5;0;0.0
0;33;39;8014;1;130.0;6;5;13.833333333333334;6;6;12.5
0;19;1;9500;1;126.5;8;8;13.57625;8;8;13.57625
0;18;17;9238;1;159.7;6;6;15.142857142857142;6;6;15.833333333333334
0;23;1;9147;0;151.3;5;3;10.666666666666666;5;5;11.6
0;20;17;9238;0;138.0;6;5;11.2;6;6;12.0
0;18;1;9500;0;126.5;8;8;13.76375;8;8;13.76375
0;21;53;9085;0;140.0;9;8;13.25;9;5;12.2
0;22;1;9238;1;112.3;6;5;10.714285714285714;6;5;12.2
0;20;1;9238;0;127.3;6;6;12.166666666666666;6;6;11.666666666666666
0;23;7;9500;0;130.0;7;6;14.357142857142858;7;6;14.357142857142858
0;19;17;9773;0;115.0;6;6;12.833333333333334;6;6;12.666666666666666
0;19;17;9500;0;131.5;8;7;13.925714285714283;8;7;13.925714285714283
0;26;39;9991;0;125.7;5;2;12.0;5;3;11.0
0;18;1;9500;0;126.8;7;7;13.44285714285714;8;8;13.744444444444444
1;18;18;9119;0;132.4;5;1;16.0;5;0;0.0
1;20;44;9003;0;150.0;6;6;13.125;6;6;13.2
1;19;1;9670;0;95.0;6;0;0.0;6;0;0.0
1;32;43;9991;0;128.2;9;5;11.4;4;4;11.0
1;31;39;9130;0;130.0;4;2;11.0;5;3;11.666666666666666
1;25;39;9119;0;100.0;5;1;11.0;5;1;10.0
0;21;42;9085;0;159.9;6;5;13.666666666666666;6;5;13.0
0;31;43;9991;0;100.0;6;4;11.75;5;1;10.0
0;34;39;9853;0;116.5;7;1;10.0;7;1;13.0
0;18;1;9238;1;120.0;6;6;13.5;6;6;12.833333333333334
0;19;1;9238;0;117.0;6;0;0.0;6;0;0.0
0;21;53;9670;0;140.0;6;1;12.0;6;1;11.0
0;18;1;9853;0;118.1;6;3;13.0;6;5;11.8
0;20;1;9254;0;153.5;6;6;14.833333333333334;6;6;16.0
0;20;43;9773;0;127.9;6;6;11.833333333333334;6;6;12.857142857142858
0;18;17;9670;1;118.8;6;5;12.0;6;5;12.333333333333334
0;19;1;9238;0;126.7;6;4;12.75;6;6;11.333333333333334
0;19;43;9085;0;170.0;5;0;0.0;5;4;14.75
0;30;39;9130;1;110.0;6;0;0.0;6;1;10.0
0;19;17;9238;0;115.0;6;6;12.0;6;6;12.857142857142858
0;19;1;9556;0;119.0;7;7;11.677777777777775;8;8;13.8
0;19;1;9500;1;121.8;8;7;13.6;8;7;13.6
0;19;1;9085;0;133.4;6;6;16.0;6;6;15.875
0;20;1;9238;0;131.4;6;5;11.8;6;6;11.5
1;25;42;9119;0;135.0;5;0;0.0;6;2;14.0
1;19;1;9773;0;122.8;6;0;0.0;6;0;0.0
0;34;39;9853;1;140.0;6;6;16.142857142857142;6;6;16.2
0;18;18;9500;1;125.3;8;7;11.785714285714286;8;7;11.785714285714286
0;18;1;9500;1;126.3;8;8;13.42375;8;8;13.42375
0;20;1;9670;0;100.0;6;6;12.5;6;5;14.166666666666666
0;20;17;9500;1;121.3;8;7;12.464285714285714;8;7;12.464285714285714
0;23;53;9991;0;135.0;11;8;12.375;9;5;12.6
0;28;39;9670;0;120.0;6;1;10.0;6;0;0.0
0;18;17;9773;0;113.7;6;5;12.6;6;6;12.428571428571429
0;19;43;9147;0;129.7;5;5;12.6;5;4;12.4
0;34;1;9147;0;132.1;5;2;10.0;5;4;12.0
0;35;51;9853;0;120.3;7;0;0.0;6;0;0.0
0;32;7;9991;0;120.0;5;5;11.6;5;5;12.333333333333334
0;19;17;9254;0;123.1;6;6;12.166666666666666;6;6;13.5
0;18;17;9670;0;119.4;6;4;13.6;6;5;12.666666666666666
0;35;39;9147;0;140.0;5;4;12.5;5;5;11.8
1;24;39;8014;1;116.5;6;4;12.25;6;4;11.5
0;20;17;9238;1;113.0;6;6;11.714285714285714;6;6;12.625
1;18;1;9773;1;133.9;6;6;13.5;6;6;13.0
1;20;1;9500;1;115.5;8;7;13.024285714285714;8;7;13.024285714285714
1;18;17;9254;0;116.5;6;0;0.0;6;0;0.0
1;18;1;9119;1;171.2;5;5;17.333333333333332;5;5;18.571428571428573
1;20;1;9670;1;119.1;5;4;11.0;5;4;11.5
1;19;17;9853;0;121.1;7;6;13.666666666666666;7;6;12.5
1;20;1;9070;1;132.9;6;6;11.375;6;5;13.8
1;19;1;9238;0;132.8;6;6;12.833333333333334;6;6;11.833333333333334
1;20;1;9773;0;126.7;6;5;12.6;6;4;11.5
1;22;1;9500;0;105.8;7;6;14.333333333333334;8;7;13.771428571428572
1;18;17;9119;1;117.2;5;4;13.5;6;6;13.625
1;19;1;9500;0;140.0;8;7;14.285714285714286;8;7;14.285714285714286
1;22;44;9003;0;120.0;6;3;11.75;6;2;10.0
1;20;17;9119;0;119.5;5;5;14.8;5;5;17.6
1;34;39;9003;0;153.9;6;0;0.0;6;0;0.0
1;24;39;8014;0;130.0;6;1;10.0;5;0;0.0
1;26;39;9670;0;107.0;5;0;0.0;5;0;0.0
1;35;39;9500;0;132.8;7;4;12.6;7;5;12.38
1;22;1;9991;0;127.5;5;5;12.428571428571429;5;5;11.8
1;26;18;9254;0;123.3;6;4;10.0;6;3;12.0
1;19;17;9147;0;122.0;5;3;12.333333333333334;5;0;0.0
1;19;1;9254;0;114.8;6;0;0.0;6;0;0.0
1;20;44;171;0;140.0;0;0;0.0;0;0;0.0
1;21;51;9670;0;111.0;11;10;12.1;8;8;13.333333333333334
0;19;1;9773;1;133.2;6;6;14.714285714285714;6;6;15.0
0;18;1;9773;0;123.0;6;6;12.666666666666666;6;6;12.833333333333334
0;23;53;9003;1;150.0;12;12;14.384615384615383;10;10;13.3
0;18;17;9147;1;132.3;5;5;13.4;5;5;12.2
0;18;18;9500;0;126.0;8;7;13.314285714285717;8;7;13.314285714285717
0;19;1;9500;0;119.3;8;7;11.98857142857143;8;7;11.98857142857143
0;21;53;9147;0;133.8;11;11;11.545454545454543;9;8;12.88888888888889
0;18;1;9085;1;126.5;6;6;16.46153846153846;6;6;13.875
0;24;1;9773;1;138.4;6;6;13.666666666666666;6;6;12.833333333333334
0;18;1;9500;0;129.0;7;7;12.65;8;8;13.411111111111111
0;18;1;9670;0;118.3;6;6;12.333333333333334;6;3;12.0
0;20;17;9500;0;129.8;7;6;14.37;8;7;14.65
0;19;17;9085;0;113.6;5;3;12.0;5;4;11.75
0;18;1;9773;1;128.3;6;3;12.0;6;3;10.666666666666666
0;19;43;9254;1;130.0;6;4;12.0;6;3;11.0
0;19;17;9853;0;121.9;6;5;12.6;6;5;11.2
0;18;1;9238;0;129.4;6;6;12.166666666666666;6;6;12.333333333333334
0;20;1;9853;0;115.3;7;6;13.5;7;6;14.0
0;18;1;9500;1;125.5;8;8;13.76375;8;8;13.76375
0;19;17;9556;1;117.8;7;6;12.4;7;6;12.8
0;18;17;9147;0;118.7;5;4;10.666666666666666;5;2;12.0
0;18;1;9500;0;139.0;7;6;14.333333333333334;7;6;14.333333333333334
0;21;1;9085;0;98.9;6;4;12.5;6;2;12.666666666666666
0;19;17;9254;0;137.7;6;1;10.0;6;0;0.0
0;21;1;9500;0;113.6;7;7;14.69625;8;8;14.622222222222224
0;18;1;9085;0;113.4;6;4;11.5;6;3;13.75
0;18;17;9556;1;128.5;7;7;12.855555555555556;8;8;13.9125
0;18;1;9500;0;142.8;7;7;13.7;8;8;13.994444444444444
0;23;1;9130;0;137.7;5;0;0.0;5;1;12.0
0;20;1;9238;0;103.5;6;3;11.2;6;4;12.0
0;18;1;9500;0;123.2;7;7;13.285714285714286;8;8;13.333333333333334
0;19;17;9853;0;126.0;6;5;13.0;6;5;10.4
0;27;39;9500;1;121.7;7;6;12.6;7;6;11.685714285714283
0;19;17;9147;1;142.8;5;5;12.8;5;4;12.0
0;21;43;9130;0;120.0;6;5;11.5;6;5;11.0
0;19;18;9500;1;119.3;8;7;11.4;8;7;11.4
0;21;44;9238;1;121.0;6;6;12.333333333333334;6;6;11.333333333333334
0;18;1;9773;0;139.4;6;5;12.8;6;4;12.2
0;20;17;9085;1;113.9;5;5;12.0;5;4;15.0
0;18;1;9853;1;124.6;6;5;13.0;6;5;13.5
0;18;17;9070;1;123.8;6;6;11.833333333333334;6;6;11.0
0;18;1;9085;0;126.3;6;6;14.0;6;6;13.333333333333334
0;18;17;9773;1;120.4;6;6;12.333333333333334;6;6;13.5
0;19;1;9500;1;120.5;7;5;13.04;7;7;12.5
0;23;53;9085;0;144.9;11;11;13.166666666666666;9;8;13.333333333333334
0;24;39;9085;1;139.9;6;6;12.5;6;6;12.833333333333334
0;19;1;171;0;133.3;0;0;0.0;0;0;0.0
0;18;1;9500;0;126.0;8;7;15.657142857142857;8;7;15.657142857142857
0;19;1;9070;0;133.5;6;6;12.166666666666666;6;6;11.333333333333334
0;19;17;9853;0;127.9;6;0;0.0;6;0;0.0
0;20;1;9238;1;105.9;6;5;10.6;6;5;11.166666666666666
0;20;1;9085;0;124.3;6;6;13.428571428571429;6;5;12.666666666666666
0;26;39;9773;0;102.5;6;4;11.75;6;0;0.0
1;36;39;9254;0;97.0;5;0;0.0;5;0;0.0
1;19;17;171;0;134.7;0;0;0.0;0;0;0.0
1;27;42;9119;0;113.8;5;0;0.0;5;0;0.0
1;18;1;9119;0;116.9;5;1;13.0;5;0;0.0
1;18;1;9500;1;124.0;8;7;13.331428571428573;8;7;13.331428571428573
1;28;39;9070;0;117.5;6;0;0.0;6;0;0.0
1;21;44;171;0;154.8;0;0;0.0;0;0;0.0
1;19;1;9500;0;141.0;7;6;13.7;7;6;13.7
1;26;39;9670;0;120.0;5;0;0.0;5;0;0.0
1;20;51;9119;0;133.6;9;9;13.454545454545457;7;6;13.875
1;19;1;9500;0;122.0;8;7;12.2;8;7;12.2
1;21;1;9147;0;120.0;5;3;10.0;5;4;11.0
1;23;53;9670;1;114.2;6;5;13.0;6;6;12.857142857142858
1;29;39;8014;0;95.5;6;6;12.0;6;6;14.0
1;20;1;9500;0;120.0;8;7;15.028571428571428;8;7;15.028571428571428
1;18;1;9238;0;111.1;6;6;12.0;6;6;11.714285714285714
1;19;1;9773;0;128.6;6;5;12.0;6;5;12.4
1;23;7;9556;0;130.0;7;3;13.666666666666666;8;3;11.333333333333334
1;21;1;171;0;111.1;0;0;0.0;0;0;0.0
1;18;17;9147;0;122.7;5;5;12.0;5;4;12.5
1;18;1;171;1;134.4;0;0;0.0;0;0;0.0
1;21;1;9070;0;131.0;6;1;14.0;6;0;0.0
1;22;51;9238;0;125.0;6;0;0.0;6;0;0.0
1;21;18;9556;0;106.0;7;7;12.375;7;5;12.583333333333334
1;32;39;9500;0;128.0;7;0;0.0;8;0;0.0
1;27;7;9003;0;120.0;18;18;11.421052631578949;13;13;11.076923076923077
1;18;1;9500;0;134.8;7;6;13.35;7;6;13.35
1;24;39;9070;1;112.0;6;6;15.0;6;2;16.0
1;22;1;9130;0;116.1;5;2;10.5;5;0;0.0
1;22;43;9130;0;120.0;6;0;0.0;4;0;0.0
1;19;1;9147;0;119.7;5;5;13.25;5;5;11.833333333333334
1;19;17;9119;0;117.1;5;0;0.0;5;0;0.0
1;21;1;9085;0;112.4;5;4;11.5;5;3;10.6
0;18;1;9500;1;131.0;8;8;13.88125;8;8;13.88125
0;18;1;9254;0;130.9;6;6;11.333333333333334;6;5;12.6
0;20;1;171;0;134.9;0;0;0.0;0;0;0.0
0;19;17;9238;0;127.1;6;6;12.857142857142858;6;6;13.666666666666666
0;19;17;9773;0;110.2;6;5;11.6;6;6;12.5
0;18;17;9254;1;108.7;6;5;11.4;6;6;11.333333333333334
0;20;1;9130;0;138.0;6;6;13.333333333333334;6;6;13.0
0;22;44;9070;1;147.7;7;7;13.571428571428571;9;9;13.77777777777778
0;31;39;9556;0;123.0;7;6;11.833333333333334;7;7;12.228571428571428
0;19;17;9853;1;142.8;7;7;14.428571428571429;7;7;14.142857142857142
0;18;1;171;0;138.3;0;0;0.0;0;0;0.0
0;18;1;9254;1;125.2;6;6;12.285714285714286;6;5;12.4
0;21;1;9085;0;141.8;5;5;14.4;5;5;13.8
0;18;17;9500;1;130.6;7;7;13.15;8;8;15.06875
1;25;44;9147;0;130.0;5;0;0.0;5;0;0.0
1;21;15;9119;0;100.0;5;0;0.0;6;0;0.0
0;19;18;9500;1;119.0;8;7;12.342857142857143;8;7;12.342857142857143
0;19;1;9773;0;124.3;6;5;12.2;6;5;10.8
0;22;17;9254;0;122.2;6;4;10.5;6;1;11.0
1;19;15;9147;0;150.0;5;5;10.6;5;5;11.6
0;58;39;8014;0;135.5;6;0;0.0;6;0;0.0
0;19;16;9238;1;127.3;6;4;11.25;6;6;12.0
1;23;43;9670;0;127.0;9;6;10.5;10;10;11.7
0;19;1;9773;1;126.9;6;4;11.0;6;3;11.666666666666666
0;18;18;9500;0;127.5;7;7;13.457142857142856;8;8;14.5125
0;20;1;9085;0;122.0;5;5;12.6;5;4;12.333333333333334
0;18;17;9085;0;115.8;6;0;0.0;6;0;0.0
0;18;17;9670;0;121.6;6;6;13.666666666666666;6;5;13.6
0;18;17;9147;1;116.4;5;5;11.6;5;5;11.8
0;24;39;9130;0;120.0;6;6;12.571428571428571;6;5;12.833333333333334
0;18;17;9853;0;127.3;6;5;11.8;6;5;11.4
0;19;1;9147;1;123.5;5;5;11.6;5;3;12.666666666666666
0;19;17;9238;1;125.6;6;6;11.333333333333334;6;6;11.833333333333334
0;18;1;9254;0;118.5;6;6;10.666666666666666;6;6;11.5
0;18;1;9130;0;129.5;5;4;13.5;5;5;13.4
0;19;1;171;1;134.6;0;0;0.0;0;0;0.0
0;22;44;9085;0;140.0;6;6;13.333333333333334;6;4;11.5
0;19;1;9254;0;133.2;6;5;13.4;6;2;13.5
0;21;17;9238;1;133.5;6;3;10.2;6;4;12.25
0;21;17;9773;1;117.9;6;5;13.0;6;6;12.833333333333334
0;18;1;9500;1;128.0;8;7;12.90857142857143;8;7;12.90857142857143
0;20;1;9853;0;113.2;6;4;12.0;6;1;10.0
0;18;1;9254;1;122.0;6;6;10.833333333333334;6;5;11.0
0;19;16;9070;0;156.9;6;6;15.333333333333334;6;6;15.833333333333334
0;18;1;9500;1;125.1;7;6;12.816666666666668;8;6;12.875
1;26;15;9147;0;100.0;7;6;13.0;6;2;14.0
0;19;15;9119;0;160.0;6;2;13.5;5;2;11.0
0;35;39;8014;0;101.0;6;6;12.5;6;6;12.166666666666666
0;19;18;9670;1;121.5;6;6;13.0;6;6;14.333333333333334
1;18;1;9085;0;126.8;5;4;11.75;5;5;12.571428571428571
1;19;1;9670;0;132.9;5;4;12.5;5;4;14.25
1;25;1;171;0;134.3;17;17;11.61111111111111;17;17;12.055555555555555
1;18;17;9254;0;120.5;6;6;14.0;6;6;14.666666666666666
1;26;17;9003;0;144.1;6;0;0.0;6;0;0.0
1;34;43;9991;0;100.0;5;5;13.8;5;5;13.833333333333334
1;18;1;9254;0;114.8;5;0;0.0;5;0;0.0
1;18;1;171;0;111.9;0;0;0.0;0;0;0.0
1;18;17;9119;1;125.4;5;4;12.25;5;3;12.333333333333334
1;20;44;9003;0;140.0;6;3;11.5;6;3;13.666666666666666
1;25;44;9070;0;140.0;7;6;12.571428571428571;9;9;12.555555555555555
1;18;17;9130;0;127.8;6;6;12.0;6;5;12.166666666666666
1;19;1;9003;0;131.6;12;11;12.0;12;12;12.307692307692308
1;20;1;171;0;119.4;0;0;0.0;0;0;0.0
1;20;18;9238;1;129.9;7;6;12.0;6;6;11.166666666666666
1;20;1;9119;0;114.0;5;4;11.6;5;4;12.25
1;19;1;9147;1;113.4;5;0;0.0;5;0;0.0
1;20;1;9147;0;117.8;5;5;12.0;5;4;13.0
1;18;1;9500;0;114.3;7;6;13.976666666666668;8;6;12.041666666666666
1;19;1;9670;0;129.7;6;4;12.5;6;1;10.0
1;20;18;9147;0;112.0;5;0;0.0;5;0;0.0
1;24;39;9670;0;140.0;6;4;10.5;6;4;12.5
1;20;44;9003;0;150.0;6;5;12.857142857142858;6;6;12.3
1;19;1;9670;0;122.4;5;3;11.666666666666666;5;4;12.0
1;23;51;9119;0;150.0;5;2;13.0;5;1;10.0
1;20;17;9254;0;135.0;6;6;11.833333333333334;6;5;10.4
1;21;43;8014;0;116.2;11;11;12.454545454545457;11;8;12.75
1;20;17;9119;0;120.4;5;3;11.0;5;0;0.0
1;21;17;9119;0;122.9;5;4;13.2;5;4;14.25
1;18;1;9773;1;155.0;6;6;15.5;6;6;14.166666666666666
1;18;1;9254;0;123.4;6;6;12.333333333333334;6;6;13.666666666666666
1;18;17;9147;0;124.2;5;5;12.0;5;4;11.4
1;20;44;9003;0;130.0;6;4;11.6;6;5;11.5
1;18;17;9773;1;126.2;6;6;11.333333333333334;6;6;12.285714285714286
1;19;17;9773;0;120.5;6;0;0.0;6;0;0.0
1;20;17;9119;0;123.7;5;4;12.0;5;2;12.5
1;19;17;9130;0;122.5;5;4;12.0;5;5;12.6
1;33;39;9991;0;139.2;5;2;12.5;5;2;11.5
1;21;51;171;0;131.2;12;12;13.666666666666666;11;11;13.0
1;25;39;9003;0;120.0;6;2;14.5;6;0;0.0
1;20;1;9085;1;116.7;6;4;13.2;6;0;0.0
1;22;53;9085;1;150.0;7;5;12.166666666666666;8;5;14.8
0;39;39;9773;0;117.5;6;4;11.25;6;6;11.333333333333334
1;21;1;9670;1;137.6;6;6;15.166666666666666;6;6;14.428571428571429
0;19;17;9254;1;124.3;6;6;11.166666666666666;6;4;13.4
0;26;39;9500;1;116.0;7;6;10.983333333333334;7;6;10.983333333333334
0;19;18;9238;1;121.4;6;4;10.75;6;5;11.5
0;20;53;9085;1;142.8;12;11;13.384615384615383;9;7;14.285714285714286
0;25;17;9670;1;96.0;6;6;11.285714285714286;6;5;12.2
1;24;43;8014;0;125.0;6;0;0.0;6;0;0.0
1;20;17;9119;0;126.1;5;4;13.0;5;5;14.833333333333334
1;29;39;9003;0;155.8;6;6;16.11111111111111;6;6;13.5
1;20;1;9773;0;116.0;6;6;11.5;6;6;11.0
1;20;44;9130;0;110.0;6;4;10.75;6;2;10.5
1;24;39;9670;1;97.2;6;4;11.6;6;5;13.0
1;24;39;9500;0;100.0;7;0;0.0;7;0;0.0
1;23;7;9119;0;140.0;5;5;13.8;5;5;14.142857142857142
1;20;43;9556;0;128.0;7;7;13.585714285714284;8;8;14.6875
1;19;17;9670;0;115.3;6;6;13.857142857142858;6;5;13.0
1;28;39;9003;0;150.0;6;5;12.0;6;6;12.333333333333334
1;20;44;9003;1;160.0;6;6;13.444444444444445;6;5;12.6
1;18;1;9070;0;133.1;6;6;14.0;6;6;13.857142857142858
1;20;1;9670;0;119.0;6;1;12.0;6;0;0.0
1;33;39;9991;0;156.0;5;5;14.2;5;5;13.833333333333334
0;35;39;9500;0;163.7;7;5;13.34;7;5;10.84
0;27;39;9500;0;130.0;8;7;12.457142857142856;8;7;12.457142857142856
0;19;17;9773;0;123.1;6;3;11.0;6;3;12.0
0;31;39;9991;1;160.0;5;4;10.5;5;4;10.5
1;19;1;171;0;136.1;0;0;0.0;0;0;0.0
1;22;43;9070;0;132.7;13;13;14.0;12;12;13.0
0;39;43;9500;0;128.2;7;0;0.0;8;0;0.0
1;22;17;9254;0;126.7;1;0;0.0;6;0;0.0
1;47;39;9991;0;150.0;5;4;10.0;5;4;12.5
1;19;17;171;1;156.3;0;0;0.0;0;0;0.0
0;19;10;9254;0;116.1;6;6;13.5;6;6;14.333333333333334
0;19;17;9500;0;123.8;7;0;0.0;8;0;0.0
0;21;1;171;1;153.0;17;17;13.38888888888889;17;17;14.88888888888889
0;39;7;9500;0;140.0;7;0;0.0;8;0;0.0
1;19;17;171;0;131.9;12;12;13.583333333333334;11;11;13.583333333333334
1;20;1;171;1;141.4;0;0;0.0;0;0;0.0
1;24;39;9147;0;140.0;5;0;0.0;5;0;0.0
1;27;39;9991;0;115.0;5;1;10.0;5;0;0.0
1;29;39;9991;0;168.0;5;5;15.2;5;5;15.2
1;20;17;9085;0;101.3;6;4;12.8;6;0;0.0
1;21;1;9670;0;122.6;5;5;11.166666666666666;5;4;11.0
1;18;1;171;0;141.7;0;0;0.0;0;0;0.0
1;19;1;9500;0;132.3;8;7;12.828571428571427;8;7;12.828571428571427
1;19;17;9773;0;111.7;6;6;12.5;6;4;12.6
1;28;39;9119;1;98.7;5;3;10.0;5;3;12.4
0;21;15;9254;0;140.0;6;6;11.5;6;4;13.25
0;23;10;9500;0;140.0;8;7;11.328571428571427;8;7;11.328571428571427
0;39;39;9003;0;100.7;6;2;13.0;6;3;13.0
0;18;17;9500;0;133.8;7;6;13.033333333333331;7;6;13.033333333333331
0;59;15;9773;0;100.0;6;6;12.166666666666666;6;4;11.75
1;30;7;9119;0;180.0;5;4;14.5;5;3;16.2
0;18;1;9085;0;130.8;5;5;14.4;5;5;13.6
0;41;44;9991;0;140.0;6;4;12.25;7;6;12.5
0;27;39;9500;0;106.2;7;0;0.0;7;0;0.0
0;18;1;9238;1;125.6;6;6;12.666666666666666;6;6;12.0
0;20;18;9853;0;117.5;6;2;12.0;6;3;11.666666666666666
0;32;39;9119;0;122.5;5;0;0.0;5;0;0.0
0;19;17;9147;0;132.9;5;3;11.666666666666666;5;4;10.8
0;41;39;9853;0;103.0;6;0;0.0;6;0;0.0
0;38;17;8014;0;107.0;5;1;10.0;5;0;0.0
1;35;7;9130;0;100.0;7;0;0.0;6;0;0.0
0;27;39;8014;0;100.0;6;4;12.25;6;3;12.0
0;19;17;9070;0;131.3;6;4;12.0;6;6;12.5
0;18;18;9773;0;122.2;6;5;12.6;6;5;11.8
0;39;39;9991;0;118.4;5;0;0.0;5;0;0.0
0;37;7;9254;0;100.0;5;0;0.0;5;0;0.0
0;37;39;9500;0;110.0;8;0;0.0;8;0;0.0
0;35;43;8014;1;100.0;16;16;12.6875;13;13;12.0
0;49;43;9147;0;106.2;13;10;10.4;9;6;10.666666666666666
0;52;7;9147;0;110.0;15;14;10.466666666666669;12;12;10.923076923076923
0;18;1;9085;0;122.3;5;5;14.333333333333334;5;5;13.0
0;30;39;8014;1;112.5;7;6;14.666666666666666;6;6;14.333333333333334
0;21;1;9500;0;98.1;7;7;12.835714285714284;8;8;14.23125
1;20;1;9119;0;140.2;5;0;0.0;5;0;0.0
1;18;17;9147;0;143.6;5;0;0.0;5;0;0.0
1;19;16;171;0;134.6;0;0;0.0;0;0;0.0
1;18;1;9500;0;126.8;8;8;13.24875;8;8;13.24875
1;20;15;33;0;100.0;7;7;12.857142857142858;7;4;12.75
0;21;17;9130;0;130.0;6;5;13.6;6;4;14.25
0;22;1;9147;1;113.6;5;3;14.0;5;5;12.4
0;20;44;9130;0;140.0;6;3;12.0;6;2;11.0
0;20;17;9085;0;106.0;6;6;13.166666666666666;6;4;14.0
0;19;17;9238;1;126.6;6;6;13.625;6;6;12.166666666666666
0;18;17;9500;1;130.7;7;7;14.85;8;8;15.61111111111111
1;21;1;9147;0;105.9;5;4;10.75;5;5;11.4
0;19;15;9556;0;137.0;7;0;0.0;7;2;11.666666666666666
0;37;43;9130;0;100.0;6;0;0.0;6;0;0.0
0;45;1;8014;0;114.4;12;12;14.0;7;7;13.857142857142858
1;38;39;9003;0;120.0;6;0;0.0;6;0;0.0
1;55;39;9991;0;119.0;5;0;0.0;5;0;0.0
0;28;39;9003;0;110.0;6;5;13.0;6;4;11.75
0;46;7;9991;0;120.0;8;8;12.375;9;5;12.4
0;22;1;171;0;119.8;0;0;0.0;0;0;0.0
0;46;39;9670;0;135.6;6;5;11.4;6;4;13.75
0;28;39;9991;0;120.7;5;4;11.25;5;4;13.0
0;18;1;9085;0;136.3;5;3;13.0;5;3;12.0
1;18;16;171;1;164.3;0;0;0.0;0;0;0.0
1;21;1;9773;1;149.2;6;6;13.5;6;6;14.166666666666666
0;18;16;9070;0;122.5;6;1;11.0;6;4;11.0
0;34;43;9991;0;100.0;5;0;0.0;5;1;11.0
0;21;17;9853;1;125.0;6;5;12.0;6;5;11.2
0;18;1;9773;1;131.0;6;5;13.0;6;6;13.0
1;20;1;171;0;122.0;0;0;0.0;0;0;0.0
0;18;1;9147;0;131.3;5;4;12.0;5;4;12.25
1;21;17;9119;0;117.0;5;5;11.166666666666666;5;3;10.8
1;19;17;9254;0;118.0;6;2;10.5;6;1;12.0
1;22;17;8014;0;126.0;6;6;12.666666666666666;6;6;12.166666666666666
1;23;44;9003;0;120.0;6;1;11.0;6;0;0.0
1;19;17;171;0;155.6;0;0;0.0;0;0;0.0
1;18;1;9147;0;122.8;5;4;11.5;5;2;10.333333333333334
1;19;1;171;1;127.3;0;0;0.0;0;0;0.0
1;19;17;9147;0;118.4;5;2;10.5;5;4;11.75
1;19;1;9670;0;128.1;5;4;12.5;5;4;11.0
1;22;1;9500;0;99.0;7;6;12.833333333333334;8;6;12.5
1;18;1;9773;1;161.2;6;6;15.571428571428571;6;6;16.142857142857142
1;18;17;9238;0;140.9;6;4;12.0;6;5;11.8
1;19;17;9773;0;111.1;6;4;11.25;6;3;11.333333333333334
1;18;1;171;0;149.9;0;0;0.0;0;0;0.0
1;21;17;9670;0;111.3;6;6;12.285714285714286;6;4;14.25
1;18;1;9254;0;121.5;6;5;11.0;6;3;10.333333333333334
1;19;44;9003;0;120.0;6;6;12.142857142857142;6;5;13.6
1;27;39;9003;0;120.0;6;2;11.5;6;0;0.0
1;20;53;9003;0;130.0;12;11;12.545454545454543;10;8;11.625
1;20;1;9254;0;98.9;6;4;13.0;6;6;13.0
1;18;1;9500;0;136.3;8;8;12.8875;8;8;12.8875
1;18;17;9773;0;125.2;6;6;12.666666666666666;6;5;13.6
1;18;1;9070;0;130.0;6;6;12.833333333333334;6;6;12.571428571428571
1;18;1;9147;0;141.5;5;3;10.666666666666666;5;2;12.5
1;18;16;9085;0;123.9;5;5;13.0;5;5;12.4
0;18;17;9500;0;114.5;7;6;11.983333333333334;8;8;12.28125
0;37;39;8014;0;100.0;5;0;0.0;5;0;0.0
0;36;39;8014;1;110.5;6;6;11.833333333333334;6;6;11.5
0;26;39;9085;0;101.0;6;3;12.666666666666666;6;2;11.0
0;19;1;9085;0;121.0;5;4;13.75;5;4;14.5
0;24;39;8014;0;95.0;6;5;11.4;6;5;11.8
0;19;1;9773;1;126.9;6;6;13.166666666666666;6;6;13.0
0;20;42;9670;1;116.3;7;6;12.833333333333334;8;5;11.8
0;19;18;9670;0;120.0;6;6;14.125;6;5;14.5
0;21;1;9085;0;123.6;5;3;11.666666666666666;5;5;13.0
0;50;39;9556;0;150.0;7;6;10.25;7;4;11.25
0;47;39;9556;0;120.0;7;6;12.514285714285716;7;4;11.75
0;24;42;9853;0;111.3;13;10;11.5;13;9;10.444444444444445
0;48;39;9991;0;150.0;5;1;10.0;5;0;0.0
0;18;1;9085;1;123.2;6;6;15.714285714285714;6;5;12.77777777777778
1;32;44;9991;0;130.0;6;4;12.5;7;4;11.0
1;20;1;9670;0;137.9;5;3;12.0;5;4;12.75
1;24;39;9119;0;100.0;5;0;0.0;5;0;0.0
1;53;39;9130;0;120.0;5;4;12.25;5;4;11.75
1;42;39;9773;0;131.0;4;0;0.0;4;0;0.0
1;52;39;9991;0;133.8;5;5;13.6;5;5;14.2
1;54;43;8014;0;100.0;13;13;13.307692307692308;11;11;12.818181818181818
1;49;39;9991;0;150.0;5;5;12.2;5;5;11.8
1;18;17;9670;1;126.4;6;6;12.285714285714286;6;6;13.333333333333334
1;37;39;9130;0;154.0;5;3;12.0;5;4;13.0
1;21;1;9500;1;114.9;7;6;13.342857142857143;8;7;11.65
1;26;39;9670;0;110.0;5;0;0.0;5;0;0.0
1;20;1;9070;0;149.8;12;11;14.272727272727272;12;11;14.818181818181818
0;19;1;9500;1;117.9;7;7;12.1375;8;8;12.91111111111111
0;18;1;9070;0;165.8;6;6;14.166666666666666;6;6;14.857142857142858
0;18;17;9500;0;127.6;7;7;13.528571428571428;8;8;14.655555555555557
0;20;17;8014;0;123.8;6;5;12.0;6;6;11.0
0;20;17;9254;0;126.1;5;5;11.4;6;1;11.0
0;21;1;171;0;119.7;0;0;0.0;0;0;0.0
0;22;1;171;0;121.6;12;12;12.916666666666666;11;11;14.5
0;18;43;9500;1;100.0;7;7;13.6375;8;8;14.3875
0;18;1;9500;0;127.6;7;7;12.9;8;7;12.142857142857142
0;19;1;9500;1;132.5;8;7;14.36;8;7;14.36
0;19;1;9500;0;124.3;8;7;14.514285714285714;8;7;14.514285714285714
0;18;1;9500;0;131.0;8;7;14.7;8;7;14.7
0;27;7;9991;0;120.0;5;5;15.2;5;5;14.0
0;20;1;9556;1;113.3;7;7;13.0;8;8;15.0625
0;20;1;9853;0;121.9;6;6;13.5;6;0;0.0
0;20;1;9085;0;118.3;5;5;12.333333333333334;5;5;12.6
0;19;1;9147;0;118.8;5;5;13.4;5;5;13.0
0;20;1;9085;0;129.0;5;4;11.75;5;2;10.5
0;20;43;171;1;143.3;0;0;0.0;0;0;0.0
0;20;1;171;0;152.5;0;0;0.0;0;0;0.0
0;27;53;9085;0;155.7;12;11;14.727272727272728;9;7;14.142857142857142
0;18;1;9085;0;153.9;6;6;16.571428571428573;6;6;15.666666666666666
0;18;1;9500;0;137.8;7;7;15.145;8;8;15.7425
0;18;17;9500;1;143.3;7;7;13.44285714285714;8;8;15.075
0;20;1;9085;0;123.2;5;5;14.166666666666666;5;4;11.75
0;19;1;9773;0;138.1;6;6;14.0;6;5;15.0
0;20;17;9238;1;140.5;6;6;11.333333333333334;6;6;12.333333333333334
0;18;1;9500;0;130.0;8;8;13.76125;8;8;13.76125
0;22;44;9070;0;104.8;7;5;11.6;9;5;10.0
0;22;17;8014;1;132.5;6;4;12.75;6;5;13.0
0;25;39;9991;0;127.7;5;4;12.5;5;4;11.0
0;19;1;9085;0;136.5;6;6;15.307692307692308;6;6;14.0
0;21;44;9130;0;130.0;6;5;13.285714285714286;6;4;12.0
0;27;39;9500;0;190.0;7;7;14.757142857142856;8;8;14.077777777777778
0;18;17;9500;0;128.5;7;6;12.766666666666666;7;6;12.766666666666666
0;18;17;9254;0;126.6;5;5;10.4;6;0;0.0
1;19;17;9556;0;131.6;7;0;0.0;7;0;0.0
1;35;39;9991;1;119.0;5;4;10.5;5;5;12.6
1;23;17;9085;0;127.6;5;4;14.25;5;5;13.4
1;28;39;9500;0;100.0;7;3;11.916666666666666;7;0;0.0
1;19;1;9119;0;124.5;5;3;10.666666666666666;5;2;14.0
1;19;1;9773;0;109.3;6;4;12.25;6;3;12.666666666666666
1;20;1;9670;0;117.7;5;4;12.0;5;5;11.6
1;21;1;9670;0;124.7;5;3;11.0;5;4;12.75
1;18;17;9070;0;124.5;6;6;14.166666666666666;6;5;13.0
1;22;1;9070;0;140.8;6;6;14.666666666666666;6;6;15.0
1;21;17;9085;0;111.9;5;0;0.0;5;5;12.285714285714286
1;38;7;9556;0;140.0;7;3;12.666666666666666;5;0;0.0
1;20;1;171;0;121.2;0;0;0.0;0;0;0.0
1;19;43;171;0;123.8;0;0;0.0;0;0;0.0
1;24;7;9119;0;134.0;5;0;0.0;5;0;0.0
1;19;18;9070;0;130.8;6;0;0.0;6;0;0.0
1;19;1;9500;1;130.2;7;7;13.7;8;8;14.022222222222222
1;19;1;9147;0;123.3;5;5;11.8;5;4;12.4
1;31;39;9119;0;147.6;5;0;0.0;5;0;0.0
1;19;17;9670;1;113.4;6;6;13.333333333333334;6;6;13.285714285714286
1;22;17;9070;0;133.7;6;5;11.4;6;6;12.166666666666666
1;25;39;9085;0;128.2;5;0;0.0;5;0;0.0
1;18;1;9500;0;161.0;7;7;16.142857142857142;8;0;0.0
1;30;7;9500;0;130.0;8;0;0.0;8;0;0.0
1;18;1;9500;1;156.3;8;8;15.63375;8;8;15.63375
1;18;1;9773;0;129.3;6;6;13.666666666666666;6;6;14.5
1;18;17;9773;0;129.3;6;0;0.0;6;0;0.0
1;18;1;9238;0;136.3;6;6;12.5;6;6;11.5
1;25;39;9670;1;140.0;6;6;12.285714285714286;6;6;13.0
1;18;1;9119;0;135.9;5;2;14.0;5;3;11.0
1;18;1;171;0;139.7;0;0;0.0;0;0;0.0
1;19;1;9147;0;117.0;5;4;10.75;5;4;12.25
1;25;39;9556;0;105.0;7;4;12.95;7;4;13.125
0;19;1;9500;0;130.5;7;6;12.45;7;6;12.45
0;31;44;9991;0;130.0;6;4;12.25;7;7;12.0
0;20;1;9500;1;131.5;8;8;13.38125;8;8;13.38125
0;33;42;9500;0;100.0;7;5;12.16;6;5;11.34
0;24;44;9085;0;140.0;6;4;12.5;6;2;11.5
0;18;17;9238;1;130.2;6;6;12.75;6;6;12.166666666666666
0;19;17;9500;0;133.5;8;8;13.3425;8;8;13.3425
0;20;1;9500;1;133.2;7;7;14.175;8;6;13.03125
1;33;39;9500;1;130.0;8;1;10.0;8;1;10.0
1;24;39;9119;0;129.0;5;0;0.0;5;2;14.5
1;24;39;9991;0;100.0;5;0;0.0;5;0;0.0
1;18;17;9085;0;116.5;5;5;12.0;5;5;12.142857142857142
0;18;1;9254;1;124.2;6;6;10.571428571428571;6;5;11.4
0;22;51;9085;0;138.8;12;11;14.153846153846152;12;12;15.428571428571429
0;18;1;9773;1;126.4;6;6;11.166666666666666;6;5;12.4
0;21;1;171;0;151.9;17;17;12.0;17;17;12.666666666666666
0;38;39;9991;0;120.0;5;3;11.333333333333334;5;4;12.0
0;29;43;9238;1;131.9;16;16;12.588235294117649;13;13;13.357142857142858
0;20;44;9130;1;130.0;6;4;12.0;6;4;10.75
0;18;17;9254;0;131.7;6;0;0.0;6;0;0.0
1;37;43;9991;0;132.5;12;12;12.25;13;13;12.846153846153848
1;20;1;9147;0;116.5;5;5;11.6;5;5;12.8
1;20;1;9130;0;133.9;5;4;13.0;5;3;12.0
1;40;39;9119;0;145.4;5;3;10.666666666666666;5;2;12.5
1;44;39;8014;0;172.0;11;9;12.333333333333334;11;9;11.0
1;21;1;9147;0;111.0;5;2;11.0;5;3;11.428571428571429
1;21;44;9070;0;120.0;7;6;13.428571428571429;9;8;13.125
1;18;1;9500;0;129.8;8;8;13.05375;8;8;13.05375
1;18;1;9500;0;118.1;7;6;12.035714285714286;8;7;13.75
1;27;39;9003;0;130.0;6;6;14.166666666666666;6;6;13.833333333333334
1;38;39;9070;0;126.3;6;0;0.0;6;0;0.0
1;18;18;9130;0;137.8;6;5;13.6;6;3;12.666666666666666
1;19;17;9254;0;116.1;6;5;12.2;6;2;12.0
1;18;1;9130;0;115.4;6;6;13.714285714285714;6;5;13.333333333333334
1;19;43;9773;0;110.0;6;3;11.666666666666666;6;2;10.0
1;44;39;9670;0;97.4;6;1;14.0;6;0;0.0
1;26;44;9085;0;130.0;6;4;12.5;6;3;10.0
1;24;43;9130;0;156.0;6;5;11.833333333333334;6;4;11.5
1;27;39;9003;0;126.1;6;0;0.0;6;0;0.0
1;27;39;9003;0;120.0;6;0;0.0;6;0;0.0
1;25;43;9070;0;105.2;17;13;11.538461538461538;15;10;12.4
1;21;44;9003;0;120.0;9;7;11.285714285714286;8;4;12.25
1;19;1;171;1;137.8;0;0;0.0;0;0;0.0
1;20;17;9070;0;134.2;6;5;11.8;6;4;12.0
1;20;44;9119;0;150.0;5;0;0.0;5;2;10.5
1;20;17;9119;0;116.0;5;0;0.0;5;0;0.0
1;18;1;9119;1;143.4;5;5;14.2;5;5;14.2
1;19;17;171;0;143.6;12;10;12.7;11;10;12.272727272727272
0;22;44;9130;0;150.0;6;3;12.666666666666666;6;0;0.0
0;19;1;9670;0;118.0;6;6;14.428571428571429;6;6;15.0
0;18;1;9500;1;109.3;7;7;13.117142857142856;8;7;12.6
0;20;1;9238;0;119.3;6;6;12.666666666666666;6;6;11.833333333333334
0;18;17;171;1;146.3;0;0;0.0;0;0;0.0
1;36;39;9773;0;161.5;6;6;15.285714285714286;6;6;16.5
1;19;15;9147;0;140.0;5;3;10.5;5;4;11.25
1;21;53;9147;1;142.2;11;11;12.636363636363637;9;9;12.6
0;26;1;9147;0;129.2;5;0;0.0;5;0;0.0
0;29;39;9003;0;100.0;9;3;14.333333333333334;7;1;14.0
1;26;44;9254;0;170.0;8;8;15.125;6;6;13.666666666666666
1;27;7;9500;0;140.0;7;0;0.0;8;0;0.0
1;32;51;9147;0;115.2;7;3;12.0;8;3;10.333333333333334
0;23;16;9853;1;121.4;6;4;14.25;6;5;12.0
0;24;39;9147;0;134.8;5;2;10.5;5;4;10.0
0;19;1;9773;1;136.9;6;6;13.5;6;6;14.428571428571429
1;25;42;9003;0;140.0;6;5;11.666666666666666;6;4;12.0
1;19;17;9254;0;112.2;6;5;10.8;6;3;10.0
1;20;1;9773;0;148.7;4;0;0.0;4;0;0.0
1;33;1;9254;0;133.0;9;9;12.8;7;7;11.428571428571429
1;35;39;9991;0;150.0;5;5;10.8;5;5;12.0
1;23;1;9147;0;98.0;5;4;11.4;5;4;11.0
1;19;1;9500;0;122.4;7;7;13.725714285714286;8;8;14.5
1;21;1;9670;0;139.0;6;5;12.8;6;5;12.25
1;21;1;9070;1;112.0;6;6;13.5;6;6;11.166666666666666
1;27;39;9500;0;143.8;8;7;15.57;8;7;15.57
1;19;17;9147;0;116.1;5;4;11.0;5;2;12.0
1;28;7;9500;0;138.0;7;7;14.114285714285714;8;8;15.91111111111111
1;25;43;9147;0;110.0;5;3;11.0;5;4;11.5
1;42;39;9238;0;103.5;6;0;0.0;6;0;0.0
1;27;7;9991;0;140.0;5;4;13.5;5;4;13.75
1;23;1;9070;0;108.7;6;4;11.25;6;0;0.0
1;18;17;9254;1;115.9;6;6;12.142857142857142;6;6;11.333333333333334
1;26;39;9500;0;127.3;8;7;13.075714285714286;8;7;13.075714285714286
1;18;1;9147;0;138.7;5;0;0.0;5;0;0.0
1;29;39;9991;0;135.8;5;3;11.0;5;2;13.5
1;22;17;9085;0;134.6;6;0;0.0;6;0;0.0
0;21;43;9500;0;118.4;7;4;13.125;7;6;12.333333333333334
0;19;1;9500;1;132.8;8;7;13.512857142857142;8;7;13.512857142857142
0;18;1;9238;1;155.5;6;6;12.833333333333334;6;6;12.166666666666666
0;18;1;9085;1;132.0;5;3;15.0;5;3;11.666666666666666
0;40;39;9003;0;110.0;6;5;12.8;6;3;13.333333333333334
0;20;17;9254;0;127.3;6;3;12.333333333333334;6;0;0.0
1;18;1;9500;0;126.0;8;5;12.288;8;5;12.288
1;31;43;8014;0;130.0;12;12;12.333333333333334;10;7;13.285714285714286
1;18;1;9147;1;118.8;5;4;11.5;5;5;12.8
1;22;43;9670;0;127.6;6;6;11.833333333333334;6;4;11.142857142857142
1;38;51;9147;0;112.1;5;0;0.0;5;0;0.0
1;33;43;9991;0;130.0;5;0;0.0;5;0;0.0
1;19;1;9119;1;111.1;5;5;11.8;5;3;11.5
1;18;17;9670;0;121.4;6;0;0.0;6;0;0.0
1;18;1;9119;1;126.8;5;5;12.2;5;4;12.0
1;27;51;9991;0;120.6;6;6;12.333333333333334;5;5;13.0
1;26;39;9254;0;126.5;6;6;12.428571428571429;6;6;12.833333333333334
0;19;1;9500;1;120.2;7;7;12.765714285714289;8;8;13.544444444444444
1;44;51;9500;0;120.0;7;5;12.1;7;5;12.6
1;19;1;9147;0;137.5;5;5;12.0;5;5;11.5
1;20;18;9070;0;127.9;6;0;0.0;6;0;0.0
1;24;39;9003;0;140.0;6;6;14.88888888888889;6;6;13.727272727272728
0;31;43;9991;0;131.8;14;13;11.357142857142858;14;13;12.0
0;25;43;9070;0;129.0;6;6;13.5;6;6;12.5
0;19;17;9773;0;115.8;6;0;0.0;6;0;0.0
0;18;17;9500;0;126.4;7;7;13.884285714285712;8;8;14.75
0;19;43;9085;0;130.0;6;5;13.0;6;3;11.666666666666666
0;19;1;9500;1;114.8;7;4;12.65;7;5;11.1
0;19;17;9147;0;138.6;5;1;11.0;5;0;0.0
0;24;39;9670;0;112.9;6;2;11.666666666666666;6;2;10.5
0;20;1;9238;0;111.6;6;6;14.5;6;6;12.666666666666666
0;18;17;9254;0;152.0;6;6;14.714285714285714;6;6;14.166666666666666
0;18;1;9238;1;132.6;6;6;13.285714285714286;6;6;14.333333333333334
0;21;17;9085;0;118.4;5;3;11.333333333333334;5;2;10.5
0;28;7;9500;0;120.0;7;0;0.0;7;0;0.0
0;18;1;9147;1;122.1;5;4;11.571428571428571;5;5;12.0
0;18;1;9853;0;142.8;6;5;13.0;6;4;11.5
0;18;1;9238;1;124.8;6;6;11.5;6;5;14.0
0;18;17;9147;1;126.3;5;5;11.8;5;5;11.6
0;19;1;9147;1;119.0;5;3;10.666666666666666;5;3;12.285714285714286
0;19;17;9500;1;124.9;7;6;13.8875;8;8;14.864444444444445
0;20;1;9238;1;118.0;6;5;11.4;6;6;11.5
0;34;43;8014;0;100.0;11;9;12.333333333333334;7;7;12.142857142857142
0;39;39;9500;0;109.0;7;5;12.16;7;5;12.16
0;19;17;9500;0;130.8;8;8;13.427499999999998;8;8;13.427499999999998
0;24;39;9070;0;110.0;6;6;15.166666666666666;6;2;15.5
0;18;10;9773;0;151.0;6;0;0.0;6;0;0.0
1;19;17;9130;0;131.0;5;2;10.5;5;0;0.0
1;18;1;9147;1;155.2;5;5;11.8;5;3;11.0
1;20;1;9147;0;121.0;5;5;13.2;5;5;11.4
1;19;1;9500;0;119.7;7;7;13.075;8;8;12.36111111111111
1;19;1;9130;0;131.0;6;4;11.6;6;2;13.0
1;19;17;9003;0;116.9;6;6;13.666666666666666;6;4;12.25
1;41;39;9991;0;130.0;5;4;10.75;5;2;10.0
1;19;1;9500;0;137.8;7;6;13.492857142857144;8;8;12.68888888888889
1;19;43;9254;0;122.1;6;3;12.5;6;4;11.0
1;23;7;9500;0;120.0;7;0;0.0;8;0;0.0
1;18;1;9119;0;133.0;5;5;13.285714285714286;5;5;14.8
1;19;1;9147;0;115.2;5;5;12.6;5;5;11.8
1;20;44;9003;0;160.0;6;6;14.0;6;6;14.666666666666666
1;35;39;9085;0;106.3;5;2;11.5;5;2;10.5
1;34;39;9670;0;103.0;6;0;0.0;6;0;0.0
0;19;1;9070;1;136.0;6;6;11.833333333333334;6;6;12.875
1;22;15;9238;0;146.5;6;5;11.5;6;5;12.4
1;20;17;9070;0;131.4;6;6;14.166666666666666;6;6;12.333333333333334
1;27;42;9991;0;130.0;2;2;12.5;5;2;12.5
1;30;39;9119;0;137.0;5;0;0.0;5;0;0.0
1;34;39;9119;0;125.9;5;0;0.0;5;1;11.0
1;20;1;9254;0;111.9;6;2;10.5;6;0;0.0
1;18;17;9070;0;131.2;6;6;11.833333333333334;6;6;13.166666666666666
1;26;1;9130;1;131.2;5;0;0.0;5;0;0.0
1;26;39;9991;0;140.0;5;5;12.4;5;5;12.4
1;26;39;9147;0;121.5;5;2;10.5;5;0;0.0
1;31;39;9991;0;153.5;5;0;0.0;5;0;0.0
1;20;1;171;1;142.2;12;12;14.583333333333334;11;11;14.333333333333334
1;19;1;9773;0;131.1;6;6;11.666666666666666;6;3;12.666666666666666
1;23;17;9670;0;130.6;5;0;0.0;5;0;0.0
1;20;1;9500;1;115.0;7;1;13.0;7;0;0.0
1;20;51;9500;0;125.0;7;7;15.66;10;9;15.011111111111113
1;29;39;8014;0;97.5;6;0;0.0;5;0;0.0
1;20;1;9773;1;134.4;6;6;12.166666666666666;6;4;12.75
1;24;1;9500;0;118.8;7;6;13.3;7;6;13.3
1;37;39;9556;0;110.5;7;0;0.0;7;0;0.0
1;18;1;9500;0;123.3;7;0;0.0;8;0;0.0
1;18;1;171;1;139.6;0;0;0.0;0;0;0.0
1;18;17;9500;0;138.8;8;7;13.55714285714286;8;7;13.55714285714286
1;41;44;9119;0;160.0;7;5;14.333333333333334;6;6;14.636363636363637
1;35;39;9003;0;140.0;6;4;12.0;6;3;10.333333333333334
0;19;17;9254;0;118.2;5;0;0.0;6;0;0.0
1;18;1;171;0;150.6;0;0;0.0;0;0;0.0
0;48;39;9500;0;115.2;7;4;11.75;7;3;11.725
0;19;1;9500;0;126.0;7;6;12.183333333333332;7;6;12.183333333333332
1;30;44;9003;0;160.0;9;6;11.833333333333334;8;4;11.0
1;51;43;9773;0;160.0;4;0;0.0;4;0;0.0
0;18;10;9085;0;184.4;6;6;15.0;6;5;14.333333333333334
0;18;1;171;0;156.0;0;0;0.0;0;0;0.0
0;18;1;171;0;150.2;0;0;0.0;0;0;0.0
0;18;1;9500;1;126.3;8;8;13.435;8;8;13.435
0;18;1;9130;0;146.1;5;4;13.5;5;0;0.0
0;18;1;171;0;145.3;0;0;0.0;0;0;0.0
0;23;18;171;0;116.8;17;17;11.5;17;17;12.176470588235292
0;19;1;9070;0;132.1;6;2;10.5;6;3;11.0
0;21;1;9085;0;102.6;6;4;12.0;6;2;11.5
0;18;1;9773;0;112.3;6;5;12.2;6;4;11.5
0;18;1;171;0;155.3;0;0;0.0;0;0;0.0
0;21;53;9085;0;153.8;11;10;14.5;9;8;14.0
0;20;43;9773;0;110.0;6;6;13.333333333333334;6;6;12.666666666666666
0;24;42;9085;0;128.2;11;9;12.0;10;9;12.555555555555555
0;18;1;9130;0;120.4;6;6;15.125;6;6;14.0
0;18;17;9500;0;153.0;7;6;13.116666666666667;7;6;13.116666666666667
0;19;1;9773;0;117.9;6;6;12.833333333333334;6;6;11.666666666666666
0;20;44;9238;1;145.6;6;6;13.333333333333334;6;6;14.166666666666666
0;18;1;9500;0;119.8;7;7;13.877142857142855;8;8;15.6625
0;18;1;9500;0;126.8;8;7;12.944285714285714;8;7;12.944285714285714
0;19;17;9853;0;106.1;6;5;12.333333333333334;6;5;11.0
0;19;1;9500;0;137.3;7;6;14.266666666666666;7;6;14.266666666666666
0;18;1;9670;0;115.5;6;5;13.0;6;5;14.0
0;20;1;9500;0;127.5;8;8;12.48375;8;8;12.48375
0;18;1;9556;0;116.3;7;7;13.428571428571429;8;8;15.3125
0;18;17;8014;0;113.2;6;3;10.666666666666666;6;0;0.0
0;18;1;9853;0;132.6;6;5;15.4;6;5;12.2
0;18;1;9500;0;132.0;7;6;13.45;7;6;13.45
0;18;17;9500;1;130.3;7;6;12.6;7;6;12.6
0;20;1;9500;0;116.7;7;7;12.485714285714286;8;8;12.9375
0;22;1;9070;1;134.0;6;5;10.8;6;5;12.8
0;20;43;9670;0;100.0;6;5;12.2;6;5;14.6
0;20;44;9085;0;140.0;6;5;14.2;6;2;13.5
0;18;1;9238;0;139.2;6;6;13.833333333333334;6;6;14.0
0;18;1;9853;0;132.6;6;5;12.8;6;3;10.0
0;18;17;9147;0;129.4;5;5;13.2;5;4;12.5
0;18;17;9670;1;125.6;6;1;14.0;6;0;0.0
0;19;17;9238;0;129.3;8;8;13.875;6;5;14.0
0;19;1;9085;1;128.4;5;5;12.5;5;5;12.714285714285714
0;18;17;9773;1;139.9;6;6;13.428571428571429;6;6;12.5
0;18;1;9070;1;124.8;6;5;11.8;6;5;13.0
0;18;17;9500;1;128.5;7;7;14.868571428571428;8;8;15.11111111111111
0;18;1;9500;0;117.8;7;7;13.03;8;8;13.21875
0;19;17;9670;0;115.1;6;6;14.571428571428571;6;6;12.333333333333334
0;18;17;9238;0;118.0;6;5;11.0;6;4;11.25
0;25;39;9500;1;120.0;8;8;13.3675;8;8;13.3675
0;19;1;9500;1;119.6;7;6;12.808333333333332;8;7;12.825714285714286
0;18;17;9500;0;133.2;7;7;13.918571428571427;8;8;13.8875
0;19;17;9130;0;141.8;6;6;13.0;6;4;12.8
0;18;1;9500;0;130.3;7;6;13.683333333333332;7;6;13.683333333333332
0;24;39;9085;0;100.0;6;5;13.0;6;1;12.0
0;21;1;9773;0;114.6;6;5;12.8;6;5;11.2
0;18;1;9254;1;123.4;6;6;13.571428571428571;6;6;12.166666666666666
0;18;1;9238;0;116.4;6;6;13.166666666666666;6;6;13.166666666666666
0;20;1;9070;1;123.2;6;6;15.0;6;6;14.5
0;19;1;9070;0;123.7;6;6;12.666666666666666;6;5;11.4
0;19;1;9773;1;127.6;6;6;13.857142857142858;6;6;13.142857142857142
0;30;1;9500;0;117.1;7;7;14.692857142857145;8;8;14.9625
0;18;1;9500;0;149.3;8;8;14.035;8;8;14.035
0;18;17;9085;0;125.6;5;4;11.0;5;3;14.0
0;18;1;9773;1;145.0;6;6;13.333333333333334;6;6;13.333333333333334
0;20;18;9500;0;115.0;7;6;11.7725;8;7;12.33
0;19;1;9254;0;114.3;6;0;0.0;6;0;0.0
0;19;43;9254;0;126.0;6;0;0.0;6;0;0.0
0;19;1;171;0;124.0;0;0;0.0;0;0;0.0
0;18;1;9254;1;122.6;6;6;12.285714285714286;6;6;12.0
0;17;1;9500;0;133.8;8;5;12.46;8;5;12.46
0;19;18;9853;0;113.5;7;6;12.166666666666666;7;6;13.166666666666666
0;18;1;9238;0;122.6;6;5;11.833333333333334;6;2;11.5
0;25;7;9500;0;140.0;8;7;14.805714285714286;8;7;14.805714285714286
0;19;1;9238;0;107.0;6;5;10.6;6;6;11.714285714285714
0;24;53;9085;0;130.0;9;8;13.125;9;6;13.0
0;19;1;9238;1;124.2;6;6;12.833333333333334;6;6;12.666666666666666
0;20;18;9500;1;125.8;8;0;0.0;8;0;0.0
0;20;1;9670;1;108.0;6;5;13.0;6;5;13.8
0;20;1;9500;1;115.2;7;7;12.725;8;8;13.7125
0;19;17;9085;0;129.3;5;4;11.25;5;3;10.333333333333334
0;31;7;9003;0;120.0;12;11;13.818181818181818;12;12;13.461538461538462
0;20;1;9085;0;116.7;5;3;12.333333333333334;5;3;13.0
0;18;1;9085;0;121.0;5;3;12.333333333333334;5;5;11.6
0;18;17;9853;0;128.2;6;4;13.25;6;3;10.666666666666666
0;18;1;9670;0;121.1;6;6;13.666666666666666;6;5;15.4
0;20;51;9238;0;112.6;11;8;12.625;10;3;11.0
0;20;17;9085;1;123.3;6;6;14.833333333333334;6;6;12.142857142857142
0;19;17;9670;1;129.4;6;5;11.2;6;5;13.125
0;21;17;9147;1;119.9;5;5;11.4;5;5;12.2
0;18;1;9500;0;131.6;7;7;13.135;8;8;13.244444444444444
0;21;51;9070;0;120.0;10;10;13.0;11;10;11.4
0;19;1;9500;0;110.0;7;4;12.85;7;7;12.62142857142857
0;20;44;9238;0;143.0;6;6;13.5;6;5;12.5
0;20;44;9085;0;140.0;6;6;14.285714285714286;6;3;13.0
0;18;1;9670;1;119.2;6;5;13.5;6;6;14.5
0;18;1;9147;1;124.3;5;4;10.75;5;5;13.0
0;18;17;9238;1;111.1;6;6;11.333333333333334;6;6;11.833333333333334
0;21;43;9085;1;150.0;7;3;13.0;5;5;13.285714285714286
0;18;1;9500;0;147.3;7;6;13.966666666666669;7;6;13.966666666666669
0;18;1;9500;1;147.5;8;8;14.14125;8;8;14.14125
0;20;17;9254;1;108.0;6;4;11.6;6;4;11.75
0;32;42;9500;1;130.0;8;8;14.6625;8;8;14.6625
0;34;39;9991;0;130.0;5;0;0.0;5;0;0.0
0;23;1;9500;1;109.0;7;6;12.993333333333334;8;8;12.66875
0;18;1;9670;0;112.0;6;4;11.25;6;5;12.2
0;18;17;8014;0;121.2;6;5;12.2;6;5;12.8
0;34;43;171;0;140.0;0;0;0.0;0;0;0.0
0;25;39;8014;0;119.5;6;6;11.333333333333334;6;4;11.75
0;21;1;9147;0;125.9;5;5;12.2;5;5;11.8
0;20;1;9254;1;121.5;6;0;0.0;6;0;0.0
0;18;1;9238;0;121.5;6;6;11.333333333333334;6;6;11.666666666666666
0;18;17;9085;0;132.4;6;6;13.857142857142858;6;6;13.1
0;18;17;9773;0;122.4;6;6;12.857142857142858;6;6;13.333333333333334
0;24;39;8014;0;110.0;6;1;10.0;6;0;0.0
0;32;51;9147;0;120.4;15;14;10.214285714285714;13;13;11.384615384615383
0;24;39;9254;0;105.0;6;6;11.285714285714286;6;3;10.333333333333334
0;18;1;9238;1;137.8;6;6;13.833333333333334;6;0;0.0
0;28;51;9254;0;118.0;6;6;12.857142857142858;6;5;12.6
0;18;17;9853;1;122.1;6;6;11.666666666666666;6;4;12.0
0;24;7;9853;0;140.0;6;0;0.0;5;0;0.0
0;19;1;9085;0;143.2;5;5;14.4;5;5;13.2
0;44;39;8014;0;120.5;6;6;14.833333333333334;6;6;14.166666666666666
0;18;16;9085;1;119.5;6;6;14.333333333333334;6;6;12.0
0;18;1;171;0;147.5;0;0;0.0;0;0;0.0
0;22;1;9773;0;129.6;6;0;0.0;6;0;0.0
0;18;18;9853;1;126.1;7;6;12.333333333333334;7;6;12.666666666666666
0;44;39;9991;0;160.0;5;5;11.8;5;5;12.4
0;33;39;9853;0;105.5;6;5;13.2;6;5;10.6
0;32;39;9853;0;95.5;6;0;0.0;5;0;0.0
0;35;39;9003;0;107.5;6;0;0.0;6;0;0.0
0;20;1;9238;0;106.1;6;6;11.5;6;6;13.285714285714286
0;24;39;9254;0;116.3;6;5;12.6;6;5;12.2
0;19;1;9500;0;137.4;7;7;13.542857142857144;8;8;14.22222222222222
0;21;1;9254;0;101.8;6;5;11.6;6;5;13.0
1;19;1;9773;1;144.1;6;6;13.666666666666666;6;6;13.833333333333334
1;27;42;9003;0;107.8;6;0;0.0;6;0;0.0
0;30;39;9853;0;128.2;6;0;0.0;6;0;0.0
1;21;17;171;0;117.0;0;0;0.0;0;0;0.0
1;19;1;9070;0;110.4;6;6;11.5;6;6;12.285714285714286
0;34;39;9991;0;170.0;5;2;11.5;5;4;11.75
1;18;43;9500;0;100.0;7;7;11.828571428571427;8;7;12.9125
1;21;1;171;0;117.0;0;0;0.0;0;0;0.0
1;17;1;171;0;133.5;0;0;0.0;0;0;0.0
0;19;1;9500;1;128.0;7;6;12.966666666666669;7;6;12.966666666666669
1;18;1;9773;0;122.1;6;6;13.833333333333334;6;6;13.666666666666666
0;19;17;9500;0;133.4;7;7;14.125714285714285;8;8;14.36875
0;45;39;9254;0;112.0;10;5;12.166666666666666;8;0;0.0
0;26;39;9085;0;130.0;6;6;12.666666666666666;6;4;12.25
1;51;39;9991;0;100.0;4;0;0.0;5;0;0.0
1;49;39;9773;1;162.0;6;6;12.285714285714286;6;6;14.166666666666666
1;22;42;9500;0;153.0;6;3;14.5;7;4;14.375
1;22;17;9147;0;131.4;5;2;10.0;5;1;10.0
0;33;7;9130;0;128.2;5;2;11.5;5;2;12.0
0;20;10;9670;0;148.9;5;5;11.6;5;4;11.5
0;18;1;9238;1;128.4;6;6;12.5;6;6;11.666666666666666
0;20;1;9853;0;120.3;6;3;11.666666666666666;6;2;11.0
0;37;57;9991;0;100.0;10;7;13.428571428571429;10;10;11.6
1;18;1;9254;0;126.1;6;6;13.666666666666666;6;6;13.5
0;19;1;9254;0;111.7;6;6;12.5;6;6;12.166666666666666
0;21;44;9085;0;140.0;6;6;13.0;6;4;12.8
0;20;1;9500;0;122.2;7;6;12.783333333333331;8;7;12.842857142857143
0;19;1;9500;0;118.7;7;0;0.0;8;0;0.0
0;20;17;9556;0;121.5;7;4;13.5;7;4;11.225
0;18;17;9500;0;134.5;7;7;13.457142857142856;8;8;15.125
0;19;1;9500;0;127.0;8;7;13.44285714285714;8;7;13.44285714285714
0;18;1;9238;0;114.2;6;4;11.0;6;5;10.833333333333334
0;18;17;9238;1;125.3;6;6;11.333333333333334;6;6;12.285714285714286
0;18;1;9773;0;120.4;5;2;10.0;1;0;0.0
0;19;1;9500;0;123.0;7;5;13.44;7;6;13.066666666666668
0;18;1;9556;1;130.5;7;7;12.214285714285714;8;8;14.0625
0;19;1;9070;1;125.5;6;6;14.166666666666666;6;6;13.5
0;24;53;9003;1;133.8;12;12;12.846153846153848;11;11;12.636363636363637
0;20;44;9085;0;150.0;6;6;13.0;6;2;12.0
0;21;1;9147;1;130.5;5;5;12.8;5;4;11.25
0;20;44;9085;0;140.0;6;4;13.0;6;5;12.0
0;19;17;9500;1;119.4;7;7;13.371428571428572;8;8;13.666666666666666
0;19;17;9556;1;121.3;7;7;13.385714285714286;8;8;13.3875
0;18;1;9500;0;126.3;8;7;13.328571428571427;8;7;13.328571428571427
0;19;1;9085;0;111.6;6;5;14.0;6;5;11.0
0;21;17;9147;0;111.3;5;5;12.6;5;5;13.2
0;19;1;9853;1;122.5;6;6;14.0;6;6;15.0
0;18;1;9254;1;116.5;6;6;13.428571428571429;6;6;12.666666666666666
0;17;17;9070;1;132.0;6;6;13.0;6;6;12.5
0;19;18;9853;0;123.7;6;5;12.666666666666666;6;5;11.0
1;23;17;9147;0;117.0;5;3;10.0;5;3;12.333333333333334
0;19;1;9670;0;116.5;6;6;12.833333333333334;6;6;11.77777777777778
0;18;1;9500;0;121.5;7;6;12.916666666666666;7;6;12.916666666666666
0;20;1;9670;0;105.0;6;6;13.285714285714286;6;5;13.8
0;19;1;9085;1;121.3;5;5;14.6;5;5;13.8
0;18;1;9238;1;136.1;6;6;14.0;6;6;13.666666666666666
0;19;17;9238;1;123.6;6;6;14.142857142857142;6;6;15.0
0;19;1;9238;0;129.0;6;6;11.666666666666666;6;6;12.333333333333334
0;18;17;9500;0;136.8;8;8;14.3775;8;8;14.3775
0;18;17;9500;0;133.4;7;7;12.5;8;7;13.042857142857144
0;19;1;9500;1;136.0;7;6;14.15;7;6;14.15
0;19;1;9500;1;125.8;8;7;12.471428571428572;8;7;12.471428571428572
0;19;1;9500;0;120.5;7;6;14.15;7;6;14.15
0;21;1;9500;0;130.2;7;7;14.072222222222225;8;8;14.0475
0;18;1;9773;0;135.9;6;6;14.857142857142858;6;6;14.666666666666666
0;19;1;9773;1;116.5;6;6;14.285714285714286;6;6;13.166666666666666
0;18;1;9773;0;124.0;4;0;0.0;4;0;0.0
0;30;7;8014;0;140.0;6;0;0.0;6;0;0.0
0;18;17;9130;0;150.9;6;6;15.0;6;5;15.166666666666666
0;20;1;9500;1;127.3;7;6;12.633333333333333;7;6;12.633333333333333
0;25;39;9670;0;100.0;5;5;11.2;5;5;12.6
0;18;1;9500;0;128.8;7;6;14.233333333333334;7;6;14.233333333333334
0;21;1;9085;0;119.7;5;5;12.2;5;3;11.333333333333334
0;18;1;9500;0;140.8;8;7;15.7;8;7;15.7
0;18;1;9500;0;138.0;7;6;15.2;7;6;15.2
0;29;17;9853;0;132.9;6;6;16.333333333333332;6;5;15.6
0;20;43;9130;0;140.0;17;14;12.5625;12;12;12.857142857142858
0;26;7;9500;0;140.0;7;0;0.0;8;0;0.0
0;21;1;9238;0;99.3;6;5;12.4;6;6;12.0
0;19;18;9500;1;119.3;8;8;13.78125;8;8;13.78125
0;19;17;9254;0;113.2;6;6;12.166666666666666;6;5;11.666666666666666
0;21;17;9773;0;117.0;6;5;11.8;6;5;11.833333333333334
0;20;18;8014;0;123.0;6;4;10.8;6;4;12.0
0;18;1;9500;1;127.2;7;7;13.26;8;8;14.28625
0;20;1;9773;0;141.0;6;4;12.0;6;3;10.666666666666666
0;20;1;9238;1;121.7;6;6;11.875;6;6;14.428571428571429
0;18;43;9500;1;121.1;7;5;12.16;7;2;13.4
0;18;16;9070;0;146.1;6;1;15.0;6;4;12.5
0;18;1;9773;0;142.5;6;6;13.333333333333334;6;5;13.2
0;18;17;9085;0;126.8;5;2;11.5;5;3;11.8
0;22;44;9085;0;150.0;6;6;14.428571428571429;6;5;13.0
0;19;44;9085;0;150.0;5;1;13.0;5;3;15.333333333333334
0;19;17;9003;1;134.5;6;6;15.0;6;6;14.333333333333334
0;18;1;9556;0;129.5;7;7;15.155555555555557;8;8;16.8
0;20;1;9238;0;113.2;6;6;10.666666666666666;6;6;11.857142857142858
0;18;17;9853;0;140.2;6;5;11.0;6;4;11.25
0;21;17;9670;0;119.2;6;0;0.0;6;0;0.0
0;19;1;9238;0;140.7;6;6;12.285714285714286;6;6;12.0
0;18;1;9500;0;142.3;8;8;12.82875;8;8;12.82875
0;18;1;9773;0;129.9;6;6;12.666666666666666;6;5;14.4
0;18;17;171;0;134.8;0;0;0.0;0;0;0.0
0;21;17;9085;1;104.1;6;2;13.0;6;0;0.0
0;19;1;9147;0;122.4;5;5;10.875;5;4;12.4
0;19;1;9147;1;120.6;5;5;12.8;5;5;11.6
0;19;17;9238;0;112.4;6;5;11.285714285714286;6;0;0.0
0;18;1;171;0;157.9;0;0;0.0;0;0;0.0
0;19;43;9254;1;125.9;6;0;0.0;6;1;10.0
0;20;17;9500;1;118.4;7;6;13.766666666666666;8;8;13.744444444444444
0;18;1;9500;0;130.8;8;6;12.758333333333333;8;6;12.758333333333333
0;19;1;171;1;176.7;0;0;0.0;0;0;0.0
0;18;1;9070;0;156.8;6;6;12.666666666666666;6;6;13.25
0;18;1;9085;0;126.8;6;6;12.0;6;4;12.75
0;19;1;9238;1;128.0;6;6;12.25;6;6;12.0
0;20;1;9147;0;113.8;5;3;11.333333333333334;5;5;12.2
0;19;17;9500;1;120.8;7;7;13.507142857142856;8;8;13.05
0;18;1;9500;0;130.8;8;7;13.614285714285714;8;7;13.614285714285714
0;25;39;9254;0;101.0;6;0;0.0;6;0;0.0
0;18;17;9070;0;126.1;6;4;11.5;6;6;12.166666666666666
0;19;1;9773;0;113.8;6;6;12.333333333333334;6;6;12.5
0;19;17;9556;1;118.3;7;7;11.971428571428572;8;8;14.4375
0;20;1;9147;1;127.9;5;2;13.0;5;2;11.5
0;18;17;9500;0;131.1;7;7;12.385714285714286;8;7;12.728571428571428
0;20;17;9085;0;117.9;5;2;13.5;5;5;11.285714285714286
0;21;17;9238;0;115.7;6;6;12.166666666666666;6;6;13.285714285714286
0;19;1;171;0;141.0;0;0;0.0;0;0;0.0
0;42;39;8014;0;120.0;6;6;11.666666666666666;6;6;13.666666666666666
0;18;17;9130;0;131.8;6;5;12.4;6;5;14.166666666666666
0;19;1;9070;1;131.1;6;5;13.4;6;6;12.833333333333334
0;18;1;9254;0;117.8;6;6;12.0;6;4;12.5
0;21;10;9085;0;140.0;5;5;14.2;5;5;14.8
0;20;1;9238;1;108.0;6;6;12.125;6;6;14.428571428571429
0;20;1;9853;0;122.9;7;7;13.857142857142858;7;7;13.285714285714286
0;21;44;9085;0;130.0;6;3;11.75;6;5;12.333333333333334
0;19;1;9500;0;126.0;7;7;14.283333333333337;8;8;13.125555555555556
0;21;42;9238;0;134.0;13;11;13.272727272727272;11;9;13.0
0;19;1;9070;0;134.3;6;6;14.666666666666666;6;6;15.142857142857142
0;19;1;9500;1;138.7;7;7;15.114999999999998;8;8;15.092
0;18;17;171;0;143.3;0;0;0.0;0;0;0.0
0;22;44;9085;0;160.0;6;6;15.0;6;6;13.142857142857142
0;21;1;9853;0;111.0;6;5;13.2;6;5;14.333333333333334
0;18;17;9254;1;128.5;6;2;11.0;6;3;10.333333333333334
0;20;1;9500;1;133.0;8;7;14.565714285714288;8;7;14.565714285714288
0;18;17;9670;0;114.6;5;3;12.0;5;4;10.75
0;20;17;9238;0;104.1;6;0;0.0;5;0;0.0
0;23;17;9500;0;127.6;7;6;13.796666666666669;8;7;13.775
0;18;1;9773;0;151.0;6;6;14.833333333333334;6;6;15.333333333333334
0;20;44;9238;0;135.7;6;6;12.833333333333334;6;6;13.833333333333334
0;18;17;9500;1;137.8;8;7;14.962857142857144;8;7;14.962857142857144
0;20;1;9147;0;117.3;5;4;12.0;5;5;11.2
0;18;18;9500;0;121.2;7;7;12.4;8;8;12.8
0;20;17;9670;0;129.3;6;6;15.571428571428571;6;6;17.166666666666668
0;19;1;9500;0;123.0;8;7;13.714285714285714;8;7;13.714285714285714
0;21;44;9085;0;140.0;6;6;13.142857142857142;6;6;12.166666666666666
0;33;7;9070;0;140.0;6;6;15.0;6;3;11.0
0;24;1;9085;0;144.6;5;1;13.0;5;0;0.0
0;20;43;9238;1;118.3;11;11;12.0;11;11;12.75
0;18;1;171;0;153.6;0;0;0.0;0;0;0.0
0;18;1;9070;0;158.3;6;6;15.166666666666666;6;6;14.166666666666666
0;29;43;8014;0;100.0;6;4;12.0;6;2;10.5
0;18;17;9500;0;134.9;7;7;13.642857142857142;8;8;14.772727272727272
0;19;1;9773;0;142.0;6;6;12.666666666666666;6;6;12.714285714285714
0;19;17;171;0;127.3;0;0;0.0;0;0;0.0
0;18;17;9238;1;116.5;6;5;10.8;6;6;10.5
0;19;43;9500;1;138.6;7;6;14.25;8;8;13.063636363636364
0;20;42;9853;0;133.0;14;12;12.153846153846152;12;10;12.9
0;19;17;9238;0;136.2;6;1;11.5;6;2;10.5
0;19;17;9254;1;118.0;6;4;12.25;6;3;12.333333333333334
0;18;1;9070;1;126.8;6;6;12.0;6;5;11.142857142857142
0;18;1;9500;1;128.5;8;8;13.40375;8;8;13.40375
0;19;17;9254;1;129.9;6;6;11.333333333333334;6;3;12.666666666666666
1;20;17;9773;0;125.8;6;5;12.2;6;6;12.333333333333334
1;18;17;171;1;129.3;0;0;0.0;0;0;0.0
1;18;1;9500;0;124.7;7;0;0.0;8;0;0.0
1;35;39;9003;0;154.9;6;5;16.166666666666668;6;4;16.0
1;18;17;9119;0;127.3;5;3;11.0;5;3;11.0
1;19;1;171;1;129.0;0;0;0.0;0;0;0.0
1;19;1;9773;1;98.0;6;4;12.0;6;6;12.285714285714286
1;20;17;9147;0;122.0;5;2;10.5;5;4;12.25
1;19;43;9070;0;112.5;6;3;11.666666666666666;6;4;10.333333333333334
1;19;1;9147;0;127.3;5;3;11.0;5;2;10.0
1;24;39;9556;0;100.5;7;0;0.0;7;0;0.0
1;29;39;8014;0;122.0;6;4;12.5;6;0;0.0
1;24;39;9500;0;140.0;7;7;11.294444444444444;8;2;12.6
1;19;17;9254;0;116.1;6;5;11.2;6;4;12.5
1;37;7;171;0;130.0;0;0;0.0;0;0;0.0
1;18;5;9070;0;146.2;6;5;13.2;6;5;11.8
1;20;44;9119;1;180.0;7;6;14.142857142857142;6;6;14.125
1;18;1;9147;0;127.8;5;0;0.0;5;0;0.0
1;22;43;9147;0;130.8;5;0;0.0;5;3;13.333333333333334
1;22;17;9147;1;109.0;5;3;12.333333333333334;5;3;10.571428571428571
1;18;1;9773;0;132.4;6;0;0.0;6;0;0.0
1;18;1;9500;0;129.3;8;7;13.1;8;7;13.1
1;19;1;9070;0;125.4;6;6;13.5;6;6;13.166666666666666
1;19;1;9119;0;130.2;5;5;10.2;5;3;12.0
1;19;1;9238;0;132.0;6;5;11.571428571428571;6;3;13.0
1;21;44;9003;0;170.0;6;6;15.285714285714286;6;6;15.166666666666666
1;19;1;9773;0;130.2;6;5;12.6;10;8;11.0
1;18;18;9556;0;115.5;7;6;13.433333333333332;7;4;13.6
1;19;16;9147;0;127.6;5;5;11.6;5;3;11.0
1;25;7;9773;0;140.0;6;6;14.666666666666666;6;6;13.5
1;22;1;9070;0;120.2;6;6;14.666666666666666;6;6;14.666666666666666
1;24;39;9500;0;150.0;8;7;12.742857142857144;8;7;12.742857142857144
1;19;1;9500;0;100.0;7;7;11.975;8;7;13.12857142857143
1;18;43;9119;0;100.0;5;4;12.25;5;3;11.666666666666666
1;20;17;171;0;128.0;0;0;0.0;0;0;0.0
1;19;1;9500;1;128.0;8;7;14.935714285714283;8;7;14.935714285714283
1;19;43;9254;0;107.2;6;2;10.5;6;4;10.0
1;19;1;9670;0;110.1;6;5;13.333333333333334;6;5;13.0
1;23;43;9003;0;119.0;6;0;0.0;6;0;0.0
1;47;39;9773;0;155.5;6;5;13.8;6;4;14.0
1;19;1;9070;0;118.4;6;6;11.833333333333334;6;4;10.75
1;19;1;171;0;141.2;0;0;0.0;0;0;0.0
1;18;1;171;0;119.1;0;0;0.0;0;0;0.0
1;28;43;9147;0;111.0;5;2;10.0;5;0;0.0
1;20;43;9254;0;138.6;6;4;11.5;6;3;11.666666666666666
1;18;17;9254;1;121.2;6;3;10.666666666666666;6;4;12.0
1;21;1;171;1;150.4;0;0;0.0;0;0;0.0
1;19;1;9254;0;117.8;6;4;12.75;6;2;13.0
1;24;39;9254;0;102.5;6;0;0.0;6;0;0.0
1;24;39;9130;0;110.0;6;6;11.333333333333334;6;3;11.333333333333334
1;25;39;9085;0;138.3;6;0;0.0;6;0;0.0
1;28;39;9254;0;122.3;6;6;13.0;6;5;12.2
1;37;39;9991;0;127.8;5;4;10.75;5;3;11.333333333333334
1;19;43;9119;0;100.0;5;5;12.0;5;2;10.5
1;18;17;9500;1;126.4;7;7;13.462857142857144;8;8;13.90625
1;48;39;9254;0;100.0;6;3;10.0;6;1;10.0
1;21;17;9238;0;117.1;6;6;12.333333333333334;6;6;13.666666666666666
1;19;17;9500;1;124.7;7;6;12.528571428571428;7;6;12.416666666666666
1;21;43;9500;1;124.1;8;0;0.0;8;0;0.0
1;23;44;9119;0;129.4;5;0;0.0;5;0;0.0
1;18;1;9130;0;138.9;5;5;13.6;5;4;13.25
1;22;44;9238;0;138.6;6;6;12.333333333333334;6;2;14.0
1;25;16;171;0;133.9;13;10;11.454545454545457;11;7;12.25
1;27;7;9085;0;140.0;13;8;13.5;11;5;14.4
1;49;39;9119;0;95.1;5;0;0.0;5;0;0.0
1;31;39;9991;0;128.2;5;2;11.0;5;0;0.0
1;54;39;9254;0;121.5;6;6;13.714285714285714;6;5;14.333333333333334
1;25;7;33;0;120.0;21;21;12.363636363636363;16;12;12.25
1;20;44;9003;0;130.0;7;3;10.666666666666666;6;2;11.5
1;28;7;9070;0;120.0;6;2;12.0;6;3;12.666666666666666
1;41;39;8014;0;107.0;7;7;12.857142857142858;6;6;13.166666666666666
1;19;1;9670;1;116.1;6;6;13.125;6;6;12.714285714285714
1;22;43;9147;0;114.4;5;0;0.0;5;2;11.5
1;34;1;9254;0;157.7;6;2;13.5;6;0;0.0
1;28;39;9003;0;150.0;11;11;15.090909090909092;10;10;15.0
1;42;1;9853;0;114.3;6;5;12.4;6;5;11.8
1;21;18;9085;0;104.6;6;5;14.0;6;4;14.8
1;50;7;9003;0;140.0;6;2;13.5;6;1;13.0
1;19;1;9147;0;109.1;5;0;0.0;5;0;0.0
1;18;43;9500;0;120.6;7;4;12.65;7;3;10.666666666666666
1;59;39;9991;0;161.9;5;0;0.0;5;0;0.0
1;33;7;9991;0;140.0;5;0;0.0;5;0;0.0
1;23;17;9070;1;178.0;6;6;13.333333333333334;6;5;12.8
1;44;39;9991;0;138.3;5;3;11.333333333333334;5;5;11.142857142857142
1;37;1;8014;0;128.0;6;0;0.0;6;0;0.0
1;36;39;171;0;139.0;0;0;0.0;0;0;0.0
1;22;1;9991;0;113.2;5;3;11.666666666666666;5;2;10.5
1;49;39;8014;0;139.0;6;6;12.166666666666666;6;6;14.428571428571429
1;23;51;9773;0;110.0;6;6;13.333333333333334;6;4;12.75
1;19;1;9070;0;136.6;6;5;11.4;6;3;11.0
1;47;43;8014;0;161.1;6;6;12.142857142857142;6;0;0.0
1;28;43;9003;0;130.0;18;17;13.058823529411764;12;12;12.307692307692308
1;21;44;9003;0;140.0;6;4;11.75;6;4;10.5
1;21;1;9254;0;121.0;6;5;11.833333333333334;6;5;10.0
1;21;43;9238;0;118.6;11;10;12.4;10;10;11.8
1;20;1;9070;0;138.3;6;6;13.428571428571429;6;4;11.5
1;49;42;9147;0;115.8;5;0;0.0;5;0;0.0
1;40;39;9991;0;160.0;5;5;11.0;5;5;13.4
1;22;17;9254;1;114.5;6;6;13.625;6;6;14.428571428571429
1;19;42;9119;0;117.5;5;4;11.8;5;2;11.5
1;31;39;9991;0;121.7;5;0;0.0;5;0;0.0
1;30;42;9119;0;115.0;6;2;15.0;6;2;13.5
1;19;1;9238;0;125.3;6;5;10.8;6;5;11.0
1;22;18;9147;0;131.0;5;3;13.666666666666666;5;3;11.333333333333334
1;19;1;9773;0;126.3;6;6;12.833333333333334;6;6;13.333333333333334
1;21;17;171;0;127.1;0;0;0.0;0;0;0.0
1;19;17;9670;0;138.4;6;6;15.125;6;6;13.428571428571429
1;22;43;9147;0;100.0;5;0;0.0;5;1;10.0
1;22;1;9238;0;126.2;6;5;11.4;6;5;11.0
1;19;1;9238;0;118.8;6;4;12.25;6;6;11.0
1;26;39;9254;0;124.5;6;0;0.0;6;0;0.0
1;23;44;9119;0;140.0;7;3;14.0;6;1;14.0
1;18;17;9070;0;125.1;6;6;12.333333333333334;6;5;10.8
1;22;1;9147;1;118.8;5;5;10.666666666666666;5;2;11.0
1;19;18;9119;0;125.2;5;5;11.833333333333334;5;5;14.714285714285714
1;20;17;9147;0;95.0;5;0;0.0;5;0;0.0
1;22;1;9070;1;107.6;6;6;11.666666666666666;6;6;12.166666666666666
1;18;7;9130;0;140.0;5;2;13.0;5;0;0.0
1;39;43;9991;0;125.4;2;0;0.0;4;0;0.0
1;18;1;9500;0;128.0;8;0;0.0;8;0;0.0
1;18;17;9119;1;129.3;5;5;13.0;5;5;14.2
1;19;1;9238;1;152.0;6;6;13.857142857142858;6;6;14.0
1;18;1;9500;0;128.8;7;6;13.391666666666666;8;8;12.4875
1;18;1;9147;1;152.8;5;4;12.75;5;0;0.0
1;22;44;9130;0;150.0;5;4;14.5;5;5;14.6
1;19;1;9238;0;112.0;6;6;12.166666666666666;6;6;12.166666666666666
1;18;1;9130;0;135.6;5;5;15.4;5;5;15.6
1;31;39;9119;0;134.4;5;2;13.333333333333334;5;2;16.0
1;28;39;9991;0;120.5;5;0;0.0;5;0;0.0
1;19;1;9070;0;141.4;6;0;0.0;6;0;0.0
1;20;17;9254;0;145.2;6;6;13.714285714285714;6;6;14.714285714285714
1;50;39;9238;0;140.0;6;4;12.25;6;0;0.0
1;38;43;9070;0;100.0;6;5;16.0;6;4;16.5
1;31;39;9991;0;140.0;5;1;11.0;5;1;13.0
1;27;39;9500;0;126.0;7;7;14.085714285714284;7;7;14.085714285714284
1;21;18;9238;0;112.6;6;6;10.166666666666666;6;6;10.5
1;34;39;9119;0;106.8;5;1;10.0;5;0;0.0
1;19;51;9119;0;121.6;5;0;0.0;5;1;10.0
1;40;39;9991;0;120.0;5;2;10.5;5;3;10.666666666666666
1;18;1;171;1;160.6;0;0;0.0;0;0;0.0
1;46;39;9070;1;130.0;6;0;0.0;6;0;0.0
1;37;43;8014;0;110.0;6;0;0.0;5;0;0.0
1;31;39;9003;0;110.0;6;0;0.0;6;0;0.0
1;34;39;9003;0;145.8;6;5;13.333333333333334;6;5;12.4
1;18;1;171;1;130.2;0;0;0.0;0;0;0.0
1;18;1;9670;1;122.3;6;6;13.571428571428571;6;6;14.333333333333334
1;19;17;9070;1;125.4;6;6;12.833333333333334;6;6;11.166666666666666
1;40;43;9991;0;130.0;5;4;10.25;8;5;11.2
1;25;39;9130;0;150.0;6;0;0.0;6;0;0.0
1;20;17;9119;0;116.9;5;4;14.5;6;3;13.333333333333334
1;20;17;9119;0;114.7;5;5;15.8;5;5;13.714285714285714
1;43;39;9003;0;95.8;6;0;0.0;6;0;0.0
1;18;17;9119;0;133.1;5;4;12.5;5;3;14.666666666666666
1;35;43;9003;0;150.0;18;18;11.666666666666666;13;12;11.5
1;23;17;9991;0;118.5;5;4;13.0;5;5;13.0
1;19;17;9500;0;131.1;7;7;12.12142857142857;9;8;11.50625
1;21;53;9085;1;150.3;11;9;14.22222222222222;9;7;13.75
1;19;43;9670;0;120.5;6;4;12.5;6;4;13.25
1;20;18;9119;0;105.6;5;5;12.166666666666666;5;5;15.285714285714286
1;30;39;9670;1;125.3;6;0;0.0;6;0;0.0
1;44;39;9254;0;131.0;6;6;12.666666666666666;6;6;11.5
1;19;18;9500;0;127.0;8;7;13.614285714285714;8;7;13.614285714285714
1;22;44;9130;0;150.0;18;12;12.857142857142858;12;10;14.3
1;18;1;9130;0;149.2;5;4;14.0;5;5;14.2
1;21;17;9670;1;121.5;6;4;14.75;6;5;11.8
1;18;1;9085;0;137.3;6;0;0.0;6;0;0.0
1;18;17;9670;0;119.6;6;6;13.625;6;6;14.285714285714286
1;19;1;171;0;141.5;0;0;0.0;0;0;0.0
1;21;44;9003;0;150.0;6;4;11.8;6;4;11.875
1;31;39;9003;0;110.0;6;6;15.125;6;6;14.6
1;21;17;9254;0;110.2;6;4;11.5;6;2;10.5
1;24;39;9119;0;110.3;5;1;10.0;5;1;11.0
1;27;42;9773;0;120.0;4;0;0.0;5;0;0.0
1;20;1;9147;0;114.2;5;3;10.333333333333334;5;5;12.8
1;22;44;9119;0;140.0;5;0;0.0;5;2;11.666666666666666
1;19;1;9003;1;132.8;6;4;12.0;6;4;12.5
1;19;18;9773;0;121.5;6;6;13.833333333333334;6;6;14.5
1;23;1;171;0;127.2;17;13;12.153846153846152;17;11;11.909090909090908
1;18;17;9130;0;128.2;6;6;14.0;6;6;13.666666666666666
1;29;1;9773;0;133.4;6;6;16.5;6;5;13.8
1;29;39;9130;0;120.0;5;1;18.0;5;3;13.333333333333334
1;20;44;9003;0;140.0;6;6;11.285714285714286;6;5;11.77777777777778
1;19;1;171;1;136.9;0;0;0.0;0;0;0.0
1;22;17;171;0;117.0;0;0;0.0;0;0;0.0
1;20;1;9670;0;110.7;6;5;14.0;6;6;12.0
1;24;39;9130;0;160.0;5;4;13.75;5;3;12.0
1;21;1;9670;0;95.0;6;4;13.25;6;5;11.0
1;25;39;9147;1;148.8;5;4;14.25;5;4;14.75
1;32;39;9147;0;110.0;5;0;0.0;5;0;0.0
1;26;43;9991;0;133.9;12;8;11.25;8;3;11.333333333333334
1;18;1;9130;1;125.7;6;6;13.5;6;6;12.5
1;19;17;9254;1;116.6;6;5;12.666666666666666;6;6;12.857142857142858
1;19;1;9070;1;141.0;6;6;15.166666666666666;6;6;12.333333333333334
1;27;7;9119;0;130.0;6;6;13.166666666666666;5;5;15.142857142857142
1;21;53;9003;0;130.0;12;10;11.8;12;9;11.444444444444445
1;20;17;9119;0;115.8;5;4;11.5;5;0;0.0
1;21;44;9070;0;140.0;6;6;14.5;6;6;11.333333333333334
1;22;1;9773;0;126.1;6;5;13.4;6;3;10.666666666666666
1;19;1;171;0;137.5;0;0;0.0;0;0;0.0
1;18;17;9147;1;120.8;5;4;10.8;5;2;12.5
1;28;39;9238;0;136.5;5;0;0.0;5;0;0.0
1;25;39;9003;0;122.0;10;6;11.428571428571429;7;4;12.0
1;25;43;9003;0;130.0;14;8;12.5;13;10;11.6
1;18;1;9147;0;126.3;5;2;13.5;5;3;12.333333333333334
1;26;1;9254;0;98.0;6;0;0.0;6;0;0.0
1;18;17;9147;1;121.0;5;5;12.75;5;5;11.5
1;22;43;9773;0;124.2;6;3;11.333333333333334;6;3;12.333333333333334
1;25;39;9003;0;130.0;6;0;0.0;6;0;0.0
1;19;1;9773;0;136.1;6;5;11.4;6;5;12.4
1;19;17;9773;0;132.8;6;6;14.428571428571429;6;6;14.571428571428571
1;19;17;9500;0;126.3;7;7;12.492857142857144;8;8;11.7125
1;45;39;8014;0;111.5;8;4;11.5;8;4;11.0
1;52;39;9991;0;118.2;5;5;11.2;5;5;12.8
1;20;1;9147;0;115.6;5;3;12.0;5;3;11.0
1;19;1;9500;0;117.8;8;7;15.885714285714286;8;7;15.885714285714286
1;21;1;9500;0;127.0;7;4;12.94;7;4;11.58
1;35;39;8014;0;140.0;6;6;14.0;6;6;14.166666666666666
1;36;39;171;0;106.0;0;0;0.0;0;0;0.0
1;47;39;9500;0;151.0;7;0;0.0;8;0;0.0
1;22;18;9991;0;106.4;5;0;0.0;5;0;0.0
1;41;39;9991;0;125.3;5;4;11.25;5;3;11.0
1;26;7;9119;0;130.0;5;0;0.0;5;0;0.0
0;51;39;8014;0;116.0;6;4;11.25;6;0;0.0
0;43;39;9991;0;120.0;5;3;10.666666666666666;5;4;12.5
0;41;39;8014;0;100.0;6;5;11.8;6;3;10.666666666666666
1;23;43;9147;0;118.5;10;8;11.625;10;10;11.181818181818182
1;22;43;9238;0;118.9;6;0;0.0;5;0;0.0
1;25;17;9070;1;119.3;6;4;10.25;6;4;11.25
1;25;43;9991;0;135.8;15;15;10.8;14;14;11.357142857142858
1;22;53;171;1;130.0;12;11;12.545454545454543;11;11;12.666666666666666
1;24;39;9003;0;129.8;7;7;13.571428571428571;6;5;13.4
1;47;39;9085;0;150.0;6;0;0.0;6;0;0.0
1;41;39;9991;0;111.9;5;0;0.0;5;0;0.0
1;43;39;9003;0;150.1;6;6;14.77777777777778;6;5;12.2
1;29;39;9003;0;130.0;3;0;0.0;4;0;0.0
1;30;39;9119;0;128.0;2;0;0.0;2;0;0.0
1;26;39;9147;0;102.5;4;0;0.0;5;0;0.0
1;27;39;9991;0;102.5;5;0;0.0;5;0;0.0
1;36;39;9670;1;110.0;5;5;11.4;5;5;11.6
1;29;39;9003;0;114.0;9;6;11.666666666666666;7;6;10.857142857142858
1;35;42;9119;0;128.2;10;7;11.285714285714286;8;5;13.0
1;18;1;9773;1;116.5;6;4;11.5;6;5;12.6
1;24;1;9991;1;149.3;5;5;16.0;5;5;16.0
1;18;1;9773;1;134.1;6;6;12.5;6;6;12.666666666666666
1;18;17;9119;0;126.6;5;4;12.0;5;3;13.0
1;21;43;9085;0;120.0;5;0;0.0;5;3;11.666666666666666
1;21;42;9119;0;133.5;5;5;13.0;5;5;12.6
1;32;39;9003;0;110.0;18;13;13.714285714285714;12;12;12.083333333333334
1;22;1;9119;1;107.5;5;3;12.333333333333334;6;3;12.5
1;32;7;9003;0;130.0;17;11;12.727272727272728;12;10;12.7
1;35;43;9670;0;111.6;5;1;14.0;5;0;0.0
1;23;18;9147;0;101.0;5;0;0.0;5;0;0.0
1;39;39;8014;0;108.3;6;5;11.4;6;3;11.0
1;35;43;9670;0;128.2;5;0;0.0;5;1;10.0
1;32;39;9003;0;150.0;6;6;18.875;12;12;17.692307692307693
1;20;1;9853;0;142.8;6;0;0.0;6;0;0.0
1;34;39;9500;0;100.0;7;6;11.333333333333334;7;4;12.6
1;44;7;9991;0;150.0;7;7;13.5;5;5;16.2
1;53;39;9254;0;156.5;11;2;15.0;9;3;10.0
1;28;39;9119;0;98.6;5;0;0.0;5;0;0.0
1;31;7;9991;0;130.0;9;9;14.22222222222222;5;5;12.8
1;18;1;171;0;118.1;0;0;0.0;0;0;0.0
1;44;39;9003;0;120.0;7;4;12.0;6;0;0.0
1;19;1;9085;0;127.7;5;5;12.6;5;4;12.0
1;21;15;171;0;130.0;12;12;15.083333333333334;11;11;13.083333333333334
1;18;18;9119;1;147.7;5;0;0.0;5;0;0.0
1;20;44;9003;0;170.0;6;6;14.5;6;6;15.3
1;55;39;9070;0;110.2;6;6;14.5;6;6;13.5
1;27;1;9147;0;146.4;5;3;10.0;5;1;13.0
1;19;17;9119;0;121.0;5;0;0.0;5;0;0.0
1;18;1;9147;0;129.9;5;5;11.6;5;5;13.2
1;43;39;9773;0;132.0;6;4;11.75;6;0;0.0
1;18;18;9254;0;125.9;6;0;0.0;6;0;0.0
1;18;1;171;0;165.7;0;0;0.0;0;0;0.0
1;20;17;9254;1;122.7;6;0;0.0;6;0;0.0
1;29;39;9991;0;141.4;5;4;11.25;5;4;11.8
1;44;39;9130;0;156.4;6;5;11.571428571428571;6;0;0.0
1;18;1;9119;0;148.5;5;4;10.0;5;1;16.0
1;20;44;9003;1;140.0;6;5;13.833333333333334;6;6;12.3
1;20;43;9070;0;131.7;6;4;12.75;9;3;12.666666666666666
1;36;39;9147;0;104.7;4;0;0.0;5;0;0.0
1;19;44;9130;0;150.0;6;5;11.6;6;2;11.0
1;29;39;9085;0;110.0;5;0;0.0;5;0;0.0
1;18;1;9670;0;129.1;6;4;11.25;6;3;10.333333333333334
1;24;39;9003;0;120.0;6;0;0.0;6;0;0.0
1;20;1;9773;0;127.0;6;6;14.333333333333334;6;6;15.0
1;45;39;8014;0;151.5;6;0;0.0;5;0;0.0
1;28;43;9500;1;126.8;23;20;13.5;23;20;13.5
1;23;1;9254;0;140.8;6;6;12.666666666666666;6;5;12.2
1;18;1;9500;0;125.6;7;7;12.444285714285714;8;7;11.347142857142858
1;23;1;9147;0;127.8;5;3;10.666666666666666;5;3;11.333333333333334
1;22;43;171;0;120.0;0;0;0.0;0;0;0.0
1;22;1;9070;1;131.3;6;6;12.666666666666666;6;5;12.4
1;33;39;9991;0;155.7;5;5;13.2;5;5;14.833333333333334
1;21;53;9003;0;128.5;12;10;12.7;12;11;12.181818181818182
1;45;39;9147;0;170.0;5;5;14.833333333333334;5;5;14.8
1;44;39;9003;0;100.0;10;4;11.5;7;1;12.0
1;42;39;9670;0;107.2;6;0;0.0;6;0;0.0
1;20;18;9147;0;139.3;5;0;0.0;5;0;0.0
1;20;17;9147;0;123.2;5;3;12.666666666666666;5;2;12.5
1;20;1;9254;1;122.3;6;6;14.714285714285714;6;6;12.5
1;20;17;9773;0;127.9;6;3;13.666666666666666;6;4;10.25
1;19;1;9147;0;120.3;5;5;10.8;5;2;13.5
1;26;51;8014;0;128.5;8;4;10.5;10;7;10.428571428571429
1;31;39;9003;0;150.0;6;6;15.0;6;5;12.5
1;19;1;9773;1;136.1;6;6;12.666666666666666;6;6;14.0
1;28;39;9773;0;128.0;6;6;13.166666666666666;6;6;13.666666666666666
1;20;1;171;1;158.1;0;0;0.0;0;0;0.0
0;43;1;8014;0;108.7;6;6;13.0;6;6;12.5
1;25;39;171;1;110.0;0;0;0.0;0;0;0.0
0;40;39;9238;0;120.0;6;2;10.0;6;1;15.0
0;20;44;9085;0;150.0;6;6;13.333333333333334;6;5;13.375
0;46;39;8014;0;113.0;6;3;12.333333333333334;6;6;13.333333333333334
0;26;51;33;0;118.6;21;20;13.181818181818182;14;14;11.642857142857142
0;34;39;9500;1;148.8;7;6;12.513333333333334;8;7;13.071428571428571
0;19;18;9853;0;120.3;6;0;0.0;6;0;0.0
0;18;1;9500;1;127.0;8;7;13.585714285714284;8;7;13.585714285714284
0;18;1;9556;0;113.8;7;7;11.155555555555557;8;8;11.425
1;37;39;8014;1;108.0;7;6;11.857142857142858;6;5;12.0
1;23;17;171;1;129.1;0;0;0.0;0;0;0.0
1;26;43;9070;0;135.9;14;14;14.0;13;13;13.615384615384617
0;18;10;9773;0;154.4;6;5;12.0;6;0;0.0
0;18;15;9500;0;190.0;7;4;11.575;7;5;12.419999999999998
0;19;17;9500;0;132.5;7;7;13.198571428571428;8;8;13.0625
0;18;10;9085;0;163.3;6;6;13.5;6;6;12.0
0;19;1;9670;0;122.5;6;6;13.333333333333334;6;5;12.8
1;20;17;9119;0;121.0;5;4;14.25;5;1;10.0
0;22;17;9070;1;131.8;6;6;12.166666666666666;6;4;12.0
0;18;1;9500;1;135.0;8;7;12.214285714285714;8;7;12.214285714285714
0;18;17;9254;1;141.7;6;6;12.666666666666666;6;6;13.0
0;18;1;9773;1;131.3;6;6;12.285714285714286;6;6;13.5
0;18;1;9254;1;123.9;6;6;13.0;6;6;13.0
0;18;1;9254;0;126.1;6;6;12.142857142857142;6;6;11.166666666666666
0;19;17;9500;1;126.5;7;7;13.875714285714285;8;7;13.085714285714284
0;20;17;9853;0;107.3;6;0;0.0;6;0;0.0
0;19;17;9238;1;95.0;6;6;11.666666666666666;6;0;0.0
0;18;1;9085;0;116.1;6;6;13.153846153846152;6;3;11.0
0;18;1;9070;1;134.6;6;6;14.5;6;6;12.833333333333334
0;18;17;9500;1;128.0;7;7;14.44142857142857;8;8;13.65625
0;18;17;9773;0;144.2;6;6;15.166666666666666;6;6;14.285714285714286
0;18;17;9147;1;129.5;5;5;11.6;5;4;12.625
0;18;17;9773;0;116.8;6;6;11.666666666666666;6;6;12.333333333333334
0;20;44;9003;1;160.0;6;6;12.625;6;6;13.2
0;19;16;9238;1;127.1;6;3;12.666666666666666;6;6;11.0
0;18;17;9130;1;126.3;6;6;12.833333333333334;6;6;13.0
0;19;1;9238;1;112.9;6;6;11.857142857142858;6;6;13.142857142857142
0;19;17;9853;0;130.2;6;5;11.4;6;4;10.75
0;19;43;9130;0;100.0;5;5;14.857142857142858;5;5;15.142857142857142
0;19;1;9670;0;121.6;6;6;14.714285714285714;6;6;15.833333333333334
0;20;15;9670;0;130.0;6;6;13.5;6;5;13.0
0;18;18;9130;1;121.7;5;4;11.5;5;5;12.4
0;33;7;9147;0;120.0;5;2;14.0;5;0;0.0
0;19;1;9853;1;143.5;7;6;12.833333333333334;6;0;0.0
0;18;17;9556;1;128.3;7;7;13.428571428571429;8;8;14.75
0;19;17;9070;0;111.9;6;0;0.0;6;0;0.0
0;19;44;9003;0;140.0;6;3;11.666666666666666;6;4;11.5
0;18;1;9773;0;137.6;6;6;16.0;6;6;14.333333333333334
0;20;1;9238;0;135.0;6;6;13.833333333333334;6;6;11.833333333333334
0;19;1;9500;0;133.8;8;8;13.2325;8;8;13.2325
1;18;1;9773;1;126.9;6;6;14.0;6;6;14.166666666666666
1;19;17;9254;1;106.7;6;2;10.0;6;0;0.0
0;25;43;8014;0;145.7;16;15;13.333333333333334;13;11;12.272727272727272
0;20;17;9070;1;153.1;6;6;12.5;6;6;14.333333333333334
0;19;1;8014;0;118.7;6;6;12.5;6;6;11.5
1;33;17;9991;0;161.8;5;2;10.5;5;0;0.0
1;18;18;9119;0;124.9;5;3;10.666666666666666;5;3;11.333333333333334
1;18;1;9119;0;150.8;5;4;10.5;5;2;10.5
0;19;15;9147;0;130.0;5;4;12.0;5;5;11.4
0;18;1;171;0;163.6;0;0;0.0;0;0;0.0
0;19;43;9147;0;115.0;5;5;11.5;5;2;10.666666666666666
0;18;1;9773;0;136.8;6;6;14.0;6;6;13.5
0;18;17;9853;0;130.9;6;6;13.5;6;5;12.6
0;18;1;9500;0;127.0;8;8;13.07375;8;8;13.07375
0;37;39;9500;0;120.0;7;2;10.75;7;0;0.0
0;20;1;9238;0;126.0;6;1;12.0;5;0;0.0
0;20;1;9254;1;153.8;6;6;14.0;6;6;13.333333333333334
1;21;15;9238;0;140.0;6;6;12.333333333333334;6;6;13.428571428571429
0;18;17;9500;1;136.6;7;7;13.464285714285714;8;8;14.788888888888888
0;26;39;8014;0;105.0;6;3;10.666666666666666;6;5;11.2
0;41;39;9147;0;139.4;5;5;11.6;5;5;12.2
0;18;1;9773;1;140.0;6;6;13.666666666666666;6;6;14.666666666666666
0;18;1;9500;0;130.8;8;8;14.4025;8;8;14.4025
0;31;1;9500;0;138.8;7;7;15.46875;8;8;16.3875
0;23;1;9238;0;110.0;6;6;12.625;6;6;14.166666666666666
0;19;1;9500;0;127.8;7;6;14.983333333333334;7;6;14.983333333333334
0;20;16;9773;1;134.2;6;6;15.0;6;6;13.0
0;40;39;8014;0;143.0;9;9;15.88888888888889;7;7;14.142857142857142
0;32;44;9085;0;120.0;6;4;11.5;6;3;11.0
0;24;1;9254;0;113.2;6;2;10.5;6;1;10.0
0;18;17;9500;0;135.8;7;6;13.983333333333334;7;6;13.983333333333334
0;18;1;9238;0;143.5;6;6;13.0;6;6;12.833333333333334
0;18;1;9238;1;148.9;6;6;13.666666666666666;6;6;13.0
0;27;39;9003;0;115.6;6;0;0.0;6;0;0.0
0;18;1;9147;0;159.3;5;5;14.4;5;5;15.4
0;26;39;9991;0;138.5;5;4;12.0;5;4;11.25
0;19;1;9853;0;133.2;6;6;14.166666666666666;6;6;13.666666666666666
0;19;17;8014;0;117.6;6;5;12.2;6;6;12.0
0;21;18;9147;0;108.7;5;3;12.0;5;3;12.666666666666666
0;24;1;9147;0;106.0;5;2;10.5;5;1;11.0
0;20;17;9853;0;122.6;6;3;12.333333333333334;6;2;10.5
0;18;1;9853;0;127.4;6;5;12.2;6;5;12.2
0;30;39;9003;0;100.0;6;0;0.0;6;0;0.0
0;22;1;9853;0;95.0;7;6;11.5;7;6;13.166666666666666
0;21;7;9147;0;130.0;9;9;10.88888888888889;10;10;11.615384615384617
0;26;39;9556;0;122.8;7;6;12.166666666666666;8;8;11.675
0;23;17;9147;0;115.0;5;2;10.0;5;1;12.0
0;18;17;9070;1;145.9;6;6;12.666666666666666;6;6;12.166666666666666
0;21;1;9070;0;143.0;6;5;11.4;6;5;12.2
0;18;43;171;1;100.0;0;0;0.0;0;0;0.0
0;21;17;9085;0;121.3;5;2;13.0;5;4;12.0
0;18;17;9853;0;121.2;6;5;13.4;6;5;12.0
0;19;17;9853;1;125.1;6;6;13.5;6;5;12.8
0;22;17;9254;0;112.9;6;4;12.25;6;3;11.333333333333334
0;19;1;9238;0;120.8;6;6;12.285714285714286;6;6;12.833333333333334
0;19;1;9085;0;114.0;5;0;0.0;5;0;0.0
0;19;17;9238;0;132.1;6;2;10.5;6;1;13.0
0;27;44;9085;0;160.0;5;3;14.0;5;5;12.0
0;22;10;9085;0;134.0;5;5;14.2;5;5;12.2
0;18;1;9773;0;124.2;6;5;13.0;6;6;13.142857142857142
0;20;17;9254;0;115.6;6;6;11.0;6;4;12.75
0;34;43;9991;0;128.2;8;3;11.0;7;2;10.0
0;18;17;9500;0;132.8;7;6;12.385714285714286;8;8;13.755555555555556
1;20;17;9773;0;123.1;6;4;14.75;6;4;12.25
0;20;1;9130;0;125.6;5;5;16.166666666666668;5;5;15.833333333333334
1;25;39;9991;0;115.0;5;0;0.0;5;0;0.0
1;18;1;9119;0;123.6;5;5;12.4;5;3;13.0
1;18;1;9130;0;141.7;6;5;11.6;6;4;13.0
0;18;17;9853;1;139.0;6;5;12.2;6;0;0.0
0;19;17;9254;1;118.0;6;5;11.0;6;5;12.8
0;19;17;9853;1;142.0;6;6;12.333333333333334;6;5;12.4
0;21;44;9238;1;143.4;6;6;14.833333333333334;6;6;12.571428571428571
0;29;42;9070;0;115.9;10;9;11.555555555555555;11;10;11.9
0;20;1;9070;1;105.1;6;6;12.0;6;6;11.833333333333334
0;21;51;8014;1;138.0;13;11;12.727272727272728;11;10;12.6
0;34;43;9991;0;114.7;2;2;10.5;1;1;11.0
0;20;1;9773;0;130.5;6;6;12.333333333333334;6;6;12.0
1;24;39;9991;0;134.3;5;0;0.0;5;1;12.0
1;18;1;9500;0;137.5;7;7;14.842857142857143;8;8;14.38888888888889
1;19;1;9500;0;125.3;7;7;12.2;7;7;12.2
1;18;1;9147;1;111.3;5;4;10.8;5;4;11.75
1;28;39;9991;0;144.8;5;4;12.75;5;5;14.333333333333334
1;28;39;9991;0;152.1;5;2;11.0;5;1;12.0
1;20;17;9254;0;126.1;6;4;10.75;6;0;0.0
1;22;43;9500;0;136.0;8;8;12.55375;8;8;12.55375
1;19;1;9500;0;124.3;8;7;12.665714285714284;8;7;12.665714285714284
1;20;1;9670;0;129.9;6;6;12.714285714285714;6;4;13.0
1;26;39;9556;0;136.1;7;2;11.75;5;0;0.0
1;21;1;9254;0;115.1;6;3;11.0;6;0;0.0
1;18;16;171;0;143.6;0;0;0.0;0;0;0.0
1;18;17;9147;0;115.8;5;5;13.4;5;5;12.2
1;22;1;171;0;149.0;17;17;12.578947368421051;17;17;12.117647058823527
1;36;39;9119;0;100.0;5;0;0.0;5;0;0.0
1;20;1;9773;1;133.4;6;6;12.0;6;6;11.5
1;20;17;9670;0;122.8;6;3;12.333333333333334;6;0;0.0
1;25;39;9991;0;151.2;5;4;11.5;5;3;13.5
1;35;39;9003;0;137.0;6;5;12.8;6;5;13.833333333333334
1;22;1;171;0;118.0;0;0;0.0;0;0;0.0
1;26;43;9070;0;126.4;7;7;13.285714285714286;8;7;12.142857142857142
1;20;44;9003;0;130.0;6;4;11.8;6;2;12.0
1;50;43;8014;0;112.5;13;6;11.333333333333334;11;2;13.5
1;20;1;9500;0;118.3;8;5;12.002;8;5;12.002
1;20;1;9500;0;121.4;7;5;13.976666666666668;8;8;13.22222222222222
1;35;7;9003;0;140.0;6;5;15.2;6;1;11.0
1;19;1;9670;1;109.0;6;6;13.142857142857142;6;6;14.166666666666666
1;43;39;9147;0;110.0;5;0;0.0;5;0;0.0
1;19;17;9500;0;119.8;8;7;13.867142857142856;8;7;13.867142857142856
1;25;39;9500;0;130.0;8;6;12.675;8;6;12.675
1;19;16;171;0;167.3;0;0;0.0;0;0;0.0
1;20;17;9853;1;111.9;6;6;12.0;6;6;12.5
1;22;1;171;0;136.0;0;0;0.0;0;0;0.0
1;19;1;9254;1;124.0;6;6;11.0;6;5;12.2
1;32;39;9991;0;132.9;5;4;10.75;5;4;11.333333333333334
1;57;39;9773;0;154.0;6;5;14.2;6;6;14.166666666666666
1;20;1;9500;0;115.0;7;4;12.6;7;4;11.575
1;38;39;9991;0;96.0;5;0;0.0;5;0;0.0
1;45;39;9991;0;168.2;5;5;14.0;5;5;14.166666666666666
1;43;39;9773;0;140.0;6;2;10.0;6;4;12.25
1;19;17;9070;0;137.4;6;6;13.833333333333334;6;6;13.125
1;49;39;9991;0;150.0;5;2;11.0;5;1;11.0
1;43;39;9500;0;100.5;8;7;11.635714285714286;8;7;11.635714285714286
1;34;39;8014;0;148.5;6;4;12.25;5;0;0.0
1;18;17;9119;0;123.3;5;4;12.5;5;5;11.285714285714286
1;43;39;9991;0;138.7;5;5;13.8;5;5;13.666666666666666
1;21;1;9254;0;117.2;6;3;12.0;6;1;11.0
1;40;39;9991;0;114.3;5;3;11.0;5;4;12.5
1;19;17;9670;1;125.3;6;4;13.75;6;6;11.555555555555555
1;27;1;9254;0;97.0;6;6;10.666666666666666;6;4;11.25
1;43;42;9556;0;140.0;7;0;0.0;8;2;13.15
1;31;43;9991;0;124.0;5;5;13.833333333333334;5;5;15.4
1;26;44;9003;0;140.0;6;0;0.0;6;0;0.0
1;34;39;9991;0;127.0;5;5;15.8;5;5;16.8
1;30;43;9500;0;110.0;14;12;12.52608695652174;14;12;12.52608695652174
1;36;39;9500;0;170.0;7;6;12.783333333333331;8;0;0.0
1;46;7;9991;0;120.0;5;0;0.0;5;1;10.0
1;22;17;9085;0;130.0;5;3;13.0;5;3;10.666666666666666
1;27;7;9003;0;130.0;6;0;0.0;6;0;0.0
1;20;1;9119;0;122.5;5;5;10.8;5;3;12.0
1;20;51;9147;0;115.7;5;5;11.0;5;3;10.0
1;31;42;9119;0;120.0;4;0;0.0;5;0;0.0
1;20;1;9119;0;166.0;5;0;0.0;5;0;0.0
1;21;17;9773;0;132.8;6;2;12.0;6;0;0.0
1;21;17;9147;0;100.0;5;4;10.75;5;2;11.0
1;19;1;9147;0;121.8;5;5;11.6;5;4;13.5
1;20;17;9147;1;109.5;5;5;11.8;5;4;11.6
1;18;1;9003;0;138.3;6;6;16.0;6;6;15.166666666666666
1;18;1;9773;1;131.6;6;6;12.666666666666666;6;6;11.5
1;30;39;9500;0;125.3;7;4;14.4;7;6;13.5
1;34;39;9254;0;101.5;6;0;0.0;6;0;0.0
1;21;17;9670;0;109.1;6;4;12.25;6;4;13.4
1;20;44;9070;0;123.9;7;5;12.6;9;8;12.75
1;18;1;9500;0;143.0;8;7;13.4;8;7;13.4
1;21;1;171;0;126.3;0;0;0.0;0;0;0.0
1;26;42;9003;0;113.3;6;1;10.0;6;0;0.0
1;20;17;9119;0;119.9;5;0;0.0;5;0;0.0
1;25;44;9003;0;140.0;6;3;11.25;6;4;11.2
1;19;17;9670;0;108.0;5;0;0.0;5;0;0.0
1;24;39;9147;0;100.0;5;3;10.666666666666666;5;1;14.0
1;20;1;9130;0;132.4;5;4;11.75;5;5;13.4
1;20;1;9147;0;137.1;5;0;0.0;5;0;0.0
0;18;5;9070;0;138.1;6;6;12.666666666666666;6;6;14.125
0;25;39;9556;0;130.0;7;7;11.95;8;7;12.042857142857144
0;22;17;9254;0;109.7;6;5;14.0;6;6;15.666666666666666
0;41;43;8014;0;128.2;6;0;0.0;6;0;0.0
0;19;1;9147;1;117.8;5;2;11.5;5;0;0.0
0;21;43;9130;0;150.0;6;6;12.0;6;5;12.8
0;30;39;9085;0;160.0;6;6;16.428571428571427;6;6;16.666666666666668
0;21;1;9500;1;104.5;7;5;13.336000000000002;8;7;13.207142857142856
0;26;39;9556;1;112.8;7;0;0.0;8;0;0.0
0;21;15;9670;0;100.0;7;7;14.666666666666666;6;6;14.0
0;18;1;9500;0;132.5;8;7;14.115714285714288;8;7;14.115714285714288
0;19;1;9085;1;123.3;6;6;14.857142857142858;6;6;13.11111111111111
0;18;1;9085;1;128.9;6;6;13.833333333333334;6;6;13.714285714285714
0;19;17;9147;0;128.3;5;3;11.0;5;4;11.75
0;21;43;9085;0;100.0;6;4;11.75;6;3;13.666666666666666
0;18;17;9147;1;120.1;5;2;10.0;5;2;12.0
0;24;39;9500;1;160.0;8;6;12.415;8;6;12.415
0;21;1;9130;0;123.0;5;1;11.0;5;2;10.5
0;23;44;9085;0;150.0;6;5;14.428571428571429;6;6;13.428571428571429
0;18;17;9500;1;124.0;8;7;14.312857142857142;8;7;14.312857142857142
0;26;39;9085;0;120.0;6;6;15.428571428571429;6;5;14.5
0;20;1;9130;0;120.4;5;4;12.0;5;5;13.4
0;18;1;9238;0;131.6;6;6;13.833333333333334;6;6;13.714285714285714
0;20;1;9238;0;104.2;6;6;12.166666666666666;6;6;12.142857142857142
0;20;1;9500;0;122.0;8;7;14.014285714285714;8;7;14.014285714285714
0;18;17;9238;0;110.7;6;2;10.333333333333334;6;3;13.333333333333334
0;22;1;9773;1;121.7;6;5;13.2;6;5;13.6
0;20;1;9500;0;126.0;7;6;15.4;7;6;15.4
0;19;17;9500;1;128.4;7;7;13.385714285714286;8;8;15.925
0;18;1;9130;0;134.9;6;6;10.857142857142858;6;4;11.0
0;18;17;9147;0;143.9;5;5;11.333333333333334;5;5;12.0
0;19;1;9085;1;145.0;5;4;14.5;5;5;13.6
0;19;1;9070;1;132.0;6;6;14.166666666666666;6;6;12.375
0;24;17;8014;0;136.1;6;6;12.833333333333334;6;6;12.0
0;21;1;9238;0;138.9;6;6;13.333333333333334;6;6;14.5
0;20;1;9238;1;102.0;6;6;13.666666666666666;6;6;14.571428571428571
0;28;39;9254;1;123.0;6;6;10.833333333333334;6;5;11.0
0;21;1;9853;0;137.5;6;6;13.428571428571429;6;6;13.142857142857142
1;20;1;9500;0;102.2;7;7;12.401428571428571;8;6;11.808333333333332
1;36;42;9003;0;105.3;6;0;0.0;6;0;0.0
1;42;39;9991;0;130.0;4;0;0.0;5;0;0.0
1;47;39;9991;0;122.5;5;4;11.5;5;5;11.6
1;25;39;9119;0;112.0;5;0;0.0;5;0;0.0
1;25;39;9670;1;110.0;6;6;14.142857142857142;6;6;13.5
1;48;39;8014;0;149.5;6;0;0.0;5;0;0.0
1;32;43;9991;1;141.0;10;10;13.8;10;10;12.8
1;38;7;9991;0;130.0;10;10;13.6;10;5;13.6
1;37;7;9238;0;130.0;16;15;11.733333333333333;11;9;11.88888888888889
1;26;39;9147;0;104.0;5;1;10.0;5;1;10.0
1;23;44;9085;0;110.0;6;0;0.0;6;0;0.0
1;23;44;9003;0;120.0;6;0;0.0;6;0;0.0
1;20;44;9003;0;130.0;6;4;10.8;6;4;12.0
1;26;39;9500;0;127.0;7;6;13.046666666666669;8;7;13.30625
0;45;43;8014;0;100.0;9;8;11.0;7;6;10.833333333333334
0;26;39;8014;1;111.0;6;3;12.333333333333334;6;3;11.666666666666666
0;26;43;8014;0;130.0;11;10;11.8;7;7;13.285714285714286
0;25;39;9991;0;130.1;5;3;11.0;5;3;11.25
0;18;16;9500;0;127.5;8;8;13.11;8;8;13.11
0;27;7;9500;0;130.0;8;7;14.414285714285716;8;7;14.414285714285716
0;24;17;8014;0;115.0;5;0;0.0;5;0;0.0
0;20;17;9147;0;126.8;5;5;12.333333333333334;5;5;12.2
0;18;1;9500;1;116.7;7;0;0.0;7;1;10.0
0;18;17;9556;1;128.5;7;7;14.1;8;8;13.3125
0;18;1;9500;0;127.5;8;8;13.045;8;8;13.045
1;19;1;9500;0;117.5;8;5;12.858;8;5;12.858
0;19;42;9500;1;148.8;8;8;14.2525;8;8;14.2525
0;19;1;9500;1;120.2;7;5;14.06;7;7;11.242857142857142
0;18;1;9500;0;127.3;8;7;15.075714285714286;8;7;15.075714285714286
0;18;17;171;1;136.1;0;0;0.0;0;0;0.0
0;19;43;9670;0;122.4;5;4;13.75;6;5;12.6
0;23;7;9003;0;130.0;17;17;13.15;12;12;13.214285714285714
0;21;1;9238;1;121.7;6;5;12.333333333333334;6;5;11.8
0;18;1;9500;1;122.7;7;7;13.778571428571428;8;8;13.122222222222222
0;20;1;9853;0;129.2;6;3;10.333333333333334;6;1;11.0
0;23;43;9773;0;105.0;6;3;11.333333333333334;6;2;11.0
0;20;1;9238;0;129.9;6;5;13.2;6;6;12.666666666666666
0;18;1;9070;1;136.3;6;6;13.571428571428571;6;6;12.375
0;29;1;8014;0;114.9;11;11;12.75;7;7;13.428571428571429
1;28;39;9773;0;102.0;6;3;13.0;6;1;12.0
1;19;1;9670;0;111.3;5;3;11.333333333333334;5;4;11.0
1;24;39;9670;0;130.9;6;0;0.0;6;0;0.0
1;33;39;171;1;100.0;0;0;0.0;0;0;0.0
1;19;17;9147;0;112.9;5;2;12.5;5;1;11.0
1;19;1;9085;0;112.7;6;6;14.857142857142858;6;6;14.142857142857142
1;37;39;8014;0;143.0;9;8;12.0;7;7;11.571428571428571
1;18;1;171;1;155.1;0;0;0.0;0;0;0.0
1;29;39;9991;0;127.6;5;0;0.0;5;0;0.0
1;37;39;9500;0;146.6;7;7;12.828571428571427;8;8;12.6875
1;36;39;9500;0;141.0;7;0;0.0;8;0;0.0
1;19;1;9670;0;120.6;6;6;13.333333333333334;6;5;14.0
1;33;42;9500;1;110.0;14;14;13.072857142857144;14;14;13.072857142857144
1;34;42;9119;0;108.6;7;5;12.0;7;3;11.0
0;18;1;9254;0;134.9;6;6;15.5;6;6;16.0
0;20;44;9130;0;120.0;6;0;0.0;6;0;0.0
0;19;1;9773;1;141.3;6;6;14.714285714285714;6;6;15.166666666666666
0;20;1;9085;0;135.6;6;6;16.714285714285715;6;6;15.333333333333334
0;19;1;9238;1;121.5;6;6;10.857142857142858;6;6;11.666666666666666
0;19;1;9500;0;125.0;7;6;11.658333333333331;8;6;12.416666666666666
0;22;18;9773;1;119.1;6;5;11.6;6;6;12.0
0;18;1;9670;0;126.6;6;6;14.625;6;6;14.142857142857142
0;18;1;9773;1;116.7;6;6;12.166666666666666;6;6;12.666666666666666
0;19;1;9500;0;120.1;7;4;13.375;7;6;12.116666666666667
0;19;1;9853;1;124.9;6;6;12.5;6;6;12.833333333333334
0;31;39;9500;0;114.0;7;5;12.56;7;5;12.56
0;18;17;9500;0;131.1;7;7;13.19;8;8;14.23125
0;19;1;9238;1;129.3;6;3;11.0;6;4;11.25
0;18;1;171;0;129.7;0;0;0.0;0;0;0.0
0;19;17;9238;1;120.8;6;5;11.6;6;6;11.714285714285714
0;19;1;9500;0;135.0;7;6;14.266666666666666;7;6;14.266666666666666
0;19;1;9147;1;117.8;5;4;11.0;5;4;13.857142857142858
0;30;7;8014;0;130.0;10;9;12.666666666666666;7;7;12.428571428571429
0;18;43;9773;0;117.6;6;0;0.0;6;3;11.0
0;18;18;9500;0;130.8;8;7;12.771428571428572;8;7;12.771428571428572
0;21;18;9085;0;111.9;5;0;0.0;5;0;0.0
0;19;44;9238;1;145.9;6;6;15.5;6;6;13.571428571428571
0;19;17;9670;1;109.1;6;6;13.285714285714286;6;5;14.6
0;19;1;9500;0;120.3;7;5;11.716666666666669;7;5;13.7
0;19;17;9130;0;113.5;6;6;11.333333333333334;6;4;13.75
0;19;1;9670;1;135.4;6;6;13.333333333333334;6;5;13.4
0;39;39;9991;1;130.2;5;4;12.333333333333334;5;2;10.0
0;18;1;9070;0;136.4;6;6;12.333333333333334;6;6;12.833333333333334
0;20;17;171;0;126.9;0;0;0.0;0;0;0.0
0;19;17;9147;0;119.8;5;5;12.6;5;4;11.6
0;18;17;9147;0;124.4;5;5;12.6;5;4;11.0
0;34;39;9003;0;120.0;6;6;14.333333333333334;6;6;12.833333333333334
0;22;1;9670;0;111.8;5;3;12.0;5;2;11.0
0;24;39;9085;0;130.0;6;6;14.857142857142858;6;5;13.6
0;34;43;9147;0;138.0;15;12;11.916666666666666;13;11;13.181818181818182
0;46;39;9991;0;114.6;5;0;0.0;5;0;0.0
0;50;39;9147;0;108.0;5;3;13.333333333333334;5;5;12.2
0;37;39;9991;0;140.0;5;0;0.0;5;0;0.0
0;18;1;9085;0;134.7;6;6;17.0;6;6;15.5
0;25;39;9085;1;110.0;6;3;11.666666666666666;6;2;11.333333333333334
0;46;39;9003;0;104.8;19;19;12.210526315789474;13;13;11.384615384615383
0;30;39;9070;1;126.5;6;6;13.0;6;5;12.857142857142858
0;37;1;9991;0;118.1;5;0;0.0;5;0;0.0
0;50;39;9991;0;119.9;5;2;10.5;5;3;11.0
0;20;44;9003;0;160.0;6;6;13.571428571428571;6;6;12.714285714285714
0;39;39;9556;0;100.5;3;1;14.0;2;0;0.0
0;53;39;9773;0;110.0;5;0;0.0;4;0;0.0
0;54;42;9147;0;100.0;15;13;12.461538461538462;13;10;11.1
0;19;44;9085;0;140.0;6;4;14.4;6;5;13.0
0;20;18;9773;0;109.0;6;0;0.0;6;0;0.0
0;18;1;9773;0;120.9;6;6;14.333333333333334;6;6;14.166666666666666
0;21;53;9003;0;125.8;13;11;11.909090909090908;11;11;10.727272727272728
0;18;18;9070;0;161.2;6;6;13.714285714285714;6;6;14.375
0;19;1;9500;0;122.0;7;0;0.0;8;0;0.0
0;18;17;9500;1;127.9;7;5;13.46;7;7;12.2375
0;19;1;9773;0;135.8;6;6;15.0;6;6;13.333333333333334
0;18;1;171;1;149.7;0;0;0.0;0;0;0.0
0;19;1;9670;0;137.3;6;5;13.4;6;5;12.8
0;48;43;8014;0;106.0;6;5;13.0;6;4;12.5
0;34;43;9238;0;110.0;6;4;11.25;6;4;13.75
0;18;1;9085;0;146.4;5;5;12.6;5;5;11.6
0;50;39;8014;0;121.0;6;6;12.666666666666666;6;6;11.833333333333334
0;41;43;9853;0;125.2;21;21;12.333333333333334;19;19;12.105263157894736
0;22;17;9773;1;119.6;6;5;12.0;6;5;11.0
0;43;39;9147;0;142.8;5;5;16.4;5;5;16.6
0;50;39;8014;0;123.5;1;0;0.0;6;0;0.0
0;60;39;9003;0;100.0;6;6;12.75;6;4;14.75
0;41;39;9147;0;140.0;5;4;14.5;5;5;13.0
0;47;39;9991;0;150.3;5;5;14.8;5;5;14.4
0;22;1;171;0;128.2;17;17;10.36842105263158;17;17;11.5
0;41;39;9500;0;114.3;7;0;0.0;8;0;0.0
0;28;43;9991;0;117.3;10;6;10.666666666666666;10;9;11.333333333333334
0;32;42;9254;0;120.0;15;13;12.692307692307692;15;13;12.384615384615383
0;50;39;9991;0;110.7;5;0;0.0;5;0;0.0
0;53;51;9147;0;118.0;15;15;11.8;13;12;11.666666666666666
0;54;39;9556;0;169.2;7;0;0.0;5;0;0.0
0;49;39;8014;0;106.8;6;5;12.333333333333334;6;4;11.5
0;34;42;9853;0;100.0;12;11;13.0;13;8;11.875
0;45;39;8014;0;144.5;6;4;12.5;6;3;11.666666666666666
0;47;39;8014;1;134.5;6;5;12.2;6;4;11.25
0;22;43;9238;0;114.3;10;8;11.0;7;5;11.2
0;33;39;9991;0;113.4;5;1;10.0;5;2;12.0
0;43;39;8014;1;128.0;6;6;12.333333333333334;6;6;11.5
0;54;7;9003;0;120.0;13;13;14.307692307692308;12;12;15.23076923076923
0;39;39;8014;0;147.5;11;11;14.454545454545457;8;8;13.5
0;39;39;9991;0;120.7;5;5;11.0;5;5;13.2
0;18;1;9853;1;153.7;6;6;13.142857142857142;6;6;12.833333333333334
0;19;17;9238;1;121.9;6;6;13.75;6;6;11.857142857142858
0;18;17;9670;1;119.4;6;6;14.0;6;5;13.8
0;44;39;8014;0;157.8;8;8;13.75;6;6;12.5
0;27;39;9991;0;154.0;5;0;0.0;5;0;0.0
0;18;1;9670;1;135.9;6;6;13.166666666666666;6;6;12.428571428571429
0;45;43;8014;0;130.0;12;9;12.444444444444445;7;6;12.0
0;20;17;9853;0;118.9;6;6;12.666666666666666;6;5;13.0
0;40;1;8014;0;152.4;6;6;11.333333333333334;6;6;10.5
0;40;39;9991;0;147.8;5;4;11.25;5;5;12.0
0;18;43;9500;0;100.0;7;7;13.6125;8;8;14.575
0;21;18;9500;0;129.0;8;7;12.414285714285716;8;7;12.414285714285716
0;20;17;171;0;148.9;0;0;0.0;0;0;0.0
0;36;43;9991;0;120.0;12;11;11.5;12;12;11.4375
0;27;7;8014;0;170.0;5;0;0.0;6;0;0.0
0;32;39;9556;0;130.0;7;7;11.0;8;8;13.125
0;18;17;9238;1;119.2;6;6;14.0;6;6;13.5
0;37;39;8014;0;129.0;6;4;12.0;6;3;12.0
0;19;17;9773;0;132.5;6;6;12.5;6;6;12.5
0;41;39;8014;1;115.0;6;6;11.333333333333334;6;6;11.333333333333334
0;18;1;9500;1;128.0;7;6;14.066666666666668;7;6;14.066666666666668
0;21;43;9085;0;125.1;9;8;13.555555555555555;7;7;13.571428571428571
0;23;44;9003;0;140.0;6;5;11.6;6;4;12.25
0;18;17;9773;0;120.9;6;0;0.0;6;0;0.0
0;18;1;9500;0;135.3;8;8;13.27625;8;8;13.27625
0;21;43;9085;0;125.2;6;0;0.0;6;0;0.0
0;19;1;9238;0;135.7;6;6;14.375;6;6;14.75
0;47;39;9147;0;110.0;5;0;0.0;5;0;0.0
0;48;39;8014;1;119.0;6;6;10.666666666666666;6;5;11.8
0;39;7;8014;0;110.0;13;12;13.416666666666666;10;10;14.5
0;19;1;9500;0;115.2;7;6;12.97166666666667;8;7;12.321428571428571
0;38;43;9991;0;112.9;15;14;10.928571428571429;14;12;11.833333333333334
0;27;39;9003;0;119.4;6;0;0.0;6;0;0.0
0;18;1;171;1;152.9;0;0;0.0;0;0;0.0
0;34;39;8014;0;117.5;6;4;13.25;6;0;0.0
0;48;39;9238;0;98.5;6;6;11.333333333333334;6;5;12.4
0;25;39;9670;0;108.0;5;1;11.0;5;0;0.0
0;32;39;9500;1;120.0;8;7;12.757142857142856;8;7;12.757142857142856
0;18;1;9773;1;150.2;6;6;14.5;6;6;14.666666666666666
0;20;44;8014;0;139.2;6;6;13.833333333333334;6;6;14.571428571428571
0;20;1;9147;0;130.0;5;4;11.25;5;5;10.4
0;20;1;171;0;115.7;0;0;0.0;0;0;0.0
0;19;1;9500;0;127.0;8;1;13.67;8;1;13.67
0;39;39;9991;0;118.1;5;0;0.0;5;2;12.5
0;29;1;9130;0;119.1;5;1;13.0;5;0;0.0
0;36;39;9991;0;111.9;5;0;0.0;5;0;0.0
0;18;1;9500;0;130.5;8;7;11.971428571428572;8;7;11.971428571428572
0;51;39;8014;0;135.0;6;0;0.0;6;0;0.0
0;23;43;9773;0;130.0;6;1;16.0;6;4;12.25
0;21;44;9085;0;150.0;6;0;0.0;6;0;0.0
0;28;43;9853;0;150.2;6;4;12.75;5;0;0.0
0;34;39;9991;0;127.1;5;4;11.0;5;4;10.75
0;41;39;8014;0;107.5;2;0;0.0;6;0;0.0
0;43;39;8014;1;130.0;6;5;12.2;6;6;12.333333333333334
0;28;39;9556;0;152.8;7;7;12.428571428571429;8;8;12.3
0;19;1;171;1;160.1;12;12;14.5;11;11;13.583333333333334
0;26;39;9003;0;140.0;12;6;13.0;12;11;13.833333333333334
0;18;1;9500;0;110.7;7;7;11.714285714285714;8;8;12.75
0;45;39;9853;0;138.3;7;4;10.25;7;3;13.0
0;19;44;9853;0;150.0;6;0;0.0;6;0;0.0
0;20;17;9670;0;112.3;6;6;12.375;6;6;13.142857142857142
0;18;1;9853;0;122.0;6;6;12.666666666666666;6;6;12.0
0;27;39;9085;0;141.7;6;3;10.5;6;1;12.0
0;20;1;9003;0;118.4;6;6;14.125;6;5;12.6
0;18;1;9085;0;128.7;6;6;14.666666666666666;6;6;13.833333333333334
0;35;39;9670;0;100.0;5;5;11.4;5;3;12.333333333333334
0;26;39;171;0;100.8;0;0;0.0;0;0;0.0
0;39;39;9238;1;125.5;6;6;14.0;6;5;14.8
0;18;1;171;0;124.0;0;0;0.0;0;0;0.0
0;36;7;9500;0;130.0;7;0;0.0;7;0;0.0
0;38;39;8014;0;160.5;11;11;12.636363636363637;8;8;11.0
0;45;39;9853;0;100.0;6;3;12.333333333333334;6;2;11.0
0;62;39;9254;0;103.0;6;6;15.0;6;6;12.833333333333334
0;20;1;9670;1;103.0;6;4;11.75;6;6;12.666666666666666
0;18;1;9500;0;131.5;8;7;14.13714285714286;8;7;14.13714285714286
0;18;18;9070;0;121.4;6;2;12.0;6;1;11.0
0;23;1;9991;0;137.3;5;5;10.8;5;4;11.5
0;19;1;9070;1;138.4;6;6;13.285714285714286;6;6;12.5
0;19;17;9147;1;131.1;5;5;13.6;5;5;12.6
0;18;42;9500;0;100.0;7;7;13.55;8;8;14.1875
0;18;17;9500;0;133.0;8;0;0.0;8;0;0.0
0;41;39;8014;0;100.0;6;4;13.5;6;6;11.166666666666666
0;51;39;9670;1;159.0;6;5;11.6;6;5;14.2
0;24;43;9238;0;120.6;10;10;12.5;7;4;12.6
0;25;39;9991;0;134.0;5;1;11.0;5;2;12.666666666666666
0;18;5;9085;0;139.4;5;3;12.0;5;4;13.0
0;20;16;9147;0;116.5;5;4;11.6;5;3;12.333333333333334
0;19;1;171;0;113.9;0;0;0.0;0;0;0.0
0;41;43;9991;0;130.0;10;10;14.636363636363637;10;10;14.6
0;19;1;9254;1;129.9;6;6;13.0;6;6;12.166666666666666
0;28;42;9853;0;133.7;18;14;12.785714285714286;17;16;13.875
0;21;1;9070;0;124.8;6;6;14.5;6;5;12.0
0;22;1;9085;0;133.6;5;4;14.6;5;4;12.75
0;18;17;9773;0;133.5;6;6;12.5;6;6;12.166666666666666
0;19;1;9070;1;128.0;6;6;14.0;6;6;13.125
0;19;17;9500;1;127.2;7;7;13.801428571428572;8;8;14.575
0;25;7;9853;0;150.0;6;6;14.428571428571429;6;6;13.666666666666666
0;18;42;9500;1;127.8;7;6;14.35;7;6;14.35
0;19;17;9070;0;125.2;6;6;14.333333333333334;6;6;13.5
0;20;43;9853;0;110.0;6;4;12.25;6;4;11.5
0;46;39;8014;0;100.0;6;6;13.333333333333334;6;6;11.833333333333334
0;19;17;171;0;151.4;12;12;13.0;11;11;13.25
0;18;1;9254;0;125.1;6;4;11.75;6;5;11.2
0;18;1;9130;1;163.3;6;6;14.5;6;4;13.0
0;19;18;9500;1;118.0;8;7;11.82;8;7;11.82
0;20;1;9773;0;140.2;6;0;0.0;6;0;0.0
0;38;39;8014;1;128.5;6;5;12.4;6;6;12.666666666666666
0;18;17;9773;0;131.5;6;6;12.571428571428571;6;6;11.857142857142858
0;18;17;9500;1;132.6;7;7;13.857142857142858;8;8;14.9
0;18;17;9238;0;122.1;6;5;11.833333333333334;6;5;13.8
0;20;17;9147;0;112.0;5;4;11.0;5;4;11.5
0;19;1;9130;0;133.0;6;6;14.666666666666666;6;6;13.666666666666666
0;37;39;8014;0;127.0;4;0;0.0;5;0;0.0
0;24;39;9500;0;130.0;8;7;12.714285714285714;8;7;12.714285714285714
0;19;1;9500;0;136.4;7;7;13.422222222222224;8;7;12.18888888888889
0;19;1;9773;1;129.0;6;6;14.0;6;5;12.2
0;19;17;9556;1;119.0;7;7;12.142857142857142;8;8;13.375
0;18;17;9147;1;128.0;5;5;12.8;5;5;13.0
0;18;1;9500;1;117.1;7;7;14.572857142857142;8;8;14.955555555555556
0;18;1;9147;0;136.3;5;4;11.25;5;4;11.0
0;19;17;9147;1;124.6;5;2;10.0;5;4;11.75
0;18;1;9130;0;130.7;6;5;14.4;6;4;14.6
0;20;1;9500;0;115.2;7;7;12.982857142857142;8;8;14.4625
0;20;17;9085;0;130.2;6;6;15.75;6;6;13.0
0;18;1;9085;0;128.5;6;5;12.285714285714286;6;3;14.0
0;20;16;9500;0;95.0;7;6;13.755;8;7;13.571428571428571
0;18;17;9670;1;119.4;6;6;13.833333333333334;6;6;13.5
0;19;1;9500;0;123.5;7;0;0.0;8;0;0.0
0;18;1;9500;0;133.9;7;7;14.711111111111112;8;8;14.627777777777778
0;20;53;9085;0;145.2;11;11;14.615384615384617;9;9;13.7
0;18;1;9500;0;118.8;7;7;13.677142857142858;8;8;14.533333333333331
0;19;16;9085;1;123.4;5;5;13.166666666666666;5;5;12.8
0;19;17;9238;0;123.0;6;5;10.8;6;5;11.333333333333334
0;19;17;9130;0;118.4;5;3;12.0;5;5;12.833333333333334
0;18;1;9500;0;131.6;7;6;13.958333333333334;8;8;14.71875
0;19;17;9853;0;122.3;6;4;13.0;6;4;12.25
0;24;1;171;1;151.7;0;0;0.0;0;0;0.0
0;18;1;171;1;176.0;0;0;0.0;0;0;0.0
0;18;1;9500;1;133.0;8;7;14.0;8;7;14.0
0;18;1;9773;0;139.8;6;6;12.571428571428571;6;6;12.571428571428571
0;19;1;9773;0;119.6;6;4;12.0;6;3;11.333333333333334
0;35;39;8014;1;134.0;8;8;13.625;7;7;14.0
0;19;17;9147;0;132.0;5;4;12.5;5;4;10.0
0;28;7;9853;0;130.0;15;14;12.428571428571429;14;11;11.909090909090908
0;21;43;9500;0;141.4;7;7;13.3875;8;8;15.9
0;19;18;9500;1;128.9;7;6;12.648333333333332;8;8;12.205555555555556
0;19;5;9238;0;118.1;6;6;14.0;6;6;13.333333333333334
0;18;1;9085;0;130.6;5;5;12.8;5;5;11.857142857142858
0;18;1;9254;0;122.0;6;6;11.333333333333334;6;6;10.833333333333334
0;19;1;9500;0;123.0;7;0;0.0;8;0;0.0
0;20;1;9670;1;126.7;6;6;14.166666666666666;6;6;13.0
0;18;1;9773;0;126.6;6;6;12.833333333333334;6;6;13.833333333333334
0;19;1;9853;0;125.4;7;4;12.0;7;6;11.833333333333334
0;20;1;9773;1;136.1;6;6;13.0;6;6;13.142857142857142
0;18;17;9500;0;128.8;7;6;13.39;8;7;12.757142857142856
0;18;17;9670;0;111.1;6;6;12.333333333333334;6;5;13.6
0;21;1;9070;1;135.9;6;6;12.571428571428571;6;6;11.625
0;19;5;9254;1;119.6;6;6;12.333333333333334;6;6;12.833333333333334
0;19;17;9853;0;116.7;6;5;13.0;6;4;10.75
0;19;1;9085;0;126.0;5;3;12.333333333333334;5;4;10.25
0;18;1;9773;0;134.2;6;6;13.166666666666666;6;5;14.2
0;18;1;9147;1;123.0;5;5;13.333333333333334;5;5;13.6
0;18;1;9085;0;123.9;5;4;13.0;5;5;13.142857142857142
0;31;39;9556;0;120.0;7;5;10.9;8;3;11.7
0;19;42;9147;0;112.3;5;2;11.5;5;3;10.857142857142858
0;20;16;9085;1;123.0;6;6;15.857142857142858;6;6;16.0
0;19;17;9085;1;122.3;5;5;12.6;5;3;13.0
0;19;17;9238;1;122.8;6;6;14.0;6;6;14.571428571428571
0;27;7;9130;0;160.0;5;3;14.666666666666666;5;2;13.0
0;18;17;9773;1;120.1;6;6;13.666666666666666;6;6;14.0
0;32;1;8014;0;142.4;6;0;0.0;6;0;0.0
0;18;1;9500;0;127.3;8;7;12.628571428571428;8;7;12.628571428571428
0;19;1;9500;1;125.5;8;7;14.232857142857142;8;7;14.232857142857142
0;19;1;9773;0;137.4;6;6;15.0;6;6;14.0
0;18;17;9254;0;122.0;6;2;10.0;6;0;0.0
0;18;17;9670;1;107.5;6;4;12.25;6;4;11.0
0;24;39;9773;1;104.0;6;6;13.5;6;6;13.0
0;19;17;9238;1;133.1;6;5;12.2;6;6;11.5
0;21;17;9254;0;113.3;6;0;0.0;6;0;0.0
0;19;44;9070;0;130.0;7;6;12.0;9;8;12.75
0;19;1;9500;0;124.3;7;5;12.32;7;5;11.9
0;36;39;9556;1;105.0;7;6;12.35;7;5;12.5
1;51;39;9085;0;144.0;6;0;0.0;6;0;0.0
1;20;1;9670;1;111.9;6;6;11.333333333333334;6;4;10.571428571428571
1;29;39;8014;0;107.5;6;0;0.0;5;0;0.0
1;27;44;9238;0;127.4;6;5;11.6;6;5;12.0
1;33;39;9119;0;149.0;5;4;12.0;5;3;13.666666666666666
1;57;2;9147;0;120.0;15;12;11.75;14;9;12.22222222222222
1;20;1;9670;0;143.6;6;5;12.8;6;5;11.6
1;26;39;9670;0;120.0;5;3;11.333333333333334;5;3;13.666666666666666
1;27;43;9119;0;128.0;5;0;0.0;5;0;0.0
1;19;1;9670;0;118.2;5;5;10.8;5;4;12.25
1;23;44;9085;0;160.0;6;5;12.5;6;2;13.5
1;27;39;9991;0;152.4;5;5;15.2;5;5;14.166666666666666
1;20;1;9500;1;116.6;7;7;13.314285714285717;8;8;12.575
0;19;18;9070;1;141.6;12;11;13.090909090909092;11;11;12.083333333333334
0;19;1;9130;0;105.5;6;0;0.0;6;0;0.0
0;20;1;9070;0;116.3;6;5;12.2;6;6;11.5
0;33;7;9147;0;110.0;8;6;12.833333333333334;5;4;12.0
0;22;43;9991;0;119.5;15;15;11.2;14;14;12.428571428571429
0;18;1;9147;0;125.0;5;3;12.333333333333334;5;4;12.0
0;27;39;9500;0;160.0;8;7;15.94285714285714;8;7;15.94285714285714
0;27;39;9991;0;150.0;5;0;0.0;5;0;0.0
0;19;1;9238;0;115.0;6;4;10.25;6;6;10.714285714285714
0;20;17;9853;1;128.4;6;5;13.2;6;5;12.833333333333334
0;23;1;8014;1;112.8;6;6;14.166666666666666;6;6;12.5
0;22;43;9500;1;131.0;23;20;14.575;23;20;14.575
0;18;17;9254;1;121.6;6;1;10.0;6;0;0.0
0;18;1;9238;1;110.0;6;6;12.285714285714286;6;6;11.428571428571429
0;31;39;8014;1;148.5;6;6;14.0;6;6;12.333333333333334
0;19;17;9773;0;118.3;6;4;11.25;6;0;0.0
0;19;1;9238;0;135.9;6;5;11.6;6;6;11.666666666666666
0;24;17;8014;0;115.8;6;1;12.0;6;0;0.0
0;19;1;9500;0;121.2;7;7;13.47;8;8;13.32625
0;19;17;9147;0;136.2;5;5;12.4;5;5;12.8
0;26;39;9670;0;100.2;6;3;11.75;6;4;11.5
1;27;1;171;0;152.7;0;0;0.0;0;0;0.0
0;19;17;9238;0;123.1;6;6;12.0;6;6;12.428571428571429
0;29;39;9085;0;130.0;5;5;15.333333333333334;5;5;15.4
0;18;1;9500;1;125.0;8;8;12.32;8;8;12.32
0;19;1;9500;0;113.1;7;7;13.79857142857143;8;8;14.75625
0;18;1;9773;0;121.1;6;6;13.166666666666666;6;6;12.5
0;18;1;9147;1;162.3;5;5;16.333333333333332;5;5;15.4
0;19;42;171;0;132.0;0;0;0.0;0;0;0.0
0;19;17;9500;0;130.7;7;7;14.757142857142856;8;8;15.366666666666667
0;19;17;9254;0;122.3;6;6;11.666666666666666;6;6;12.333333333333334
0;19;1;9670;0;144.1;6;5;12.6;6;5;12.375
0;19;1;9773;0;118.2;6;6;11.666666666666666;6;6;11.5
0;19;1;9238;1;133.5;6;6;15.0;6;6;13.333333333333334
0;18;1;9500;0;126.8;7;0;0.0;8;0;0.0
0;20;1;9773;0;121.0;6;6;13.571428571428571;6;6;13.333333333333334
0;20;17;9254;0;117.7;6;5;10.8;6;4;11.5
0;21;1;9085;0;115.0;5;3;11.333333333333334;5;3;13.333333333333334
0;31;1;9991;0;129.2;10;5;11.4;10;6;12.833333333333334
0;20;1;9556;1;125.8;7;7;10.642857142857142;8;8;11.55
0;19;17;9670;1;118.4;5;3;10.5;5;4;11.75
0;18;1;9500;0;142.0;7;6;14.65;7;6;14.65
0;19;17;9500;1;126.7;7;7;13.714285714285714;8;8;14.863636363636363
0;30;43;9238;0;109.3;16;15;12.266666666666667;13;13;12.071428571428571
0;21;17;9238;0;116.9;6;6;10.375;6;3;11.666666666666666
0;19;18;9147;0;121.7;5;5;11.0;5;5;15.4
0;22;1;9147;0;117.1;5;5;13.8;5;5;13.0
0;18;1;9773;1;114.4;6;6;12.666666666666666;6;6;12.833333333333334
0;18;17;9238;0;133.0;6;6;11.75;6;5;12.0
0;19;1;9500;1;118.8;8;7;12.785714285714286;8;7;12.785714285714286
0;18;1;9130;0;151.0;6;6;14.444444444444445;6;6;13.333333333333334
0;21;1;9500;0;119.6;7;6;13.25;8;8;13.8375
0;18;17;9500;0;135.4;7;7;12.50625;8;5;13.2
0;20;1;171;0;149.9;0;0;0.0;0;0;0.0
0;18;1;9085;0;120.1;5;4;12.75;5;4;11.75
0;25;39;9085;0;173.3;6;6;16.857142857142858;6;6;16.5
0;19;1;9773;0;126.2;6;6;13.166666666666666;6;6;15.0
0;19;1;9853;1;126.9;6;5;12.2;6;4;11.5
0;26;39;9085;0;157.4;6;6;16.5;6;6;14.285714285714286
0;21;17;9147;0;120.2;5;4;11.75;5;5;11.6
0;19;1;9147;0;124.8;5;1;11.0;5;0;0.0
0;19;17;9500;1;130.3;8;7;15.114285714285714;8;7;15.114285714285714
0;18;1;9238;1;152.4;6;6;15.5;6;6;14.285714285714286
0;32;43;9991;1;113.5;10;7;11.142857142857142;10;8;12.0
0;18;1;9238;1;125.7;6;6;11.333333333333334;6;6;11.333333333333334
0;20;1;9500;0;102.4;7;5;12.04;7;6;11.77142857142857
0;20;17;9147;0;125.7;5;5;11.166666666666666;5;4;10.75
0;39;39;9670;1;120.0;5;5;10.6;5;4;10.75
0;20;1;9130;0;109.3;5;4;12.5;5;2;13.0
0;18;1;171;0;162.2;0;0;0.0;0;0;0.0
0;18;17;9773;1;155.7;6;6;15.666666666666666;6;6;13.833333333333334
0;21;1;171;0;147.7;12;12;15.333333333333334;11;11;15.0
0;18;1;9500;0;115.6;7;6;12.183333333333332;7;6;11.783333333333331
0;18;1;9147;0;117.8;5;2;10.0;5;3;11.333333333333334
0;21;43;9003;0;125.0;14;9;12.0;12;8;11.25
0;22;1;9147;0;129.8;5;3;10.333333333333334;5;2;10.0
1;21;17;9254;0;123.1;6;6;11.166666666666666;6;3;14.666666666666666
1;20;43;9070;1;122.8;6;3;11.0;6;2;11.333333333333334
1;21;1;171;1;117.3;0;0;0.0;0;0;0.0
0;20;1;9254;1;126.5;6;6;12.857142857142858;6;5;11.8
0;19;1;9500;0;123.0;8;7;14.328571428571427;8;7;14.328571428571427
0;20;1;9238;1;127.7;6;6;15.0;6;6;16.333333333333332
0;19;1;9085;0;117.5;5;5;13.6;5;5;12.4
0;18;1;9085;1;128.4;5;5;12.857142857142858;5;4;13.25
0;18;17;9853;0;124.1;6;2;14.5;6;1;10.0
0;24;39;9991;0;140.9;5;3;10.666666666666666;5;3;10.5
0;21;1;9254;1;126.2;6;6;13.428571428571429;6;6;11.333333333333334
1;18;1;9500;1;120.5;7;7;11.716666666666663;8;4;10.868
1;20;17;9147;1;121.1;5;4;12.0;5;5;12.8
0;20;18;9853;0;123.7;6;5;13.2;6;4;10.75
0;18;17;9254;0;116.9;6;5;12.2;6;4;12.25
0;25;39;9556;1;100.0;7;5;12.58;7;6;12.157142857142857
0;19;17;9238;1;120.2;6;5;11.333333333333334;6;6;10.833333333333334
1;35;39;33;0;153.8;7;0;0.0;7;0;0.0
0;19;1;9500;1;120.1;7;6;12.428571428571429;8;8;14.0
1;18;1;9670;1;128.1;6;6;13.0;6;6;13.0
1;19;1;9500;0;126.8;8;7;14.535714285714286;8;7;14.535714285714286
1;19;43;9500;1;125.7;7;5;11.2;7;5;11.2
1;18;17;9070;0;146.2;6;6;16.0;6;6;13.666666666666666
1;24;39;9130;0;140.0;6;5;13.142857142857142;6;3;12.666666666666666
1;25;43;8014;0;134.5;14;11;11.6875;10;8;11.142857142857142
1;28;39;9119;0;137.0;5;4;10.5;5;4;11.0
1;19;1;9085;1;107.5;6;6;13.833333333333334;6;5;13.666666666666666
1;19;17;9119;0;112.2;5;0;0.0;5;0;0.0
1;30;39;9130;1;128.2;5;0;0.0;5;0;0.0
1;19;1;9500;0;126.8;7;0;0.0;7;0;0.0
1;21;17;9147;0;132.1;5;1;10.0;5;0;0.0
1;19;1;171;0;110.0;0;0;0.0;0;0;0.0
1;29;39;9003;0;100.0;6;0;0.0;6;0;0.0
1;18;1;9670;0;114.3;6;4;12.6;6;4;13.0
1;21;1;9147;0;116.4;5;3;11.25;5;3;11.0
1;20;42;9070;0;116.9;7;7;12.375;7;4;11.25
1;24;51;9991;0;128.2;10;7;10.714285714285714;10;9;12.555555555555555
1;18;17;9773;0;127.0;6;0;0.0;6;0;0.0
1;23;42;9003;0;140.0;6;5;12.0;6;5;12.142857142857142
1;19;1;9147;0;120.0;5;5;12.6;5;3;12.666666666666666
1;35;7;9254;0;110.0;6;0;0.0;6;0;0.0
1;20;1;9500;0;127.0;8;7;12.84142857142857;8;7;12.84142857142857
1;33;39;9238;0;159.5;6;0;0.0;5;0;0.0
1;18;1;9773;0;135.2;6;6;14.166666666666666;6;6;12.833333333333334
1;20;1;9773;0;122.8;6;6;12.166666666666666;6;3;12.0
1;19;17;9773;0;118.0;6;4;10.8;6;3;11.0
1;18;17;9773;0;123.6;6;6;13.0;6;0;0.0
1;28;39;9991;0;111.0;5;0;0.0;5;0;0.0
1;18;1;9147;0;144.6;5;5;13.0;5;5;13.333333333333334
1;25;1;9773;0;111.8;6;6;11.571428571428571;6;6;11.571428571428571
1;19;1;9238;0;122.1;6;4;11.5;6;5;11.0
1;18;18;9070;0;119.9;6;5;11.0;6;4;10.75
1;29;7;9003;0;130.0;6;6;17.11111111111111;6;6;15.571428571428571
1;18;1;171;0;118.4;0;0;0.0;0;0;0.0
1;20;1;9254;1;112.6;6;6;12.571428571428571;6;6;12.166666666666666
1;20;44;9003;0;150.0;6;0;0.0;6;0;0.0
1;18;1;9070;0;165.8;6;6;14.5;6;6;15.166666666666666
1;21;1;9254;1;101.7;6;6;13.5;6;6;12.333333333333334
1;18;17;9254;0;124.3;6;5;11.2;6;2;10.0
1;20;1;9119;0;122.1;5;3;10.666666666666666;5;4;12.25
0;23;43;8014;0;134.7;13;9;11.0;11;7;11.571428571428571
0;26;39;9991;0;154.5;1;0;0.0;5;0;0.0
0;19;17;9670;0;128.8;5;1;10.0;5;0;0.0
0;24;39;9556;1;106.0;7;5;12.36;8;5;12.0
0;20;1;9670;1;146.2;6;6;15.25;6;6;14.714285714285714
0;26;17;9991;0;116.9;5;0;0.0;5;0;0.0
0;31;39;9147;0;118.2;5;1;13.0;5;4;12.25
0;27;43;9500;0;105.7;8;8;13.81375;8;8;13.81375
0;24;1;9085;0;126.9;6;6;13.285714285714286;6;6;12.875
0;23;44;9085;0;150.0;6;4;11.5;6;4;12.2
0;20;1;9500;1;108.4;7;7;11.9625;8;8;13.044444444444444
0;20;1;9500;0;114.2;7;6;13.683333333333332;8;6;13.116666666666667
0;24;39;9500;0;140.0;8;7;14.985714285714286;8;7;14.985714285714286
0;39;39;9147;0;142.5;5;4;11.25;5;4;11.5
0;18;1;9773;0;126.5;6;4;12.5;6;5;12.6
0;20;17;9085;0;111.3;6;0;0.0;6;0;0.0
0;18;1;9500;0;125.1;7;7;13.78;8;8;13.661
0;19;1;9500;0;126.3;7;7;13.805;8;8;14.2725
0;18;17;9085;0;142.2;5;5;13.8;5;5;12.6
0;22;1;9670;0;110.2;5;3;12.666666666666666;5;4;12.0
0;18;17;9500;0;127.0;7;7;14.424285714285714;8;8;13.9375
0;18;1;9238;1;128.6;6;6;13.166666666666666;6;6;12.5
0;30;39;9991;0;130.4;5;3;10.666666666666666;5;5;10.4
0;34;43;9238;0;134.4;16;14;12.071428571428571;13;11;12.272727272727272
0;38;39;8014;0;100.0;6;3;10.25;6;1;12.0
0;19;1;9500;1;133.0;8;8;14.11;8;8;14.11
0;19;17;9853;0;126.7;6;5;12.4;6;3;10.666666666666666
0;21;43;9773;0;129.0;6;6;12.0;6;6;12.0
0;18;17;9773;1;133.7;6;6;14.833333333333334;6;6;13.5
0;20;17;9085;1;122.2;6;6;15.428571428571429;6;6;13.5
0;18;17;9147;1;128.9;5;5;11.6;5;5;11.4
0;18;1;9070;0;154.4;6;6;14.166666666666666;6;6;14.0
0;36;7;9556;1;130.0;7;1;9.8;7;0;0.0
0;18;17;9147;1;113.0;5;4;10.714285714285714;5;4;11.0
0;21;43;9130;1;123.3;5;0;0.0;5;0;0.0
0;21;44;9130;1;130.0;6;3;12.333333333333334;6;1;13.0
0;18;15;9085;0;101.3;6;6;13.0;6;6;12.25
0;18;17;9670;0;113.7;5;4;11.4;5;4;11.25
0;19;1;9500;0;138.8;7;6;12.766666666666666;7;6;12.766666666666666
0;29;39;9003;0;140.0;6;5;12.6;6;6;12.666666666666666
0;20;44;9147;1;130.0;7;7;13.0;5;5;13.4
0;18;17;9500;0;132.5;7;6;14.316666666666668;7;6;14.316666666666668
0;19;1;9085;0;117.4;5;4;12.75;5;5;12.0
0;19;1;9147;1;109.8;5;5;13.4;5;5;12.6
0;37;39;8014;0;116.5;6;0;0.0;5;0;0.0
0;18;1;9085;1;165.2;5;4;15.75;5;5;13.8
0;21;1;9853;0;113.0;6;5;12.4;6;1;11.0
0;19;17;9238;1;123.3;6;6;11.5;6;6;12.333333333333334
0;19;17;9670;0;116.7;5;5;13.4;5;5;14.0
0;35;39;9991;1;110.0;5;3;11.666666666666666;5;5;11.8
0;30;39;9500;0;118.9;7;0;0.0;8;0;0.0
0;27;43;9773;0;103.6;8;7;13.285714285714286;7;5;11.6
0;45;1;9254;1;122.7;6;4;11.5;6;2;10.5
0;50;39;8014;1;113.5;9;8;13.25;7;7;11.714285714285714
0;41;42;9147;0;128.2;14;11;12.25;10;10;13.4
0;26;43;9500;0;120.0;7;6;12.0;7;6;12.0
0;44;39;9003;0;130.0;6;1;12.0;6;0;0.0
0;23;7;9147;0;110.0;15;13;10.923076923076923;10;7;11.142857142857142
0;34;51;33;0;117.7;12;10;12.0;10;5;11.0
0;21;1;9147;1;99.6;5;5;13.714285714285714;5;5;14.4
0;22;43;9147;0;117.9;5;1;10.0;5;2;13.0
0;32;39;8014;1;113.0;6;2;10.333333333333334;6;6;11.5
0;20;17;9556;0;124.4;7;7;12.728571428571428;8;8;14.625
0;59;7;8014;0;140.0;15;12;13.333333333333334;8;8;12.875
0;30;53;9147;0;132.4;11;9;12.22222222222222;9;9;11.6
0;18;1;9254;1;124.0;6;6;11.333333333333334;6;6;10.833333333333334
1;25;39;9991;0;132.0;5;4;11.0;5;4;12.0
1;36;43;9991;0;149.8;5;5;13.8;5;5;13.8
1;36;7;9556;0;160.0;7;1;12.0;7;0;0.0
1;19;17;9670;0;114.6;6;4;11.25;6;3;10.166666666666666
1;25;39;9991;0;120.0;5;4;10.5;5;5;12.0
1;35;39;9003;0;100.0;18;18;11.555555555555555;13;13;11.615384615384617
1;20;1;9238;0;128.5;6;1;14.0;6;0;0.0
1;35;39;9003;0;113.0;6;1;13.0;6;0;0.0
0;27;1;9238;0;150.8;6;2;11.0;6;1;11.0
0;18;17;9500;0;130.8;8;7;13.68142857142857;8;7;13.68142857142857
0;23;43;9500;0;114.5;7;6;12.1;7;6;12.616666666666667
0;19;17;8014;0;114.8;6;4;10.5;6;4;11.25
0;18;17;9500;1;126.2;7;5;11.94;7;6;12.8
0;26;39;9500;0;129.0;7;4;12.86;7;5;11.566666666666668
0;19;17;9238;0;110.5;6;6;14.25;6;6;14.0
0;19;1;9500;0;132.5;7;0;0.0;8;0;0.0
0;18;1;171;0;130.7;0;0;0.0;0;0;0.0
0;19;17;9500;1;130.4;7;7;13.894285714285711;8;8;14.3625
0;19;17;9500;1;124.3;7;7;13.46875;8;8;13.31375
0;19;1;9085;1;132.6;5;5;13.6;5;5;14.6
0;21;44;8014;1;146.7;6;6;14.666666666666666;6;6;13.833333333333334
0;18;1;9773;0;130.1;6;6;13.666666666666666;6;6;13.0
0;33;43;9254;0;120.0;12;10;13.3;11;11;13.727272727272728
0;32;7;8014;0;121.3;11;11;13.454545454545457;11;7;12.428571428571429
0;17;1;9500;1;133.3;8;8;13.41625;8;8;13.41625
0;31;39;9500;0;110.5;7;0;0.0;8;0;0.0
0;32;39;8014;1;102.5;6;6;11.333333333333334;6;5;13.0
0;18;1;9085;0;150.9;6;6;16.0;6;6;14.625
0;31;51;9070;0;106.6;6;5;11.0;6;6;10.166666666666666
1;20;1;9254;0;118.3;6;6;12.857142857142858;6;5;12.4
1;40;43;9991;0;117.9;5;0;0.0;5;0;0.0
1;32;1;9991;0;135.0;5;5;14.8;5;5;14.2
1;40;7;9119;0;120.0;5;1;13.0;5;2;14.0
1;18;1;171;1;167.1;0;0;0.0;0;0;0.0
1;28;43;9991;0;115.8;9;4;10.0;6;1;10.0
1;19;16;9070;0;141.2;6;5;11.2;6;6;12.0
1;19;1;9773;1;118.4;6;6;11.833333333333334;6;3;13.0
1;21;1;9147;0;134.3;5;0;0.0;5;0;0.0
1;22;17;9147;0;128.7;5;2;10.5;5;0;0.0
1;18;17;9119;0;116.1;5;5;12.5;5;5;13.571428571428571
1;27;39;171;0;100.0;0;0;0.0;0;0;0.0
1;19;1;171;0;118.8;10;5;11.0;7;2;10.0
1;30;43;9991;0;130.0;10;9;12.333333333333334;10;8;12.0
1;28;39;9130;0;150.0;6;0;0.0;6;1;10.0
1;34;39;9119;1;116.0;5;1;17.0;5;2;11.0
1;21;17;9147;0;99.0;5;5;11.0;5;3;11.428571428571429
1;20;1;9238;1;132.0;6;5;11.142857142857142;6;6;11.571428571428571
1;31;43;9254;0;125.0;8;5;12.166666666666666;7;5;12.0
1;21;17;9119;0;116.2;5;2;11.0;5;2;11.5
1;27;39;9670;0;100.0;5;1;11.0;5;3;10.666666666666666
1;19;1;9773;0;132.9;6;4;13.25;6;5;11.8
1;21;17;9773;0;132.5;6;0;0.0;6;1;10.0
1;21;44;9003;0;140.0;6;2;12.5;6;0;0.0
1;35;43;9670;0;100.1;10;7;12.142857142857142;9;4;12.25
1;28;39;9085;0;128.2;5;3;12.0;5;3;11.333333333333334
1;24;17;9670;0;133.4;6;4;11.25;6;4;10.428571428571429
1;19;1;9773;0;136.1;4;0;0.0;6;0;0.0
1;20;17;9670;0;123.0;6;5;12.4;6;4;13.0
1;20;1;9070;1;130.3;6;6;12.833333333333334;6;6;12.666666666666666
1;19;1;9119;0;153.7;5;1;13.0;5;2;10.0
1;37;39;9085;0;142.5;7;5;12.0;7;3;11.666666666666666
1;19;1;9254;0;114.6;6;2;12.0;6;1;13.0
1;36;39;9500;0;108.5;7;0;0.0;7;0;0.0
1;29;39;9147;0;140.0;5;0;0.0;5;0;0.0
1;30;39;9003;0;120.0;6;6;11.375;6;5;11.6
1;32;51;9670;0;120.0;6;2;12.0;6;0;0.0
1;26;1;8014;0;127.6;6;6;11.833333333333334;6;6;11.666666666666666
1;37;44;9003;0;140.0;6;1;12.0;6;2;10.5
1;27;39;9119;0;111.3;6;3;12.0;6;2;11.0
1;18;1;9773;1;131.0;6;6;12.714285714285714;6;5;11.833333333333334
1;18;1;9500;1;139.5;8;8;15.3;8;8;15.3
1;32;39;9003;0;110.0;8;2;11.5;7;0;0.0
1;20;44;9119;0;130.0;5;1;13.0;5;3;12.6
1;22;43;9003;0;115.0;6;0;0.0;6;0;0.0
0;32;39;9500;0;154.3;7;0;0.0;8;0;0.0
0;21;1;9147;0;135.0;5;4;11.0;5;5;12.0
0;19;17;9670;0;115.2;6;3;12.666666666666666;6;5;13.125
0;18;1;9773;1;130.6;6;6;13.5;6;6;14.0
0;18;1;9147;1;117.4;5;5;12.0;5;5;11.4
0;38;7;9147;0;150.0;5;0;0.0;5;0;0.0
0;21;17;9853;0;131.3;6;5;11.8;6;4;10.5
0;21;1;9238;0;120.4;6;2;11.5;6;1;13.0
1;26;1;9991;0;113.6;5;2;11.5;5;3;12.0
0;19;1;9500;0;125.0;7;6;14.616666666666667;7;6;14.616666666666667
0;19;1;9500;1;132.3;8;7;14.06;8;7;14.06
0;18;17;9254;0;142.7;6;4;11.0;6;3;11.333333333333334
0;25;7;9147;0;130.0;5;0;0.0;5;0;0.0
0;19;1;9500;0;120.8;14;7;12.192307692307692;14;7;12.192307692307692
0;18;17;9254;1;130.3;6;6;12.833333333333334;6;6;12.333333333333334
0;19;17;9147;1;119.9;5;5;12.875;5;5;11.833333333333334
0;22;1;9238;1;110.5;6;6;12.166666666666666;6;6;12.5
0;21;44;9003;0;160.0;6;6;13.428571428571429;6;6;12.857142857142858
0;21;17;9085;1;118.6;6;6;14.5;6;6;14.666666666666666
0;20;1;9853;1;112.3;7;7;12.142857142857142;7;7;12.857142857142858
0;19;1;9147;0;124.4;5;4;11.25;5;3;11.714285714285714
0;18;1;9500;0;125.0;7;6;13.9;7;6;13.9
0;26;39;9500;0;105.8;7;3;13.766666666666666;7;3;12.066666666666668
0;31;26;9147;0;121.5;15;13;11.615384615384617;14;11;12.545454545454543
0;18;17;9238;1;134.2;6;6;15.166666666666666;6;6;14.142857142857142
0;35;7;9147;0;130.0;5;0;0.0;5;0;0.0
0;19;1;9085;0;122.8;5;2;14.5;5;3;11.333333333333334
0;19;1;9238;1;108.7;6;5;10.8;6;6;10.714285714285714
0;18;1;9500;0;136.7;7;7;13.995714285714287;8;8;14.955555555555556
0;20;17;9085;0;119.1;6;6;13.285714285714286;6;6;11.8
0;19;1;171;1;151.3;12;12;12.75;11;11;13.25
0;21;43;9238;1;108.3;6;2;10.5;6;5;12.4
0;18;17;9853;1;127.4;7;7;12.714285714285714;7;7;12.285714285714286
0;23;42;9500;0;124.0;8;8;12.88625;8;8;12.88625
0;21;1;9070;1;155.0;6;5;13.0;6;6;12.666666666666666
0;19;1;9147;1;114.0;5;5;12.2;5;5;11.2
0;19;1;9147;0;118.9;5;4;12.8;5;3;14.5
0;20;53;9085;0;160.0;11;11;13.785714285714286;9;9;13.88888888888889
0;18;43;9147;0;126.1;5;0;0.0;5;4;13.25
0;18;1;9500;1;136.5;8;8;14.50125;8;8;14.50125
0;19;1;9500;0;122.3;7;6;14.35;7;6;14.35
0;21;17;9070;1;128.0;6;6;11.5;6;6;12.333333333333334
0;18;1;9238;1;156.5;6;6;11.714285714285714;6;6;14.666666666666666
0;20;1;9670;0;125.7;6;6;13.571428571428571;6;5;13.6
0;18;1;9773;0;143.0;6;5;13.0;6;6;13.666666666666666
0;18;17;9500;1;131.9;7;7;13.56875;8;8;14.02625
0;32;43;9991;0;113.7;5;5;10.2;5;4;11.25
0;18;17;171;0;155.1;0;0;0.0;0;0;0.0
0;19;16;9853;0;121.1;6;5;12.2;6;5;11.8
0;18;1;9500;1;130.3;8;8;14.15375;8;8;14.15375
0;18;1;9500;0;123.3;8;0;0.0;8;0;0.0
0;20;1;9773;0;117.4;6;6;13.833333333333334;6;6;12.833333333333334
0;19;5;9670;0;140.3;6;6;13.428571428571429;6;4;14.0
0;19;17;9500;0;120.0;8;7;12.454285714285716;8;7;12.454285714285716
0;18;17;9147;0;133.4;5;1;11.0;5;0;0.0
0;18;1;9500;0;126.7;7;0;0.0;8;0;0.0
0;18;17;9500;1;129.3;7;6;13.271666666666668;8;7;12.94375
0;20;17;9500;0;125.7;7;6;13.548333333333334;8;6;14.775
0;19;1;9773;0;144.8;6;6;12.166666666666666;6;6;12.5
0;21;1;9254;0;98.6;6;2;11.0;6;0;0.0
0;19;1;9853;1;126.9;7;7;13.285714285714286;7;7;14.428571428571429
0;20;17;9238;1;146.7;6;6;13.333333333333334;6;6;14.0
0;21;1;9500;1;117.0;8;8;13.2575;8;8;13.2575
0;23;44;9085;0;130.0;6;0;0.0;6;0;0.0
0;18;17;9238;1;125.8;6;6;12.666666666666666;6;2;11.5
0;30;39;9991;0;160.0;5;5;14.6;5;5;15.4
0;20;1;9085;0;134.2;5;0;0.0;5;0;0.0
0;29;43;9147;0;96.0;5;3;12.333333333333334;5;0;0.0
0;24;18;9147;0;101.8;5;5;10.8;5;2;11.0
0;20;1;9238;0;125.2;6;6;11.666666666666666;6;6;11.333333333333334
0;27;43;8014;0;100.0;6;4;12.5;6;6;14.333333333333334
0;23;7;9147;0;140.0;5;0;0.0;5;0;0.0
0;23;51;9070;1;120.0;6;6;15.333333333333334;6;6;14.166666666666666
0;18;1;9500;0;134.3;8;7;14.2;8;7;14.2
0;19;1;9773;1;144.7;6;6;14.833333333333334;6;6;14.666666666666666
0;19;17;9500;0;131.9;7;7;13.642857142857142;8;8;14.3875
0;18;1;9773;1;136.7;6;6;13.833333333333334;6;6;14.0
0;19;1;9070;0;129.8;6;6;11.833333333333334;6;6;13.0
0;18;1;9773;1;146.5;6;6;13.428571428571429;6;6;13.5
0;29;43;9991;0;122.5;13;8;10.5;12;9;10.333333333333334
0;24;39;9556;0;117.8;7;6;11.416666666666666;8;8;11.9625
0;19;17;9556;0;106.0;7;2;12.75;7;2;11.0
0;19;17;9556;0;119.0;7;6;11.15;7;7;12.814285714285717
0;19;1;9670;0;115.1;6;3;11.666666666666666;6;5;13.625
0;20;17;9254;0;116.9;6;6;11.5;6;5;12.4
0;18;1;9773;0;141.7;6;6;13.833333333333334;6;6;12.666666666666666
0;18;1;9070;0;127.7;6;6;11.714285714285714;6;4;11.333333333333334
0;19;1;9500;1;122.1;7;7;11.678571428571429;8;7;13.0375
0;19;16;9085;0;153.5;6;6;15.714285714285714;6;6;14.666666666666666
0;18;1;171;1;141.4;0;0;0.0;0;0;0.0
0;19;1;9773;1;135.8;6;6;13.0;6;6;13.0
0;18;1;9500;1;127.5;7;7;14.485714285714286;8;8;14.58888888888889
0;24;39;9991;0;151.6;5;5;12.285714285714286;5;5;12.125
0;28;39;9500;0;121.4;7;4;13.375;7;5;13.5
0;20;42;9500;0;100.0;8;7;11.571428571428571;8;7;11.571428571428571
0;19;1;9500;1;131.5;8;7;12.657142857142857;8;7;12.657142857142857
0;22;17;9147;0;109.3;5;2;10.0;5;1;10.0
0;19;1;9238;0;127.9;6;6;13.714285714285714;6;6;13.166666666666666
0;36;7;9238;0;140.0;14;13;13.071428571428571;11;11;13.0
0;19;44;9003;1;160.0;6;6;15.333333333333334;6;6;14.0
0;18;17;9238;0;119.8;6;5;11.571428571428571;6;6;12.142857142857142
0;40;43;9991;0;153.0;5;0;0.0;5;0;0.0
0;19;1;9500;1;125.0;7;6;12.9;7;6;12.9
0;38;43;9500;0;103.7;8;5;13.126;8;5;13.126
0;32;7;9085;0;120.0;10;4;11.5;9;3;11.666666666666666
0;19;1;9853;0;146.0;6;3;10.333333333333334;6;5;11.8
0;19;17;9070;0;116.9;6;6;13.5;6;6;13.428571428571429
0;35;39;9147;0;117.9;1;0;0.0;5;0;0.0
0;20;1;9147;0;128.6;5;4;12.0;4;2;11.5
0;29;17;9853;0;135.0;8;7;11.142857142857142;8;8;11.375
0;29;1;9991;0;124.6;5;5;11.4;5;4;10.25
0;19;1;9500;1;124.0;8;7;12.771428571428572;8;7;12.771428571428572
0;18;1;9500;1;129.5;8;7;13.79857142857143;8;7;13.79857142857143
0;25;39;8014;0;111.3;6;6;13.333333333333334;6;6;13.5
0;50;39;8014;0;95.0;6;0;0.0;5;0;0.0
0;24;1;9147;0;131.8;15;14;11.357142857142858;14;13;12.846153846153848
0;18;1;9119;0;119.1;5;0;0.0;5;0;0.0
0;20;17;9085;0;125.4;6;6;15.692307692307692;6;5;14.428571428571429
0;20;16;9003;1;140.7;18;18;15.052631578947368;13;13;14.538461538461538
0;21;43;9991;0;131.9;10;6;11.5;10;5;12.4
1;28;39;9238;0;124.0;8;7;11.0;6;1;10.0
1;19;1;9254;1;139.2;6;6;13.0;6;6;13.166666666666666
1;18;1;9500;1;121.8;8;8;12.93875;8;8;12.93875
1;22;17;171;0;132.9;0;0;0.0;0;0;0.0
1;25;44;9003;0;130.0;6;0;0.0;6;0;0.0
1;37;39;9500;0;130.1;7;5;13.0;7;5;12.88
1;38;39;9500;0;124.5;7;5;12.18;7;4;11.8125
1;36;39;9670;0;162.3;6;3;11.333333333333334;6;5;11.4
1;18;1;9500;0;137.8;8;7;13.0;8;7;13.0
1;19;1;9670;0;119.5;5;0;0.0;6;0;0.0
1;24;39;9130;0;110.0;5;2;12.5;5;3;12.333333333333334
1;20;1;9238;0;105.0;6;5;11.0;6;5;12.166666666666666
1;21;1;171;0;142.8;0;0;0.0;0;0;0.0
1;32;43;9991;0;128.2;5;0;0.0;5;0;0.0
1;39;39;9991;0;120.0;5;0;0.0;5;1;10.0
1;33;7;9119;0;130.0;5;0;0.0;5;0;0.0
1;20;17;9670;1;121.7;5;5;12.4;5;4;10.75
1;19;1;9003;0;116.0;6;6;15.5;6;6;14.1
1;43;39;9991;0;133.2;5;2;11.5;5;3;10.8
1;49;43;9991;0;116.7;5;4;13.333333333333334;5;4;11.6
1;18;1;9773;1;126.4;6;6;12.666666666666666;6;6;13.5
1;27;39;9003;0;140.0;6;0;0.0;6;0;0.0
1;19;1;9147;1;120.3;5;5;12.6;5;5;13.6
1;45;39;9070;1;118.0;6;6;13.5;6;0;0.0
1;19;15;9670;0;149.5;6;6;13.0;6;6;13.0
1;21;44;9003;1;130.0;6;6;11.714285714285714;6;4;11.75
1;18;1;9670;1;126.3;6;6;12.166666666666666;6;5;13.0
1;18;17;9147;0;116.2;5;0;0.0;5;0;0.0
1;29;17;9254;0;126.0;6;0;0.0;6;0;0.0
1;19;1;9670;0;122.3;5;5;11.5;5;5;11.6
1;18;1;9147;1;119.5;5;4;11.25;5;4;12.25
1;22;44;9070;1;131.8;7;7;12.285714285714286;9;8;12.375
1;18;17;9500;1;130.7;7;7;12.718571428571428;8;8;12.805555555555555
1;20;44;9130;0;140.0;6;5;12.4;6;2;15.0
1;20;1;171;0;129.5;0;0;0.0;0;0;0.0
1;29;39;9670;1;130.0;6;1;14.0;6;0;0.0
1;29;39;9670;0;114.0;5;3;11.666666666666666;5;4;11.25
1;23;43;9773;0;121.0;6;1;13.0;6;4;11.25
1;19;17;171;0;116.4;0;0;0.0;0;0;0.0
1;18;1;9119;0;121.7;5;0;0.0;5;1;12.0
1;22;42;9254;0;130.0;6;4;11.5;6;2;12.5
1;34;43;9991;0;120.0;10;7;11.714285714285714;10;6;11.5
1;26;43;9991;0;125.0;5;5;12.6;5;5;13.714285714285714
1;24;17;171;0;134.1;17;13;11.642857142857142;17;12;11.25
1;17;1;9670;1;149.5;6;6;14.875;6;6;13.428571428571429
1;21;43;9670;0;113.2;5;2;10.0;5;3;10.333333333333334
1;34;39;9991;0;146.0;5;5;14.2;5;5;14.6
1;19;44;9003;0;140.0;6;6;12.714285714285714;6;6;13.5
1;49;39;9003;0;162.4;12;5;11.6;7;5;11.2
1;23;43;9500;0;136.6;7;5;11.94;7;6;12.2
1;18;18;9119;0;111.0;5;4;11.6;5;3;14.2
1;20;1;9500;0;115.7;7;5;12.7;8;7;13.475
1;19;1;9670;0;105.7;6;6;13.333333333333334;6;5;13.8
1;24;42;9003;0;128.2;9;8;13.333333333333334;10;9;13.11111111111111
1;18;1;9147;0;137.0;5;5;13.4;5;5;15.0
1;45;39;9254;0;120.0;6;0;0.0;6;0;0.0
1;30;39;9991;0;120.5;5;2;11.0;5;0;0.0
1;28;51;9991;0;118.1;15;13;12.0;13;9;11.333333333333334
1;40;39;9991;0;139.0;5;0;0.0;5;0;0.0
1;32;39;9147;0;116.3;5;0;0.0;5;0;0.0
1;19;17;9254;0;120.5;6;4;12.5;6;4;10.25
1;20;1;9070;0;134.9;6;6;13.666666666666666;6;6;12.166666666666666
1;18;17;9119;0;123.0;5;1;10.0;5;0;0.0
1;20;17;9670;0;122.9;6;6;11.5;6;2;13.0
1;39;39;9991;0;140.0;5;4;12.25;5;4;12.75
1;19;17;9085;0;122.5;6;5;13.6;6;5;13.666666666666666
1;38;39;9991;0;121.5;5;2;10.5;5;3;11.333333333333334
1;18;17;9500;1;132.3;7;6;13.266666666666666;7;6;13.266666666666666
1;18;17;9500;1;131.5;7;7;12.5125;8;8;14.1875
1;28;43;9130;0;128.2;5;0;0.0;5;0;0.0
1;31;39;9670;0;148.0;6;0;0.0;6;0;0.0
1;23;1;9500;0;121.5;7;6;13.483333333333334;7;6;13.483333333333334
1;21;1;9500;0;135.4;7;6;12.565;8;5;12.16
1;33;39;9238;0;139.0;6;0;0.0;5;0;0.0
1;22;43;9147;0;113.4;5;3;13.0;5;3;11.666666666666666
1;20;44;9119;0;150.0;5;5;16.5;5;5;17.714285714285715
1;19;17;9670;0;122.0;6;6;13.166666666666666;6;5;13.2
1;20;44;9085;0;150.0;6;6;13.8;6;6;13.142857142857142
1;25;39;9254;0;119.3;6;6;11.166666666666666;6;4;11.8
1;25;39;9003;0;140.0;6;0;0.0;6;0;0.0
1;19;1;9070;0;125.0;6;6;12.666666666666666;6;6;12.142857142857142
1;20;1;9670;0;140.7;5;5;12.6;5;4;14.5
1;33;39;9500;0;100.0;7;5;13.06;7;0;0.0
1;19;17;9773;0;146.7;6;6;13.833333333333334;6;6;13.625
1;31;39;9130;0;96.0;5;0;0.0;5;0;0.0
1;24;44;9119;0;160.0;6;2;16.0;7;2;16.0
1;23;44;9119;0;130.0;5;0;0.0;5;0;0.0
1;26;39;9991;1;130.0;5;3;10.666666666666666;5;3;10.666666666666666
1;38;43;9070;0;140.0;18;18;14.5;18;18;14.5
1;20;1;9119;1;116.6;5;5;14.0;5;5;13.8
1;20;17;9119;0;120.5;5;3;13.333333333333334;5;5;13.571428571428571
1;25;39;9085;0;103.0;6;0;0.0;6;0;0.0
1;19;17;9070;0;111.9;6;5;12.0;6;4;11.2
1;18;17;9119;0;148.7;5;5;16.2;5;5;16.0
1;28;43;9991;0;120.0;13;7;10.285714285714286;11;5;10.6
1;18;1;9119;0;125.7;5;0;0.0;5;0;0.0
1;20;1;9254;1;120.1;6;6;13.571428571428571;6;6;13.166666666666666
1;18;1;9130;0;127.8;6;6;14.285714285714286;6;6;14.857142857142858
1;19;17;9147;0;106.4;5;5;10.2;5;4;10.5
1;24;42;9500;0;100.0;8;2;10.25;8;2;10.25
1;21;17;9085;0;123.9;6;0;0.0;6;0;0.0
1;20;1;9670;1;139.5;6;6;14.833333333333334;6;6;14.833333333333334
1;21;44;9003;0;150.0;6;5;13.625;6;5;12.6
1;24;1;9556;0;139.8;7;7;12.271428571428572;8;7;13.657142857142857
1;27;39;9991;0;154.4;5;0;0.0;5;0;0.0
1;19;17;9147;0;115.5;5;4;12.5;5;5;10.5
1;39;39;8014;0;119.0;9;9;13.22222222222222;7;7;13.142857142857142
1;25;39;33;0;96.1;7;2;15.0;7;2;11.5
1;18;7;171;0;130.0;0;0;0.0;0;0;0.0
1;19;43;9070;0;128.8;12;12;13.166666666666666;12;12;13.0
1;21;18;9773;1;126.8;6;5;13.833333333333334;6;4;14.0
1;27;7;9991;0;130.0;5;0;0.0;5;0;0.0
1;19;1;9147;0;116.7;5;0;0.0;5;0;0.0
1;18;17;9500;0;125.5;8;7;13.154285714285717;8;7;13.154285714285717
1;27;7;9670;0;110.0;12;9;12.333333333333334;11;6;13.166666666666666
1;18;1;9773;0;133.7;6;6;13.0;6;5;11.8
1;19;1;9130;0;117.6;5;2;11.5;5;5;11.4
1;19;44;9003;0;140.0;6;3;13.25;6;1;12.0
1;22;44;9003;0;150.0;6;3;13.333333333333334;6;3;12.75
0;18;16;9238;0;133.7;6;6;13.5;6;6;12.166666666666666
0;18;16;9773;1;137.0;6;6;12.666666666666666;6;5;12.8
0;23;43;9147;0;128.2;11;11;15.090909090909092;6;6;14.5
1;20;18;171;0;129.2;0;0;0.0;0;0;0.0
1;18;17;9773;0;129.5;6;6;13.166666666666666;6;6;12.666666666666666
1;18;1;9773;0;129.6;6;6;12.833333333333334;6;6;12.833333333333334
1;18;17;9119;0;121.7;5;5;11.8;5;3;12.0
1;20;17;9773;0;141.8;6;6;11.833333333333334;6;6;12.166666666666666
1;20;1;9773;0;129.8;6;5;12.8;6;3;12.75
1;21;44;9070;0;106.0;7;5;11.8;9;5;11.0
1;22;43;171;0;121.6;0;0;0.0;0;0;0.0
1;20;17;9119;0;121.5;5;5;15.8;5;5;14.571428571428571
1;19;1;171;0;117.0;0;0;0.0;0;0;0.0
1;19;44;9119;0;130.0;5;2;12.5;5;3;11.6
1;20;17;9670;0;117.7;6;6;14.666666666666666;6;6;13.857142857142858
1;19;44;9085;0;140.0;6;4;12.5;6;2;12.0
1;19;1;9119;0;133.1;5;3;12.0;6;2;10.5
1;24;15;9119;0;100.0;8;7;13.142857142857142;6;6;11.833333333333334
1;18;17;9670;0;119.1;6;3;12.666666666666666;6;4;11.142857142857142
1;18;1;9119;1;129.8;5;5;15.0;5;5;14.2
0;18;1;9238;0;131.3;6;5;13.6;6;5;11.8
0;18;17;9773;0;136.7;6;6;12.5;6;6;13.833333333333334
0;21;17;9238;1;126.2;6;6;13.333333333333334;6;6;13.5
0;18;15;9085;0;109.6;6;4;12.25;6;5;11.0
0;18;1;9500;1;131.9;7;7;15.101428571428572;8;8;16.09375
0;18;1;9238;1;140.7;6;6;13.166666666666666;6;6;16.0
0;23;18;8014;0;120.7;6;4;11.0;6;0;0.0
0;21;1;9147;0;113.8;5;3;11.666666666666666;5;4;11.75
0;20;1;9238;0;121.0;6;1;10.0;6;1;13.0
0;26;17;8014;0;112.4;7;7;11.571428571428571;6;2;11.0
0;18;1;9773;1;131.0;6;6;12.166666666666666;6;5;11.2
0;18;1;171;0;142.7;0;0;0.0;0;0;0.0
0;19;1;9670;1;125.5;6;6;13.833333333333334;6;6;14.285714285714286
0;20;1;9500;1;107.8;7;6;12.357142857142858;8;7;13.0
0;19;1;9773;0;110.4;6;6;12.166666666666666;6;2;10.333333333333334
0;21;44;9238;0;136.1;6;3;12.0;6;2;12.5
0;33;39;9254;0;138.3;10;9;12.416666666666666;9;7;13.0
0;18;1;9085;0;142.3;5;4;12.75;5;4;12.75
0;21;42;9500;0;145.0;21;18;14.933333333333334;21;18;14.933333333333334
0;19;1;9773;0;125.7;6;6;13.0;6;6;11.666666666666666
0;33;39;9853;0;108.0;7;7;12.857142857142858;7;6;12.666666666666666
0;18;1;9500;0;128.7;7;7;14.455000000000002;8;8;13.91
0;18;1;9670;1;128.0;6;6;14.0;6;6;13.285714285714286
0;20;1;9773;1;146.5;6;6;13.5;6;6;12.666666666666666
0;20;1;9254;0;106.1;6;0;0.0;6;0;0.0
0;20;17;8014;1;118.0;6;6;11.666666666666666;6;5;14.0
0;19;17;9085;1;117.0;5;4;12.0;5;5;13.333333333333334
0;19;1;9238;1;115.4;6;6;11.714285714285714;6;6;11.833333333333334
0;21;17;9238;0;117.0;6;6;12.666666666666666;6;6;12.428571428571429
0;26;39;9085;0;144.9;6;3;11.75;6;4;12.8
0;21;17;9238;0;127.0;6;0;0.0;6;0;0.0
0;18;1;9500;0;118.0;8;7;12.328571428571427;8;7;12.328571428571427
0;27;39;9853;0;118.0;7;6;11.666666666666666;7;1;10.0
0;20;43;9070;1;126.4;12;12;13.25;12;11;12.727272727272728
0;21;43;9670;0;110.0;6;5;11.833333333333334;6;4;13.25
0;18;17;9556;1;124.4;7;7;13.3;8;8;15.125
0;20;44;9085;0;140.0;6;6;12.555555555555555;6;5;11.8
0;18;1;9773;0;129.4;6;6;12.833333333333334;6;6;12.166666666666666
0;20;44;9238;1;141.7;6;6;12.833333333333334;6;6;12.833333333333334
0;19;1;9085;1;132.1;5;3;12.666666666666666;5;3;13.0
0;20;1;9500;0;116.8;7;6;13.271428571428572;8;7;14.471428571428572
0;20;1;9991;1;135.0;5;5;12.4;5;5;12.833333333333334
0;20;44;9085;0;150.0;5;2;14.5;5;4;11.25
0;19;1;9238;0;116.0;6;0;0.0;5;0;0.0
0;18;1;9773;0;155.0;6;6;14.285714285714286;6;6;13.25
0;18;1;9085;0;127.0;5;3;12.333333333333334;5;5;12.6
0;19;17;9500;1;130.8;7;6;12.583333333333334;8;7;12.671428571428573
0;19;1;9500;0;121.8;7;6;13.731666666666667;8;7;13.771428571428572
1;43;39;9003;0;140.0;6;6;12.875;6;5;12.142857142857142
1;47;42;9070;0;148.5;10;8;14.625;7;5;13.4
1;23;42;9147;0;109.8;3;0;0.0;2;0;0.0
0;19;1;9238;1;119.7;6;6;12.666666666666666;6;6;12.666666666666666
0;20;42;9500;0;122.0;8;6;12.491666666666667;8;6;12.491666666666667
0;19;1;171;1;147.5;12;12;13.666666666666666;11;11;14.166666666666666
0;19;17;9085;0;150.8;6;6;16.0;6;6;14.5
0;19;44;9085;0;150.0;6;6;14.142857142857142;6;6;13.0
0;39;39;8014;1;131.5;6;6;11.833333333333334;6;4;13.75
0;20;1;9070;1;127.2;6;6;12.666666666666666;6;6;13.0
0;21;17;9070;0;111.0;6;6;12.5;6;6;12.666666666666666
0;22;43;9238;0;119.9;11;9;10.88888888888889;10;4;11.25
0;19;1;9773;0;133.7;6;1;13.0;5;0;0.0
0;22;17;9670;0;140.0;6;6;15.166666666666666;6;6;16.0
0;19;5;9853;1;113.9;6;6;12.666666666666666;6;6;12.0
1;18;1;171;0;120.7;0;0;0.0;0;0;0.0
1;26;39;9147;0;119.8;5;5;12.0;5;5;10.2
1;36;39;9991;0;121.8;5;0;0.0;5;0;0.0
1;20;18;171;1;117.7;0;0;0.0;0;0;0.0
1;30;39;9147;0;110.0;5;2;11.0;5;4;11.5
1;24;43;9003;0;134.4;6;6;15.714285714285714;6;6;15.9
1;26;1;9147;0;125.3;15;11;10.818181818181818;14;11;11.636363636363637
1;19;1;9147;0;119.1;5;1;12.0;5;0;0.0
1;34;39;9238;0;146.0;6;5;12.6;6;4;11.25
1;33;43;9130;0;130.0;5;1;13.0;5;3;14.0
1;19;17;9147;0;122.0;5;5;11.6;5;4;10.75
1;26;17;9119;0;118.1;5;1;10.0;5;1;11.0
1;29;39;9670;0;105.2;6;1;14.0;6;0;0.0
1;19;17;9119;1;123.3;5;5;12.6;5;2;12.5
1;18;17;171;0;124.8;0;0;0.0;0;0;0.0
1;29;39;9991;0;149.4;5;2;11.333333333333334;5;1;12.0
1;21;43;9254;0;108.5;6;6;12.666666666666666;6;5;11.4
1;19;17;9254;0;125.0;6;5;10.8;6;2;10.5
1;20;1;9500;0;101.0;7;5;12.87857142857143;8;7;11.85625
1;18;1;9085;0;112.9;5;0;0.0;5;0;0.0
1;18;17;9070;0;120.2;6;6;12.833333333333334;6;5;11.4
1;21;1;9147;1;111.6;5;5;12.6;5;3;12.833333333333334
1;20;1;9147;0;134.1;5;0;0.0;5;0;0.0
1;30;39;9119;1;101.6;5;0;0.0;5;0;0.0
1;19;18;9670;0;111.9;6;6;14.166666666666666;6;6;14.0
1;30;51;9147;0;118.4;5;5;13.4;5;4;13.25
1;22;1;9147;1;127.1;5;5;11.2;5;4;11.25
1;22;17;171;0;120.5;0;0;0.0;0;0;0.0
1;19;17;9070;0;136.1;6;6;12.666666666666666;6;5;11.8
1;21;17;9670;0;124.0;5;3;12.333333333333334;5;4;11.25
1;21;17;9085;0;141.6;5;4;12.25;5;5;12.0
1;21;44;171;1;160.0;0;0;0.0;0;0;0.0
1;27;39;9147;0;110.0;5;3;10.75;5;3;10.333333333333334
1;32;43;33;0;100.0;7;0;0.0;7;0;0.0
1;40;39;9670;0;120.0;6;0;0.0;6;0;0.0
1;20;1;9147;0;124.8;5;2;14.333333333333334;5;2;12.5
1;20;44;9130;0;140.0;5;2;11.5;5;2;11.5
1;18;1;171;0;124.3;0;0;0.0;0;0;0.0
1;21;43;9147;0;118.9;5;2;10.5;5;0;0.0
1;18;17;9670;0;130.2;6;6;13.5;6;0;0.0
1;19;44;9003;0;120.0;6;1;11.0;6;0;0.0
1;30;7;9070;0;140.0;6;1;10.0;6;0;0.0
1;29;39;9003;0;130.0;6;0;0.0;6;0;0.0
1;18;17;9119;0;130.4;5;1;12.0;5;3;10.666666666666666
1;18;1;9670;1;116.1;5;4;12.25;5;5;12.2
1;22;44;9003;0;130.0;10;5;11.4;7;6;11.666666666666666
1;27;43;9991;0;124.3;5;0;0.0;5;0;0.0
1;20;17;9670;0;125.0;6;4;14.25;6;5;14.0
1;42;51;8014;0;110.0;12;11;14.454545454545457;11;10;14.2
1;21;1;9003;0;115.0;12;12;14.538461538461538;12;12;14.461538461538462
1;23;43;9500;0;129.6;7;6;12.733333333333334;8;7;11.95
1;21;51;9070;0;128.8;12;5;13.2;12;4;13.5
1;19;1;171;0;144.2;0;0;0.0;0;0;0.0
1;40;39;9238;1;134.0;6;6;12.333333333333334;6;4;12.75
1;22;43;9147;0;112.0;9;5;11.2;9;7;11.25
1;19;1;9500;0;128.8;7;6;13.2;7;6;13.2
1;24;39;9119;1;134.0;5;5;11.833333333333334;5;4;14.0
1;21;1;9254;0;125.0;6;5;11.333333333333334;6;2;11.5
1;18;17;9119;0;123.2;5;5;13.6;5;5;14.6
1;18;17;9119;0;118.4;5;0;0.0;5;2;11.5
1;24;51;9670;0;116.2;6;5;12.857142857142858;6;5;13.666666666666666
1;28;39;9119;1;123.0;5;3;14.333333333333334;5;5;12.428571428571429
0;19;17;9670;1;113.5;6;5;13.5;6;6;14.0
0;28;51;9085;0;125.0;6;6;14.428571428571429;6;4;15.6
0;18;17;9853;0;134.8;6;0;0.0;6;0;0.0
0;19;1;171;0;149.9;0;0;0.0;0;0;0.0
0;19;1;9500;1;119.8;8;8;12.82875;8;8;12.82875
0;21;43;9130;0;125.0;5;0;0.0;5;4;13.75
0;18;1;9500;0;135.1;7;0;0.0;8;0;0.0
0;19;1;9070;0;138.3;6;6;14.666666666666666;6;6;13.166666666666666
0;19;17;9500;0;122.5;8;7;13.937142857142858;8;7;13.937142857142858
0;20;1;9070;0;148.0;12;10;14.7;12;12;14.583333333333334
0;18;1;9773;0;126.2;6;6;11.666666666666666;6;5;12.2
0;20;43;9500;0;129.8;7;6;14.85;7;6;14.85
0;26;39;9085;0;104.0;5;1;12.0;5;0;0.0
0;18;18;9500;0;126.7;7;7;13.6875;8;8;15.622222222222222
0;58;39;8014;0;120.0;6;5;12.4;6;5;11.6
0;18;1;9500;0;124.6;7;7;13.398;8;8;13.5425
0;20;44;9085;0;130.0;6;5;11.8;6;4;12.0
0;20;17;9991;0;127.3;5;0;0.0;5;0;0.0
0;29;2;9147;0;122.0;15;13;11.76923076923077;14;14;11.928571428571429
0;27;7;9238;0;125.1;6;0;0.0;5;0;0.0
0;21;1;9085;1;110.0;6;6;13.285714285714286;6;6;13.0
0;20;1;9238;1;129.8;6;6;11.666666666666666;6;6;11.166666666666666
0;19;17;9238;1;114.9;6;6;11.5;6;5;12.2
0;22;1;9500;1;125.6;7;6;13.081666666666669;8;6;13.15
0;19;18;9070;1;125.1;6;6;12.666666666666666;6;6;13.0
0;19;17;9773;0;115.7;6;3;11.333333333333334;6;0;0.0
0;23;1;9853;0;112.6;6;5;13.6;6;5;11.6
0;18;1;9773;1;127.2;6;6;13.166666666666666;6;5;13.2
0;19;44;9130;0;140.0;6;0;0.0;6;0;0.0
0;20;44;9003;0;140.0;6;5;11.666666666666666;6;5;12.6
0;19;1;9238;1;120.4;6;6;13.5;6;6;13.428571428571429
0;26;39;9085;1;100.0;6;0;0.0;6;0;0.0
0;18;1;9238;1;113.5;6;6;13.166666666666666;6;6;14.142857142857142
0;29;1;9085;0;132.1;5;4;12.5;5;2;12.5
0;20;44;9003;0;160.0;6;6;13.375;6;6;13.0
0;19;1;9070;0;126.3;6;6;13.166666666666666;6;6;12.666666666666666
0;23;44;9085;0;160.0;6;4;13.4;6;2;13.5
0;25;43;9556;0;100.0;7;3;13.0;8;3;11.666666666666666
0;18;18;9500;0;125.8;8;7;13.154285714285717;8;7;13.154285714285717
0;19;1;9070;1;142.2;6;6;12.833333333333334;6;6;12.833333333333334
0;18;17;9853;0;119.4;7;7;12.142857142857142;7;7;13.142857142857142
0;19;1;9500;1;106.4;7;5;13.34;7;6;12.385714285714286
0;36;7;8014;0;120.0;10;4;13.0;9;4;13.75
1;20;44;9003;1;150.0;6;3;12.0;6;3;11.666666666666666
1;20;17;171;0;148.6;0;0;0.0;0;0;0.0
1;18;1;9238;0;108.7;6;5;11.0;6;0;0.0
1;19;44;9003;0;130.0;6;5;11.5;6;6;11.333333333333334
1;20;17;9238;0;124.6;9;3;13.333333333333334;6;2;12.5
1;18;1;9500;0;131.0;7;7;14.594444444444443;8;8;13.472
1;20;44;9130;0;130.0;6;4;11.0;6;3;10.666666666666666
1;24;18;9119;0;116.1;5;0;0.0;5;0;0.0
1;19;17;9773;0;125.6;6;0;0.0;6;0;0.0
1;18;17;9119;0;121.3;5;1;12.0;5;2;12.0
1;18;1;9119;0;107.4;5;5;14.0;5;5;13.2
1;18;1;9254;0;116.9;6;6;13.571428571428571;6;5;11.8
1;22;43;9670;0;123.5;6;0;0.0;6;0;0.0
1;19;1;9670;0;130.5;6;6;14.25;6;6;13.857142857142858
0;32;39;9085;0;140.0;6;0;0.0;6;0;0.0
0;21;17;9853;1;117.1;6;0;0.0;6;0;0.0
0;19;18;9500;1;127.5;8;7;13.542857142857144;8;7;13.542857142857144
0;39;43;8014;1;126.0;9;9;13.11111111111111;7;7;11.714285714285714
0;30;43;8014;0;113.0;9;9;12.666666666666666;7;7;12.142857142857142
0;18;1;9147;0;130.1;5;4;10.75;5;2;10.0
0;38;43;9991;0;110.0;10;4;10.75;10;2;10.0
0;20;1;9070;0;135.8;6;6;13.666666666666666;6;6;13.333333333333334
0;55;39;8014;0;126.3;6;6;13.833333333333334;6;6;12.833333333333334
0;53;27;9070;0;130.0;18;17;13.176470588235292;18;16;13.0
0;54;39;8014;0;104.0;6;4;12.75;6;5;12.6
0;18;43;9500;1;123.6;7;5;12.86;7;5;12.86
0;44;39;8014;0;121.0;8;4;12.0;7;4;12.0
0;28;43;9238;0;130.5;11;9;11.666666666666666;11;9;12.555555555555555
0;37;7;8014;0;180.0;14;14;16.5;11;11;16.90909090909091
0;20;43;9238;0;112.5;10;9;12.333333333333334;7;7;11.77777777777778
0;18;1;9500;0;126.1;7;7;12.59125;8;7;12.820000000000002
1;19;1;9238;0;111.8;6;4;11.5;6;3;11.0
1;23;17;9003;1;131.4;18;18;11.894736842105264;13;13;12.923076923076923
1;22;17;9238;0;144.3;6;0;0.0;6;0;0.0
1;24;39;9254;0;115.0;6;0;0.0;6;0;0.0
1;22;44;9003;0;120.0;6;5;13.0;6;2;11.5
1;26;39;9003;0;168.6;6;0;0.0;6;0;0.0
1;18;17;9773;0;127.7;6;6;15.166666666666666;6;6;14.833333333333334
1;24;44;9130;0;150.0;6;4;11.75;6;2;13.5
1;18;1;9119;0;129.8;5;0;0.0;5;1;15.0
1;26;1;171;0;135.6;0;0;0.0;0;0;0.0
1;27;39;9254;0;100.0;6;3;11.333333333333334;6;3;14.75
1;20;44;9003;1;140.0;6;5;12.6;6;5;13.2
1;19;1;9119;0;124.1;5;0;0.0;5;1;14.0
1;18;1;9085;1;131.6;6;6;15.5;6;4;15.5
1;18;1;9500;0;129.0;8;7;12.365714285714288;8;7;12.365714285714288
1;19;17;9670;0;135.7;6;5;13.2;6;5;13.25
1;34;43;9070;0;108.0;12;7;11.428571428571429;12;7;11.857142857142858
1;19;1;9238;0;110.8;6;0;0.0;6;0;0.0
1;19;1;9773;1;124.5;6;4;14.0;6;6;12.333333333333334
1;30;39;9003;0;100.0;12;3;12.0;12;5;11.8
1;22;43;9773;0;123.8;4;0;0.0;5;3;12.0
1;19;17;9147;0;131.4;5;4;10.0;5;3;11.333333333333334
1;21;1;9147;0;118.5;5;1;10.0;5;1;10.0
1;22;1;171;0;122.0;0;0;0.0;0;0;0.0
1;19;1;9254;1;122.9;6;6;11.166666666666666;6;3;11.666666666666666
1;20;1;9238;0;118.7;6;4;11.75;6;3;11.333333333333334
1;35;39;9003;0;100.0;6;3;11.75;6;0;0.0
1;20;16;9147;0;135.9;5;1;10.0;5;1;11.0
1;21;1;9130;0;138.4;5;3;14.0;5;5;12.8
1;27;39;9085;0;128.2;5;0;0.0;5;0;0.0
1;26;43;9773;0;107.4;6;3;12.0;6;0;0.0
1;20;17;9773;0;129.8;6;0;0.0;5;0;0.0
1;28;39;9003;0;100.0;10;8;11.88888888888889;8;5;11.6
1;19;1;9773;0;113.0;6;6;13.833333333333334;6;6;13.666666666666666
1;47;43;9991;0;107.0;5;0;0.0;5;0;0.0
1;55;39;9773;0;130.0;6;5;11.4;6;5;12.4
1;39;43;9003;0;120.0;6;0;0.0;6;2;11.0
1;35;1;9003;0;120.5;17;14;10.642857142857142;12;12;10.666666666666666
1;32;39;9238;0;120.5;6;2;11.0;6;0;0.0
1;20;1;9773;0;137.0;6;6;16.833333333333332;6;6;16.666666666666668
1;36;39;9254;0;115.0;6;6;13.571428571428571;6;5;13.2
1;34;39;9991;1;142.7;5;5;14.714285714285714;5;5;14.375
1;21;1;9670;0;116.7;5;0;0.0;5;0;0.0
1;42;43;9991;1;136.1;5;1;10.0;5;1;11.0
1;25;39;9003;0;134.3;6;1;11.0;6;4;11.75
1;18;18;9773;1;153.0;6;1;11.0;6;0;0.0
1;18;1;9773;1;132.0;6;5;12.0;6;6;12.833333333333334
1;19;1;9238;0;129.6;6;6;11.125;6;6;11.857142857142858
1;34;43;9085;0;105.0;6;3;11.333333333333334;6;2;11.5
1;20;17;9773;0;130.8;6;2;12.0;6;0;0.0
1;20;1;9500;0;119.7;7;0;0.0;7;0;0.0
1;21;17;9500;0;132.5;8;7;14.54;8;7;14.54
1;19;44;9003;0;130.0;6;6;12.166666666666666;6;4;13.0
1;31;39;9085;0;120.0;5;4;13.5;5;3;11.666666666666666
1;21;17;9670;0;150.0;6;6;14.75;6;5;14.333333333333334
1;20;1;9147;1;115.6;5;5;12.375;5;5;11.666666666666666
1;22;43;9500;0;119.1;7;6;12.733333333333334;7;6;12.733333333333334
1;19;1;9070;0;123.5;6;4;12.5;6;0;0.0
1;41;39;9130;0;120.0;5;0;0.0;5;0;0.0
1;27;43;9500;0;110.0;7;0;0.0;7;0;0.0
0;19;17;9500;0;131.4;7;7;13.44285714285714;8;7;13.771428571428572
0;20;18;9500;1;126.8;8;8;14.2;8;8;14.2
0;19;43;9500;1;118.9;7;6;13.55;7;6;13.55
0;35;39;9991;0;160.0;5;5;11.6;5;5;11.166666666666666
0;22;17;9773;0;115.9;6;6;13.571428571428571;6;6;15.285714285714286
0;20;1;9254;1;109.3;6;6;13.833333333333334;6;6;15.0
0;18;1;9670;0;113.9;6;4;11.25;6;4;10.857142857142858
0;18;1;9238;1;121.8;6;5;10.2;6;4;11.25
0;30;7;9500;0;140.0;8;7;15.675714285714283;8;7;15.675714285714283
0;18;18;9238;1;114.7;6;6;10.833333333333334;6;6;12.0
0;20;1;9254;1;120.0;6;6;14.5;6;5;15.0
0;19;1;9238;1;107.3;6;4;10.4;6;4;10.75
0;19;17;9085;0;136.2;5;5;13.0;5;5;13.333333333333334
0;21;1;9556;1;119.5;7;7;12.242857142857144;8;8;14.125
0;21;18;9853;0;106.0;7;7;13.0;7;6;12.5
0;18;1;9670;0;124.1;6;6;14.166666666666666;6;6;13.428571428571429
0;18;1;9147;1;133.2;5;4;14.25;5;4;12.5
0;35;39;9085;0;110.0;5;1;12.0;5;2;10.5
0;21;1;9500;0;114.8;7;4;13.25;7;5;13.82
1;18;1;9500;1;130.0;7;6;13.183333333333332;7;6;13.183333333333332
1;22;17;9070;0;122.6;6;1;11.0;6;0;0.0
1;20;17;9500;1;133.5;7;7;11.9725;8;8;12.65125
0;34;39;9254;0;120.0;6;5;12.4;6;5;12.8
0;33;7;9147;0;120.0;8;5;12.6;7;5;11.25
0;22;1;9500;1;137.3;7;6;13.9;7;6;13.9
0;20;17;9254;1;123.5;6;4;11.5;6;3;11.0
0;35;39;9147;0;131.8;5;4;14.2;5;4;11.857142857142858
0;39;39;9147;0;130.0;5;3;10.666666666666666;5;3;10.666666666666666
0;19;18;9500;0;128.0;7;0;0.0;8;0;0.0
0;36;39;9254;1;95.0;6;6;11.0;6;3;11.333333333333334
0;21;1;9500;1;116.0;8;7;13.957142857142856;8;7;13.957142857142856
0;22;1;9238;0;136.7;6;4;12.5;6;3;13.666666666666666
0;42;39;9238;1;107.5;6;6;13.333333333333334;6;6;15.285714285714286
0;34;39;9119;0;108.4;5;0;0.0;5;0;0.0
0;20;17;9773;0;130.7;6;6;11.666666666666666;6;5;11.6
0;33;44;8014;0;155.9;6;6;15.714285714285714;6;6;15.5
0;20;1;9254;0;106.1;6;5;11.0;6;5;11.4
0;19;1;9670;0;128.6;5;4;12.25;5;4;12.75
0;34;43;9991;0;140.0;10;5;12.2;9;8;12.22222222222222
0;18;1;9147;0;145.0;5;5;13.0;5;5;14.0
0;24;17;8014;1;113.0;6;4;12.0;6;6;13.0
0;18;1;9853;0;137.1;6;6;13.333333333333334;6;6;12.333333333333334
0;20;1;9670;0;119.7;5;3;13.0;5;3;13.0
0;21;17;9500;0;120.5;8;7;12.91;8;7;12.91
0;19;1;9238;1;125.7;6;6;11.0;6;3;11.0
0;19;17;9500;1;125.5;7;6;13.579999999999998;8;8;12.93625
0;18;1;9238;1;124.5;6;4;12.4;6;6;12.5
0;38;39;8014;1;126.0;9;8;12.88888888888889;7;7;13.0
1;21;1;171;0;136.2;12;11;11.545454545454543;11;9;11.7
1;23;43;9147;0;124.2;5;1;10.0;5;0;0.0
0;19;17;9500;0;138.5;8;8;14.34125;8;8;14.34125
0;18;1;9773;0;122.3;6;6;14.142857142857142;6;5;12.0
0;18;1;171;1;126.0;0;0;0.0;0;0;0.0
0;24;39;9003;0;135.4;6;5;11.8;6;4;11.25
0;18;1;9773;1;146.5;6;6;13.333333333333334;6;6;14.166666666666666
0;18;1;9130;0;121.9;6;6;14.5;6;6;12.857142857142858
0;26;7;9991;0;130.0;10;8;12.666666666666666;10;10;13.4
0;19;1;9147;0;115.2;5;1;10.0;5;2;10.0
0;19;18;9670;1;115.2;6;0;0.0;6;0;0.0
0;19;1;9254;0;125.1;6;4;11.0;6;4;12.5
0;20;1;9130;0;108.0;5;2;12.0;5;4;11.0
0;22;1;9254;0;125.9;6;4;10.0;6;2;13.5
0;19;1;9500;0;128.0;7;7;14.20857142857143;8;8;15.127777777777778
0;20;1;9500;0;113.5;7;7;14.30714285714286;8;8;15.0125
0;36;39;9147;0;124.6;5;3;11.0;5;4;13.375
0;29;39;9853;0;116.0;7;0;0.0;6;0;0.0
0;19;17;9238;0;124.9;6;6;12.0;6;4;11.0
0;24;39;9147;0;140.5;5;0;0.0;5;0;0.0
0;27;39;9003;0;179.6;6;0;0.0;6;0;0.0
0;18;17;9773;1;116.1;6;6;13.857142857142858;6;6;14.285714285714286
0;18;17;171;1;139.4;0;0;0.0;0;0;0.0
0;21;17;9556;0;129.0;7;0;0.0;7;0;0.0
0;43;39;9670;1;135.6;6;5;11.0;6;5;13.0
0;18;43;9147;1;147.8;5;5;13.2;5;5;14.4
0;21;18;9085;1;138.0;6;6;13.5;6;3;15.333333333333334
0;26;7;9147;0;150.0;5;0;0.0;5;0;0.0
0;19;1;9500;1;130.8;8;7;14.214285714285714;8;7;14.214285714285714
0;18;1;9085;0;122.6;5;5;13.0;5;5;12.4
0;22;1;9773;0;119.1;6;2;12.0;6;1;10.0
0;27;39;9500;0;111.8;7;0;0.0;8;0;0.0
0;18;1;9147;0;125.0;5;5;12.8;5;5;12.6
0;19;17;9085;0;129.9;5;4;13.6;5;4;12.2
0;18;17;9500;0;131.1;7;7;13.971428571428572;8;8;15.75
0;19;1;9085;1;141.4;6;6;15.0;6;6;14.857142857142858
0;32;39;9085;0;120.0;6;0;0.0;6;0;0.0
0;23;42;9500;0;133.4;26;26;15.07777777777778;17;17;15.023529411764704
0;20;17;9500;0;127.3;7;6;13.383333333333333;7;6;13.383333333333333
0;20;1;171;0;131.8;12;12;13.25;11;10;13.090909090909092
0;19;17;9238;0;114.8;6;5;11.714285714285714;6;2;10.666666666666666
0;18;1;9500;1;132.8;8;8;13.01125;8;8;13.01125
0;21;44;9003;0;140.0;6;3;10.666666666666666;6;4;12.0
0;20;1;9500;1;108.3;7;0;0.0;7;0;0.0
0;22;44;9085;0;150.0;6;6;13.0;6;3;12.666666666666666
0;26;44;9991;0;160.0;5;5;12.0;5;5;11.4
0;20;1;9070;0;131.7;6;6;12.166666666666666;6;5;13.8
0;19;1;9500;0;112.6;7;6;11.85;8;7;13.65
0;31;39;9991;0;111.1;5;4;11.0;5;5;11.2
0;20;43;9500;1;127.5;7;7;12.327777777777778;8;8;11.736
0;20;43;9085;0;120.2;5;4;12.0;5;5;13.428571428571429
0;21;17;9500;0;118.9;7;7;14.428571428571429;8;8;14.511111111111113
0;18;1;9500;0;119.9;7;7;13.78;8;8;12.6125
0;19;17;9500;1;127.3;7;6;13.8;7;6;13.8
0;18;1;9853;1;127.9;7;7;14.857142857142858;7;7;15.142857142857142
0;40;39;9773;0;133.0;6;5;13.0;6;5;12.6
0;18;17;9238;1;114.6;6;6;12.142857142857142;6;6;13.333333333333334
0;18;1;9085;0;144.5;6;6;15.666666666666666;6;6;14.833333333333334
0;19;17;9500;0;125.4;7;5;12.5;8;7;12.166666666666666
0;19;17;9238;1;145.0;6;6;12.833333333333334;6;6;13.166666666666666
0;28;39;9003;0;138.1;6;0;0.0;6;0;0.0
0;20;17;9070;0;124.6;6;6;12.5;6;6;12.666666666666666
0;18;1;9773;0;130.8;6;4;11.25;6;5;13.0
0;18;1;9500;0;140.5;7;6;15.25;7;6;15.25
0;20;1;9085;1;124.1;5;5;14.0;5;3;12.0
0;28;43;9238;0;118.4;16;13;12.076923076923077;13;11;12.090909090909092
0;23;15;9853;0;128.2;16;16;14.625;10;9;14.88888888888889
0;19;1;9853;0;109.5;7;4;10.5;7;2;10.5
0;18;17;9238;1;131.1;6;6;12.833333333333334;6;6;12.166666666666666
0;20;1;9773;1;137.9;6;6;12.5;6;5;11.8
0;20;1;171;0;128.2;12;12;11.23076923076923;11;9;12.77777777777778
0;27;39;9991;0;126.5;5;2;10.5;5;0;0.0
0;18;1;9853;0;120.0;6;3;12.0;6;2;12.0
0;37;39;9556;1;123.0;7;7;10.985714285714286;8;8;12.3
0;42;7;9500;0;130.0;7;5;12.62;7;3;14.166666666666666
0;20;17;9500;0;141.1;7;6;13.0;8;8;14.2125
1;34;39;9119;0;140.0;5;0;0.0;5;0;0.0
1;22;42;9119;0;133.6;5;0;0.0;5;0;0.0
1;39;39;9254;0;123.5;6;6;13.5;6;6;13.333333333333334
1;18;1;9500;1;136.3;7;6;13.516666666666666;7;6;13.516666666666666
1;21;1;9070;1;123.5;6;6;13.166666666666666;6;6;13.285714285714286
1;34;39;9085;0;112.0;6;0;0.0;6;0;0.0
1;22;44;9003;1;160.0;6;6;13.125;6;6;13.0
1;31;39;9003;0;110.0;6;3;14.4;6;0;0.0
1;19;18;9853;0;116.8;6;4;12.0;6;0;0.0
1;19;17;9254;0;109.5;5;0;0.0;5;0;0.0
1;31;39;9556;0;100.0;7;0;0.0;7;0;0.0
0;19;5;9147;0;117.3;5;3;10.8;5;3;10.5
0;30;39;9670;0;130.0;6;0;0.0;6;0;0.0
0;20;51;9500;1;137.8;7;7;16.13142857142857;8;8;15.52222222222222
0;18;17;9500;1;136.5;7;7;14.838571428571427;8;8;14.8
0;31;39;9991;0;138.7;5;3;10.333333333333334;5;3;12.0
0;19;17;9254;0;124.9;6;3;12.0;6;4;11.25
0;43;39;8014;1;140.0;6;0;0.0;5;0;0.0
0;20;17;9254;1;122.6;6;6;13.166666666666666;6;6;14.0
0;19;1;9500;1;129.5;8;8;13.9475;8;8;13.9475
0;22;1;9670;0;155.0;5;3;11.333333333333334;5;0;0.0
0;26;1;8014;0;100.0;8;7;12.75;7;7;12.285714285714286
0;19;18;9147;1;137.6;5;5;12.6;5;5;11.25
0;29;7;9500;0;120.0;8;6;12.25;8;6;12.25
0;20;15;9556;0;114.0;7;0;0.0;7;2;11.666666666666666
0;38;1;9991;1;139.0;5;5;11.0;5;5;11.4
0;41;39;9003;0;110.0;12;12;11.833333333333334;12;9;12.7
0;19;1;9500;0;128.5;8;6;13.066666666666668;8;6;13.066666666666668
0;19;1;9070;0;132.2;6;6;13.833333333333334;6;6;13.875
0;43;7;9500;0;130.0;7;3;13.833333333333334;7;0;0.0
0;19;17;9130;0;129.3;5;5;11.8;5;5;13.2
1;19;1;171;1;128.2;12;12;13.333333333333334;11;10;12.818181818181818
1;18;1;9500;0;130.3;8;8;13.74625;8;8;13.74625
1;19;1;171;0;162.5;0;0;0.0;0;0;0.0
1;38;39;8014;0;130.0;6;0;0.0;6;0;0.0
1;37;7;9130;0;110.0;6;0;0.0;6;0;0.0
0;26;39;9670;1;142.3;6;6;13.333333333333334;6;5;14.5
0;21;17;9238;1;122.0;6;1;10.0;6;5;11.4
0;18;1;9085;1;153.6;6;6;15.666666666666666;6;6;15.285714285714286
0;18;1;9853;0;112.9;7;7;11.857142857142858;7;7;11.857142857142858
0;18;1;9085;0;124.1;5;5;14.5;5;5;13.6
0;19;17;9238;0;129.7;6;6;12.166666666666666;6;6;13.714285714285714
0;18;1;9773;0;110.0;6;5;12.6;6;6;12.0
0;18;17;9500;0;136.3;8;7;12.285714285714286;8;7;12.285714285714286
0;19;17;9238;1;146.0;6;6;12.666666666666666;6;6;13.0
0;19;1;9500;0;129.9;7;0;0.0;8;0;0.0
0;18;1;9254;1;140.9;6;6;12.857142857142858;6;4;13.0
0;18;1;9500;0;135.5;8;7;13.9;8;7;13.9
0;20;1;9500;1;122.0;8;7;13.817142857142857;8;7;13.817142857142857
0;22;53;9556;1;140.0;7;6;13.314285714285717;8;7;12.875
0;18;1;9130;0;163.0;6;0;0.0;6;0;0.0
0;19;17;9254;1;107.4;6;6;12.166666666666666;6;6;12.166666666666666
0;20;1;9254;1;114.3;6;4;11.25;6;3;11.333333333333334
0;19;43;9070;0;140.8;6;5;12.4;6;6;12.75
0;20;1;9773;1;126.3;6;6;14.666666666666666;6;6;14.571428571428571
0;28;39;9085;0;110.0;6;4;12.0;6;4;12.0
0;19;1;9085;0;126.2;6;6;14.0;6;3;12.666666666666666
0;22;42;9003;0;140.0;6;6;12.571428571428571;6;4;13.666666666666666
0;19;1;9085;0;123.0;6;6;15.538461538461538;6;6;12.625
0;18;1;9773;0;157.0;6;0;0.0;6;0;0.0
0;18;5;9130;0;149.7;6;6;15.0;6;6;14.833333333333334
0;22;43;9130;0;140.0;5;4;12.25;5;5;13.285714285714286
0;20;53;9085;0;170.0;11;11;15.692307692307692;9;9;15.555555555555555
0;24;39;9991;1;130.2;5;5;12.285714285714286;5;5;12.75
0;22;17;171;0;135.5;17;12;11.833333333333334;17;11;11.25
0;20;43;8014;0;118.3;6;6;12.166666666666666;6;5;14.0
0;20;1;9556;1;116.3;7;7;11.88888888888889;8;8;11.95625
0;35;7;8014;0;120.0;6;0;0.0;6;0;0.0
0;18;1;9670;1;154.7;5;5;11.8;5;5;12.6
0;19;17;9238;0;132.7;6;6;11.166666666666666;6;6;11.666666666666666
0;18;18;9500;0;130.8;7;7;14.05714285714286;8;8;14.6
0;18;1;9254;0;122.7;6;4;11.75;6;4;10.0
0;31;39;9238;0;130.0;6;6;13.166666666666666;6;6;13.0
0;19;17;9238;1;123.6;6;6;13.5;6;6;14.0
0;20;18;9500;1;116.5;7;7;12.625;8;8;13.0625
0;21;17;9085;0;111.1;6;0;0.0;6;0;0.0
0;18;1;9500;1;136.3;8;7;13.971428571428572;8;7;13.971428571428572
0;18;1;9070;0;129.8;6;2;11.0;6;0;0.0
0;33;39;9991;0;134.7;5;5;12.8;5;5;15.333333333333334
0;18;1;9670;1;131.8;6;6;13.571428571428571;6;5;12.8
0;18;1;171;1;126.8;0;0;0.0;0;0;0.0
0;21;1;9085;0;130.7;5;2;11.5;5;4;11.0
0;19;17;9254;0;109.8;6;4;11.25;6;4;12.0
0;28;7;9991;0;133.9;5;5;13.714285714285714;5;5;13.142857142857142
0;29;39;9147;0;109.9;4;0;0.0;5;0;0.0
0;36;44;9130;0;160.0;6;6;12.0;6;3;14.666666666666666
0;32;39;8014;1;106.5;6;6;12.666666666666666;6;6;13.333333333333334
0;25;39;9500;1;120.0;8;7;13.29;8;7;13.29
0;33;43;9991;0;107.8;10;8;10.375;10;9;10.444444444444445
0;34;43;8014;0;100.0;7;3;12.0;7;1;13.0
0;33;39;8014;0;112.5;6;5;11.4;6;6;11.166666666666666
0;29;43;9991;0;135.5;5;2;13.25;5;3;12.6
0;18;1;9500;0;145.0;7;6;13.861666666666666;8;0;0.0
0;18;1;9773;1;119.0;6;6;12.166666666666666;6;6;12.142857142857142
0;38;7;9238;0;130.0;6;4;13.75;6;6;14.5
0;19;1;9500;1;126.3;7;6;15.433333333333332;7;6;15.433333333333332
0;39;39;8014;1;113.5;6;6;13.833333333333334;6;6;15.5
0;37;43;9991;0;120.0;14;12;11.833333333333334;12;11;11.363636363636363
0;32;17;9556;0;111.3;7;0;0.0;8;0;0.0
0;18;18;9238;0;130.2;1;0;0.0;6;0;0.0
0;20;43;9556;0;140.2;7;7;12.333333333333334;8;8;12.625
0;20;1;9070;0;113.9;6;6;11.166666666666666;6;6;12.166666666666666
0;23;17;9085;1;99.0;6;6;14.666666666666666;6;6;12.428571428571429
0;19;1;9147;0;124.0;5;5;11.2;5;4;11.75
0;18;1;9238;0;138.9;6;6;13.714285714285714;6;6;14.166666666666666
1;19;1;9147;0;130.0;5;5;12.8;5;5;11.444444444444445
0;20;17;9773;0;120.8;6;4;13.25;6;5;11.8
0;19;1;9500;0;127.8;8;6;13.78;8;6;13.78
0;19;17;9500;0;126.0;8;7;15.11;8;7;15.11
0;18;1;9238;0;126.0;6;4;11.0;6;5;11.2
0;20;1;9500;1;138.5;8;7;15.798571428571426;8;7;15.798571428571426
0;20;1;9500;0;119.4;7;7;13.775714285714288;8;8;15.599999999999998
0;24;39;9500;0;101.5;8;7;12.16;8;7;12.16
0;24;39;9556;0;101.5;7;0;0.0;7;0;0.0
0;20;17;9773;0;126.2;6;6;14.333333333333334;6;6;15.5
0;20;1;9070;0;129.8;6;6;11.833333333333334;6;3;13.333333333333334
0;18;1;9085;0;138.4;6;6;14.833333333333334;6;6;12.5
0;18;1;9500;0;129.3;8;7;14.2;8;7;14.2
0;21;1;9085;0;113.1;5;5;12.2;5;5;13.2
0;18;17;9853;0;144.3;6;4;13.0;6;5;13.666666666666666
0;19;17;9500;1;141.0;8;7;12.485714285714286;8;7;12.485714285714286
0;22;7;9085;0;130.0;6;6;17.0;6;6;16.285714285714285
0;19;17;9238;0;117.5;6;5;10.8;6;6;10.166666666666666
0;18;1;9500;0;131.8;7;6;14.716666666666669;7;6;14.716666666666669
0;19;1;9085;1;133.7;5;2;13.5;5;5;11.4
0;24;43;9500;1;115.4;8;7;11.971428571428572;8;7;11.971428571428572
0;19;1;9085;0;129.1;5;3;12.0;5;4;13.5
0;34;1;8014;0;135.5;6;6;12.333333333333334;6;6;11.666666666666666
0;19;17;9085;0;112.4;12;6;15.307692307692308;10;6;13.875
0;18;1;9500;1;130.8;7;6;12.666666666666666;7;6;12.666666666666666
0;19;1;9500;1;131.6;7;7;14.368;8;8;14.44875
0;25;39;9500;0;140.8;8;7;12.084285714285716;8;7;12.084285714285716
0;21;44;9085;0;140.0;12;8;12.25;12;8;12.2
0;18;1;9254;0;114.2;6;5;12.2;6;5;11.6
0;18;1;9238;1;127.3;6;4;11.0;6;6;11.5
0;28;1;8014;0;115.0;6;5;12.8;6;5;11.0
0;18;43;9500;1;118.8;8;7;11.857142857142858;8;7;11.857142857142858
0;41;39;9254;0;125.0;6;6;12.285714285714286;6;5;13.0
0;18;17;9853;0;111.5;6;3;12.333333333333334;6;4;13.5
0;21;17;9238;1;124.2;6;4;11.25;6;4;11.4
0;41;7;9238;0;130.0;6;0;0.0;6;0;0.0
0;32;7;9070;0;120.0;3;2;16.0;3;1;16.0
0;29;43;8014;0;110.0;6;6;11.666666666666666;6;6;11.0
0;24;39;9556;0;113.3;7;5;12.4;8;7;12.15
0;22;43;9556;0;123.5;7;6;10.744444444444444;8;8;11.8375
0;21;1;9238;0;101.0;6;0;0.0;6;0;0.0
0;39;39;9500;0;120.9;7;4;12.0;7;4;12.5625
0;44;39;9085;1;154.6;6;4;12.75;6;2;10.0
0;20;1;9147;0;120.2;5;2;10.0;5;2;11.0
0;21;43;9500;0;146.5;14;12;13.417391304347827;14;12;13.417391304347827
0;18;1;9773;0;160.1;6;6;15.166666666666666;6;6;14.857142857142858
0;34;39;9003;0;150.0;6;5;13.833333333333334;6;5;12.5
0;18;1;9085;0;135.8;5;5;13.333333333333334;5;4;14.8
0;19;1;171;0;143.8;0;0;0.0;0;0;0.0
0;18;1;9853;0;116.8;6;3;11.666666666666666;6;3;10.666666666666666
0;19;1;9085;0;113.9;6;5;15.0;6;6;13.428571428571429
0;18;1;9500;1;118.0;8;7;13.242857142857144;8;7;13.242857142857144
0;19;1;9130;0;150.2;5;1;13.0;5;2;12.5
0;19;1;9500;1;115.1;7;6;13.075;8;7;12.05
0;18;1;9670;1;131.3;6;6;13.5;6;6;13.666666666666666
0;23;44;9991;1;120.0;6;5;11.8;6;6;12.333333333333334
0;18;17;9254;0;110.3;6;5;12.6;6;5;11.8
0;33;43;9853;0;100.0;6;6;12.166666666666666;6;3;11.0
0;19;17;9238;0;110.7;6;6;12.166666666666666;6;6;11.0
0;21;43;171;0;143.4;0;0;0.0;0;0;0.0
0;18;1;9500;0;115.9;7;7;13.557142857142855;8;8;13.2
0;21;18;9991;1;145.0;5;4;12.25;5;4;11.8
0;19;17;9070;0;140.9;6;6;14.333333333333334;6;6;13.5
0;20;1;9773;0;108.4;6;4;10.5;6;4;11.75
0;20;1;9773;0;114.3;4;0;0.0;4;0;0.0
0;20;18;9853;0;110.0;6;4;12.75;6;3;11.333333333333334
0;18;1;9238;1;121.7;6;0;0.0;6;4;11.0
0;18;43;9147;0;123.7;5;1;14.0;5;1;14.0
0;20;1;9500;1;116.5;7;7;14.093333333333332;8;8;15.0
0;21;1;9238;1;155.0;6;6;13.333333333333334;6;6;13.166666666666666
0;19;43;9500;0;129.3;8;7;12.071428571428571;8;7;12.071428571428571
0;18;1;9254;1;121.7;6;6;12.666666666666666;6;6;12.5
0;27;39;9085;0;148.2;6;6;12.125;6;5;12.0
0;21;1;9500;1;125.5;7;7;13.2;8;7;13.2575
0;18;17;9500;1;131.9;7;7;14.15;8;8;14.51125
0;18;17;9853;0;121.8;6;4;13.5;6;3;10.666666666666666
0;28;43;9853;0;107.7;6;0;0.0;5;0;0.0
0;36;39;9556;0;115.5;7;5;12.2;7;3;11.4
0;20;1;9085;0;139.8;5;5;14.8;5;5;14.0
0;19;1;9238;0;133.2;6;5;11.0;6;5;11.4
0;20;1;9991;0;118.4;5;0;0.0;5;0;0.0
0;19;17;9085;0;123.3;5;3;14.0;5;4;11.75
0;28;39;8014;0;134.5;6;5;11.833333333333334;6;6;13.0
0;20;1;9670;0;110.6;5;4;11.75;5;5;11.8
0;28;42;9254;0;154.0;14;12;12.333333333333334;12;8;12.0
0;24;43;9991;0;160.0;10;3;11.666666666666666;10;6;11.833333333333334
0;20;44;9085;0;140.0;6;6;12.666666666666666;6;4;11.5
0;22;17;9853;0;132.5;6;4;12.25;6;5;11.6
0;18;17;9254;1;127.7;6;6;11.285714285714286;6;4;13.5
0;22;1;9147;0;117.5;5;2;11.5;5;0;0.0
0;18;1;9254;1;127.0;6;6;11.666666666666666;6;4;12.25
0;21;1;9500;1;125.5;8;7;13.514285714285714;8;7;13.514285714285714
0;19;17;9773;0;140.5;6;6;13.0;6;6;13.714285714285714
0;22;5;9853;0;118.3;6;3;15.0;6;4;10.25
0;20;1;9500;1;120.8;8;7;12.744285714285716;8;7;12.744285714285716
0;20;1;9147;0;95.0;5;4;11.75;5;5;11.8
0;19;17;8014;0;122.2;6;6;12.166666666666666;6;6;11.666666666666666
0;20;17;171;0;143.9;0;0;0.0;0;0;0.0
0;20;1;9070;1;127.2;6;5;13.4;6;6;12.375
0;20;1;9238;0;120.2;6;5;11.8;6;4;11.5
0;19;1;9500;0;134.8;7;6;13.533333333333331;7;6;13.533333333333331
0;18;1;9254;1;142.6;6;6;14.166666666666666;6;4;14.0
0;18;1;9500;1;147.9;7;7;14.652857142857142;8;8;14.755555555555556
0;19;1;171;0;160.4;0;0;0.0;0;0;0.0
1;20;1;9147;0;134.6;5;5;13.6;5;5;13.0
0;22;1;9254;1;121.0;6;6;12.833333333333334;6;4;13.25
0;18;1;9238;1;142.7;6;6;14.666666666666666;6;6;15.166666666666666
0;19;17;9773;0;115.6;6;6;13.333333333333334;6;6;14.666666666666666
0;20;1;9238;1;130.0;6;5;13.4;6;5;11.4
0;19;1;9500;1;124.3;7;7;13.3125;8;8;15.6375
0;18;1;171;0;137.9;0;0;0.0;0;0;0.0
0;20;1;9773;0;100.0;4;0;0.0;5;0;0.0
0;19;1;9773;1;128.2;6;6;12.333333333333334;6;6;13.5
0;18;17;9773;0;135.0;6;6;13.5;6;6;13.333333333333334
0;18;16;9238;0;121.0;6;5;13.0;6;6;11.833333333333334
0;22;1;9670;0;147.0;5;2;12.5;5;0;0.0
0;18;1;9238;0;149.5;6;6;17.0;6;6;16.0
0;20;1;9238;0;144.4;6;6;13.5;6;6;13.0
0;19;17;9254;0;116.0;6;6;12.714285714285714;6;6;11.833333333333334
0;19;43;9500;1;120.7;7;6;13.0;8;8;13.927272727272726
0;21;44;9238;0;141.8;6;6;12.571428571428571;6;6;13.5
0;19;17;8014;1;119.7;6;4;11.5;6;6;11.5
0;19;1;9238;1;118.4;6;6;13.5;6;6;13.285714285714286
0;45;39;8014;0;134.5;6;5;13.6;6;5;13.0
0;28;39;9085;1;128.2;5;1;12.0;5;0;0.0
0;28;43;9500;0;115.0;7;7;14.95;8;8;14.7375
0;25;39;9991;0;130.0;5;4;11.25;5;4;12.0
0;19;43;9670;0;120.7;6;3;10.666666666666666;6;4;12.25
0;19;1;9500;0;130.5;8;7;14.992857142857142;8;7;14.992857142857142
1;20;1;9147;0;107.4;5;3;10.5;5;4;11.25
1;22;1;9238;0;100.0;6;4;11.25;6;3;11.0
1;20;43;9773;1;125.0;6;6;12.333333333333334;6;6;14.0
1;20;1;9500;0;121.5;7;6;13.016666666666666;7;6;13.016666666666666
1;20;1;9085;0;127.2;5;3;11.333333333333334;5;2;11.5
0;27;39;9085;0;160.0;6;6;16.142857142857142;6;6;14.666666666666666
0;22;51;9085;0;120.0;6;6;14.833333333333334;6;5;13.833333333333334
0;19;1;9500;0;141.5;8;7;13.327142857142857;8;7;13.327142857142857
0;19;17;9238;0;111.4;6;4;11.0;6;2;11.5
0;18;1;9070;0;136.6;6;6;11.714285714285714;6;6;10.375
0;19;1;171;0;154.6;12;12;12.333333333333334;11;10;12.727272727272728
0;20;18;9853;0;111.4;7;0;0.0;6;0;0.0
0;39;43;9991;0;120.1;15;12;11.916666666666666;13;8;11.25
0;37;39;8014;0;100.0;6;6;11.833333333333334;6;6;11.0
0;30;39;9500;0;140.0;7;3;12.333333333333334;7;3;11.666666666666666
0;41;43;9991;0;130.0;10;10;14.3;10;10;14.2
0;40;39;9500;0;100.0;8;5;11.832;8;5;11.832
0;20;1;9147;0;106.1;5;2;10.0;5;0;0.0
0;28;1;9991;0;151.4;5;5;12.0;5;5;11.6
0;19;18;9853;0;113.7;7;5;12.2;7;0;0.0
0;23;1;9670;0;116.5;5;3;11.333333333333334;5;4;11.25
0;18;7;8014;0;120.0;16;13;13.846153846153848;11;9;12.555555555555555
0;24;39;9500;0;122.0;8;7;12.412857142857144;8;7;12.412857142857144
0;21;17;9670;0;117.1;5;3;12.666666666666666;5;4;12.75
0;19;1;9500;0;120.8;8;7;12.545714285714286;8;7;12.545714285714286
0;19;1;9773;0;141.4;6;3;13.0;6;2;14.0
0;48;39;9003;0;110.0;6;0;0.0;6;0;0.0
0;38;43;9991;0;120.0;12;9;12.22222222222222;12;9;13.0
0;19;17;9147;0;120.2;5;5;13.285714285714286;5;5;13.0
1;30;39;9991;0;138.4;5;3;11.666666666666666;5;1;11.0
1;24;44;9003;1;150.0;6;6;13.555555555555555;6;6;12.666666666666666
1;19;17;9773;0;121.8;6;6;13.166666666666666;6;6;12.428571428571429
1;21;44;171;0;140.0;0;0;0.0;0;0;0.0
1;21;1;9254;1;116.3;6;6;11.666666666666666;6;5;12.2
1;19;1;9991;0;131.5;5;4;11.0;5;4;12.25
1;18;17;9070;0;141.0;6;6;13.0;6;1;10.0
1;18;17;9070;1;138.0;6;6;13.666666666666666;6;6;12.0
1;19;17;9119;0;127.5;5;5;14.6;5;5;15.2
1;19;1;9500;1;127.0;8;7;12.514285714285714;8;7;12.514285714285714
1;18;17;9085;0;118.9;5;3;14.0;5;3;12.666666666666666
1;25;1;9254;0;134.5;6;6;13.166666666666666;6;5;12.6
1;18;17;9119;0;133.0;5;4;13.0;5;3;12.333333333333334
1;29;39;9147;0;114.0;5;1;13.0;5;0;0.0
1;21;17;9119;0;116.7;5;1;10.0;5;3;13.666666666666666
1;18;1;9773;1;125.1;6;6;14.333333333333334;6;6;15.333333333333334
1;20;17;9254;1;137.2;6;0;0.0;6;0;0.0
1;27;39;9991;0;111.4;5;1;11.0;5;0;0.0
1;21;1;9085;0;105.0;6;3;11.25;6;0;0.0
1;20;18;9147;0;124.3;5;4;10.75;5;3;10.571428571428571
1;28;39;9147;0;132.0;5;1;11.0;5;0;0.0
1;24;39;9556;1;110.0;7;6;10.857142857142858;7;7;11.857142857142858
1;22;1;9147;0;134.7;5;4;11.75;5;3;11.0
1;20;1;9085;0;136.8;5;5;12.8;5;4;13.666666666666666
1;21;44;9085;0;160.0;5;3;12.333333333333334;5;5;11.4
1;23;44;9003;0;130.0;6;2;11.333333333333334;6;2;13.0
1;18;1;9238;0;128.8;6;5;11.6;6;6;11.166666666666666
1;20;1;171;1;148.4;14;12;10.923076923076923;13;11;12.181818181818182
1;19;1;171;0;130.4;0;0;0.0;0;0;0.0
1;32;39;9500;0;126.0;7;7;13.62857142857143;8;8;13.9125
1;20;1;9254;0;118.7;6;3;10.333333333333334;6;1;11.0
1;32;39;9003;0;120.0;18;18;13.736842105263158;13;12;13.75
1;28;39;9003;0;120.0;13;8;11.625;10;6;11.0
1;21;44;9070;1;116.3;7;4;11.5;9;7;12.142857142857142
1;19;1;9773;1;133.9;6;5;14.0;6;6;13.0
1;24;39;9991;0;150.3;5;3;11.333333333333334;5;0;0.0
1;18;17;9147;0;118.3;5;1;10.0;5;1;10.0
1;20;44;9003;0;130.0;6;5;11.714285714285714;6;5;12.0
1;25;43;171;0;140.0;0;0;0.0;0;0;0.0
1;25;17;9147;0;110.4;15;13;10.76923076923077;14;12;11.833333333333334
1;18;17;9773;0;139.7;6;5;11.6;6;6;12.0
1;19;1;9147;0;138.3;5;4;13.75;5;0;0.0
1;18;1;9147;0;123.2;5;4;11.0;5;5;10.5
1;25;42;9147;0;120.0;5;0;0.0;5;0;0.0
1;38;39;171;0;127.0;0;0;0.0;0;0;0.0
1;19;44;171;0;114.2;0;0;0.0;0;0;0.0
1;19;1;9773;0;119.7;6;6;12.333333333333334;6;5;13.2
1;22;44;9085;1;150.0;6;6;13.428571428571429;6;6;13.625
1;18;1;9119;0;123.5;5;0;0.0;5;1;10.0
1;32;7;9991;0;130.0;5;4;14.75;5;2;15.0
1;37;43;9853;0;124.6;21;21;12.476190476190476;19;19;12.210526315789474
1;21;17;9119;0;119.4;5;0;0.0;5;0;0.0
1;18;1;9254;0;121.9;6;3;11.666666666666666;6;2;12.5
1;19;1;9070;0;110.0;6;6;12.0;6;6;13.571428571428571
1;19;17;9670;1;118.7;6;6;12.0;6;6;14.0
0;19;1;171;0;163.1;12;12;15.25;11;11;15.0
1;19;17;9773;1;121.7;6;5;12.4;6;6;13.166666666666666
1;21;15;9147;0;135.0;5;3;12.333333333333334;5;4;11.25
0;28;39;9991;0;147.9;5;4;11.5;5;4;12.0
0;19;1;9773;0;118.1;6;5;12.2;6;4;11.75
0;28;39;9991;0;105.3;5;2;10.5;5;0;0.0
0;19;1;9500;1;139.8;8;7;14.4;8;7;14.4
0;32;7;8014;0;130.0;14;13;12.846153846153848;11;10;12.8
0;26;39;8014;0;127.5;6;4;12.0;6;5;13.2
0;25;39;9147;0;120.0;5;0;0.0;5;0;0.0
0;31;43;9853;0;124.2;7;6;13.666666666666666;6;5;13.5
0;20;17;9238;1;113.4;6;5;11.857142857142858;6;6;11.666666666666666
0;19;1;9238;0;118.0;6;0;0.0;6;0;0.0
0;23;17;171;0;130.0;0;0;0.0;0;0;0.0
0;18;1;9238;0;135.9;6;5;13.2;6;6;11.333333333333334
0;19;1;9238;1;135.8;6;6;12.714285714285714;6;5;11.0
0;18;1;9254;0;133.1;6;6;12.5;6;6;12.666666666666666
0;21;1;9147;0;118.8;5;3;10.666666666666666;5;2;12.5
0;20;1;9773;0;117.1;6;1;17.0;6;1;17.0
0;24;1;9085;0;114.5;5;5;13.0;5;4;13.25
0;18;1;9670;1;127.2;5;3;12.666666666666666;5;4;12.5
0;25;42;9500;0;130.0;14;12;13.291666666666666;14;12;13.291666666666666
0;20;17;9085;0;116.1;5;3;11.666666666666666;5;4;11.5
0;18;17;9500;0;130.5;8;7;14.24;8;7;14.24
0;24;39;9670;0;104.0;5;3;13.0;5;3;11.333333333333334
0;18;17;9500;0;128.5;7;5;14.06;7;6;12.571428571428571
0;21;17;9238;0;126.0;6;5;11.833333333333334;6;5;13.2
0;18;1;9773;0;141.1;6;6;12.833333333333334;6;6;13.333333333333334
0;20;17;9254;0;102.8;6;1;10.0;6;0;0.0
0;19;17;9147;0;129.2;5;2;11.0;5;2;10.0
0;20;1;9500;0;119.3;7;7;14.105714285714289;8;8;13.6625
0;20;1;9500;0;126.3;8;7;12.471428571428572;8;7;12.471428571428572
0;20;44;9085;1;140.0;6;6;11.833333333333334;6;5;11.857142857142858
0;20;1;9070;0;131.5;6;6;12.5;6;6;12.833333333333334
0;18;1;9853;0;137.6;6;6;11.666666666666666;6;6;12.333333333333334
0;18;1;171;0;142.8;0;0;0.0;0;0;0.0
0;30;39;9991;0;146.2;5;3;10.333333333333334;5;4;12.8
0;18;1;9085;0;162.1;5;5;16.166666666666668;5;5;14.285714285714286
0;35;39;9085;0;140.0;6;3;12.666666666666666;6;0;0.0
0;31;39;8014;0;120.0;6;2;10.5;6;3;12.333333333333334
0;19;43;9254;0;133.3;6;2;11.5;6;1;11.0
0;19;1;9238;0;124.8;6;6;13.0;6;5;13.4
0;19;17;9500;0;133.3;7;6;11.966666666666669;7;6;11.966666666666669
0;19;17;9500;0;141.8;8;8;13.3475;8;8;13.3475
0;21;1;9085;0;128.2;5;5;12.0;5;4;12.5
0;18;17;9853;0;115.0;6;2;10.5;6;0;0.0
0;18;17;9238;0;123.6;6;4;11.5;6;4;10.75
1;19;1;171;0;120.2;0;0;0.0;0;0;0.0
1;18;1;9670;0;127.0;6;6;13.571428571428571;6;4;14.0
1;18;17;9085;0;120.4;6;6;14.7;6;6;12.0
1;25;39;9991;0;120.0;5;0;0.0;5;0;0.0
1;18;1;9500;0;120.0;7;6;11.833333333333334;7;6;11.833333333333334
1;19;1;171;0;133.9;0;0;0.0;0;0;0.0
1;18;1;9500;0;113.5;7;7;13.175714285714289;8;8;14.925
1;24;39;9003;0;126.1;6;0;0.0;6;0;0.0
0;19;1;9238;0;121.2;6;2;13.0;6;6;10.833333333333334
0;29;7;9500;0;150.0;8;7;13.742857142857144;8;7;13.742857142857144
0;27;43;9991;0;100.0;5;0;0.0;5;0;0.0
0;18;17;9500;0;127.3;7;7;12.217142857142855;8;7;12.11875
0;28;43;9991;0;103.8;15;14;11.071428571428571;14;12;11.333333333333334
0;32;39;9853;1;131.0;7;7;13.428571428571429;8;8;13.25
0;30;39;9991;0;133.9;5;5;11.4;5;5;13.666666666666666
0;29;7;9500;0;140.0;8;4;11.325;8;4;11.325
0;20;1;9238;0;121.4;6;0;0.0;5;0;0.0
0;19;1;9500;0;122.0;8;7;15.0;8;7;15.0
0;29;39;8014;0;150.5;6;6;13.166666666666666;6;6;15.625
0;27;1;9238;0;139.4;6;2;11.0;6;4;10.5
0;19;1;9238;0;112.6;6;0;0.0;6;0;0.0
0;21;17;9670;1;115.2;5;3;12.333333333333334;5;2;12.5
0;29;1;9991;0;131.8;5;4;12.25;5;5;10.166666666666666
0;42;43;9147;0;122.8;13;13;11.923076923076923;12;12;12.5
0;18;1;9238;1;156.2;6;6;14.333333333333334;6;6;14.142857142857142
0;24;39;9085;0;132.0;5;5;12.0;5;5;13.0
0;32;7;9500;0;130.0;7;7;13.761111111111113;8;7;12.06375
0;18;1;9147;0;138.4;5;4;11.25;5;5;11.0
0;27;39;9991;0;146.2;5;3;12.333333333333334;5;3;10.666666666666666
0;18;1;9500;0;166.0;8;8;14.88875;8;8;14.88875
0;19;17;9773;1;133.1;6;6;12.166666666666666;6;5;12.4
0;18;1;9773;1;121.9;6;6;12.666666666666666;6;6;13.333333333333334
0;21;5;9853;0;110.4;6;5;12.6;6;3;11.666666666666666
0;26;39;9147;1;121.4;5;4;13.0;5;4;12.25
0;22;1;9254;1;137.0;6;6;13.875;6;6;14.333333333333334
1;37;39;9991;0;140.0;5;4;10.75;5;3;13.333333333333334
1;24;7;9085;0;140.0;5;3;14.666666666666666;5;0;0.0
1;18;18;9853;0;126.8;6;5;12.6;6;6;13.0
1;19;17;9500;1;124.8;7;6;12.4125;8;7;11.2625
1;28;39;9130;0;120.0;6;1;11.0;6;2;10.5
1;18;1;9500;1;133.0;8;7;14.314285714285717;8;7;14.314285714285717
1;20;1;9070;0;127.5;6;4;12.0;6;2;11.333333333333334
1;18;1;9773;0;131.7;6;6;12.833333333333334;6;6;13.285714285714286
1;47;39;9773;0;133.0;6;5;11.4;6;6;11.666666666666666
1;38;43;9991;0;122.7;5;5;14.6;5;5;14.333333333333334
1;20;1;9070;1;121.2;6;6;13.5;6;5;12.5
1;21;44;9130;0;150.0;6;6;12.5;6;3;13.333333333333334
1;19;43;9070;1;133.4;6;4;13.0;6;5;12.2
1;25;43;33;0;121.2;10;5;11.6;8;2;13.0
0;18;1;9130;0;129.3;5;5;11.8;5;5;11.6
0;46;39;9500;0;117.8;7;3;12.333333333333334;7;3;11.083333333333334
0;23;43;9500;0;131.3;14;12;12.625;14;12;12.625
0;20;1;9070;1;133.8;6;6;13.833333333333334;6;6;13.5
1;20;44;9070;0;120.0;7;6;12.5;9;7;13.142857142857142
1;19;1;9773;0;122.2;6;5;13.6;6;5;12.666666666666666
0;18;1;9773;0;119.0;6;6;12.0;6;2;11.0
0;30;1;9500;1;149.5;7;7;14.9125;8;1;13.5
0;20;1;9147;1;153.8;5;5;13.8;5;5;12.0
0;22;10;9773;0;152.0;6;6;11.666666666666666;6;6;13.0
